model,text,text_hash,predicted_label,predicted_score,all_labels,all_scores,status
facebook_bart,FRACTURE OF THE LOWER EPIPHYSIS OF THE HUM,9a1850cd03cac96f2371e0130a2bf46a,low severity,0.7706000208854675,"['low severity', 'critical', 'medium severity', 'moderate severity', 'high severity']","[0.7706000208854675, 0.1144014447927475, 0.0499921478331089, 0.044959306716918945, 0.020047102123498917]",success
facebook_bart,UPPER MAXILLARY TRAUMA,68a4680e2c30cd74e3140794e0567a30,medium severity,0.4462927281856537,"['medium severity', 'high severity', 'moderate severity', 'critical', 'low severity']","[0.4462927281856537, 0.2827364206314087, 0.1811705231666565, 0.06281100958585739, 0.026989316567778587]",success
facebook_bart,ACROMEGALY AND PITUITARY GIGANTISM,dffcf81182ccb423603c976b9c06ff76,high severity,0.6981124877929688,"['high severity', 'critical', 'medium severity', 'low severity', 'moderate severity']","[0.6981124877929688, 0.18460503220558167, 0.06816492229700089, 0.02712852694094181, 0.0219890084117651]",success
facebook_bart,RIGHT HAND THUMB GRANULOMA,1d9467cc3bbbdadbba8d28e1a9b17216,critical,0.3048052191734314,"['critical', 'medium severity', 'moderate severity', 'high severity', 'low severity']","[0.3048052191734314, 0.2208765596151352, 0.19952857494354248, 0.14967161417007446, 0.12511804699897766]",success
facebook_bart,DIZZINESS,218366f74b38bb252c5b712aae4b65e1,high severity,0.5848667621612549,"['high severity', 'low severity', 'critical', 'medium severity', 'moderate severity']","[0.5848667621612549, 0.15539410710334778, 0.1429053694009781, 0.0830269306898117, 0.033806830644607544]",success
facebook_bart,FX RIGHT WRIST,8d5d430df7737f86e7437f1050598c8c,critical,0.3478805124759674,"['critical', 'medium severity', 'moderate severity', 'high severity', 'low severity']","[0.3478805124759674, 0.20554424822330475, 0.1899695247411728, 0.14756806194782257, 0.10903768986463547]",success
facebook_bart,CONGENITAL MALFORMATIONS OF FIXATION,6f827e43242a9c970d3ef285d7c8fbb4,critical,0.37908777594566345,"['critical', 'high severity', 'medium severity', 'moderate severity', 'low severity']","[0.37908777594566345, 0.29842087626457214, 0.16082622110843658, 0.10693085938692093, 0.05473430082201958]",success
facebook_bart,HYPERTROPHY OF THE TONSILS WITH HYPERTR,7ed2012b9e5fe59d5f8183fa5eb1f5bb,high severity,0.6868706941604614,"['high severity', 'critical', 'medium severity', 'low severity', 'moderate severity']","[0.6868706941604614, 0.19757507741451263, 0.05785661190748215, 0.03204580023884773, 0.025651810690760612]",success
facebook_bart,ADVICE AND GENERAL ADVICE ON THE,fc7883fe806e30d0d56759fa37bdc0ae,critical,0.49375268816947937,"['critical', 'medium severity', 'moderate severity', 'low severity', 'high severity']","[0.49375268816947937, 0.17778033018112183, 0.1434248834848404, 0.10341687500476837, 0.08162515610456467]",success
facebook_bart,TERMINAL RENL INSUFFICIENCY,1f8e0660113c1381b5ff4220a68230f5,high severity,0.4519733488559723,"['high severity', 'low severity', 'critical', 'medium severity', 'moderate severity']","[0.4519733488559723, 0.2930763363838196, 0.18754033744335175, 0.04029596969485283, 0.027114013209939003]",success
facebook_bart,HEMORRHOIDS,48530d9c37e20fba553528105a423d4e,high severity,0.8394185304641724,"['high severity', 'critical', 'moderate severity', 'medium severity', 'low severity']","[0.8394185304641724, 0.07610543072223663, 0.04607868567109108, 0.022710848599672318, 0.01568647474050522]",success
facebook_bart,HAMMER TOE EFORMITY,df5f7d586fa31a975fa62c7b232aecb3,high severity,0.915621817111969,"['high severity', 'critical', 'low severity', 'medium severity', 'moderate severity']","[0.915621817111969, 0.06080887094140053, 0.010091310366988182, 0.007810174021869898, 0.005667809396982193]",success
facebook_bart,ABDOMINAL PAIN.,982230e0026fcb08063a10698dfac2a9,high severity,0.4224926829338074,"['high severity', 'critical', 'medium severity', 'moderate severity', 'low severity']","[0.4224926829338074, 0.21576204895973206, 0.1764724850654602, 0.10670876502990723, 0.07856403291225433]",success
facebook_bart,RIGHT HIP DYSPLASIA,5f51f91bfc03c9ec179f872565906dc1,high severity,0.3926272690296173,"['high severity', 'critical', 'medium severity', 'low severity', 'moderate severity']","[0.3926272690296173, 0.19717153906822205, 0.15643581748008728, 0.13197383284568787, 0.12179151922464371]",success
facebook_bart,SEQUELUES ​​OF COMPLICATED PNEUMONIA,8350d3003f88c3a190d59247186d7293,high severity,0.3711116313934326,"['high severity', 'critical', 'medium severity', 'moderate severity', 'low severity']","[0.3711116313934326, 0.28146296739578247, 0.20311158895492554, 0.07532598823308945, 0.06898774951696396]",success
facebook_bart,GLAUCOMA,0c2a8b6a61f685c5bc77ae4216cd1f08,critical,0.24209456145763397,"['critical', 'high severity', 'medium severity', 'moderate severity', 'low severity']","[0.24209456145763397, 0.23552708327770233, 0.21599622070789337, 0.16232766211032867, 0.14405448734760284]",success
facebook_bart,NASOPHARYNX CANCER,3a401b5fe1e46e48c50e5f47da443a39,high severity,0.3788973093032837,"['high severity', 'critical', 'medium severity', 'moderate severity', 'low severity']","[0.3788973093032837, 0.33715495467185974, 0.15354382991790771, 0.06698738783597946, 0.06341646611690521]",success
facebook_bart,CONVULSIVE SYND,a631b5cedbfd75db4df25192616dab46,moderate severity,0.3467375934123993,"['moderate severity', 'high severity', 'low severity', 'medium severity', 'critical']","[0.3467375934123993, 0.29176488518714905, 0.17940320074558258, 0.10397429019212723, 0.07812001556158066]",success
facebook_bart,DONOR,1e7330d9ca51f6df7e2cce1c889cf3c8,low severity,0.32495492696762085,"['low severity', 'medium severity', 'moderate severity', 'critical', 'high severity']","[0.32495492696762085, 0.24859492480754852, 0.18467865884304047, 0.13894084095954895, 0.1028306782245636]",success
facebook_bart,KIDNEY FAILURE,13317148d231d5fb5812dbfdbddd7380,critical,0.3132227659225464,"['critical', 'high severity', 'medium severity', 'low severity', 'moderate severity']","[0.3132227659225464, 0.2999827563762665, 0.19432643055915833, 0.10185597836971283, 0.09061208367347717]",success
facebook_bart,LEFT ROTATOR Cuff INJURY,a5145eb20b46705137144eec61ee9984,high severity,0.36335453391075134,"['high severity', 'critical', 'medium severity', 'moderate severity', 'low severity']","[0.36335453391075134, 0.3154330551624298, 0.1703367382287979, 0.09409024566411972, 0.05678544566035271]",success
facebook_bart,ADENOIDECTOMY AND VENTILATORY TUBES,e950c6ef027f2311c267975a64c55d2a,critical,0.4151194393634796,"['critical', 'high severity', 'medium severity', 'moderate severity', 'low severity']","[0.4151194393634796, 0.1851297914981842, 0.1643514484167099, 0.13974691927433014, 0.09565238654613495]",success
facebook_bart,LEFT KNEE ACL INJURY,2dd200960705fffd67c1dbfb6a983d68,high severity,0.3774213194847107,"['high severity', 'critical', 'medium severity', 'moderate severity', 'low severity']","[0.3774213194847107, 0.2637275457382202, 0.17846331000328064, 0.107926145195961, 0.07246168702840805]",success
facebook_bart,CATARACT BOTH EYES,dce61448f9eef9604649455680ae232d,critical,0.4005473852157593,"['critical', 'high severity', 'medium severity', 'low severity', 'moderate severity']","[0.4005473852157593, 0.2683209180831909, 0.20575910806655884, 0.07250738143920898, 0.05286518856883049]",success
facebook_bart,VOCAL CORD INJURY,57ad599c943ca21c605947de9132637d,high severity,0.3413943946361542,"['high severity', 'critical', 'medium severity', 'moderate severity', 'low severity']","[0.3413943946361542, 0.30692368745803833, 0.18163341283798218, 0.09975427389144897, 0.07029415667057037]",success
facebook_bart,INTERSTITIAL CYSTITIS,b07011bb72029a17cad02e8acfdcfe57,high severity,0.5379682183265686,"['high severity', 'critical', 'medium severity', 'moderate severity', 'low severity']","[0.5379682183265686, 0.2285168468952179, 0.12293975800275803, 0.06772805005311966, 0.042847104370594025]",success
facebook_bart,BAD INTESTINAL ROTATION???,12784789bc75fc844454e95d98ac5e94,high severity,0.6031503081321716,"['high severity', 'critical', 'medium severity', 'low severity', 'moderate severity']","[0.6031503081321716, 0.22624880075454712, 0.07771919667720795, 0.058079857379198074, 0.03480183333158493]",success
facebook_bart,LEFT GUTEOUS MASS,9c88145504860378782cc908826a28f0,high severity,0.8420355319976807,"['high severity', 'critical', 'medium severity', 'low severity', 'moderate severity']","[0.8420355319976807, 0.09108507633209229, 0.04019590839743614, 0.016127901151776314, 0.010555512271821499]",success
facebook_bart,EYELID TUMOR RIGHT EYE,6774dc86ec6bcd8b01ebba274ae7fc53,critical,0.4358941912651062,"['critical', 'high severity', 'medium severity', 'moderate severity', 'low severity']","[0.4358941912651062, 0.3226677477359772, 0.11752751469612122, 0.07146814465522766, 0.052442461252212524]",success
facebook_bart,CHALAZION,e521ffe6cb2e36bc4f2884e7a0060dcd,high severity,0.6574786901473999,"['high severity', 'critical', 'medium severity', 'low severity', 'moderate severity']","[0.6574786901473999, 0.24147894978523254, 0.046287983655929565, 0.034514736384153366, 0.020239679142832756]",success
facebook_bart,TUMOR IN MY RIGHT,4709320f9777ceddc131aad55429496e,high severity,0.615236759185791,"['high severity', 'critical', 'low severity', 'medium severity', 'moderate severity']","[0.615236759185791, 0.26031380891799927, 0.05037616938352585, 0.04258301854133606, 0.03149023652076721]",success
facebook_bart,FINGER DEFORMITY,e62ab0d46a8a80f16e8954ebfb2b4da1,critical,0.33932575583457947,"['critical', 'high severity', 'medium severity', 'moderate severity', 'low severity']","[0.33932575583457947, 0.26469942927360535, 0.18002349138259888, 0.11777789145708084, 0.09817339479923248]",success
facebook_bart,ACID-PEPTIC DISEASE,9783a10dbb86e674420a1c1ff19c15aa,high severity,0.7804139256477356,"['high severity', 'critical', 'medium severity', 'low severity', 'moderate severity']","[0.7804139256477356, 0.09711936861276627, 0.061951737850904465, 0.03057393617928028, 0.02994098886847496]",success
facebook_bart,EYELID MASS SUP OD,a74a872fa8025913eb521f01ebec4fd8,high severity,0.7414186596870422,"['high severity', 'critical', 'medium severity', 'low severity', 'moderate severity']","[0.7414186596870422, 0.1689642369747162, 0.045686572790145874, 0.030323687940835953, 0.013606873340904713]",success
facebook_bart,RETINACULAR CYST,c78765f283e630ac08be78e9374d1695,high severity,0.5345841646194458,"['high severity', 'critical', 'low severity', 'medium severity', 'moderate severity']","[0.5345841646194458, 0.20244725048542023, 0.15345092117786407, 0.06599343568086624, 0.04352418705821037]",success
facebook_bart,G1P0/EMBZO TERMINATED,d6ae96bf11071e01c5f62a0cccfbcfd6,high severity,0.4194365441799164,"['high severity', 'critical', 'medium severity', 'low severity', 'moderate severity']","[0.4194365441799164, 0.21911489963531494, 0.18353411555290222, 0.0971117615699768, 0.08080264180898666]",success
facebook_bart,ESOPHAGEAL STENOSE,d63b18874312d98f1730f3bcfa90bd30,high severity,0.7871708869934082,"['high severity', 'critical', 'medium severity', 'moderate severity', 'low severity']","[0.7871708869934082, 0.11523400247097015, 0.06004521623253822, 0.020218292251229286, 0.01733158342540264]",success
facebook_bart,CARPAL TUNNEL,5562d760b833eb94e3ee1ccf53bebe01,critical,0.3779969811439514,"['critical', 'medium severity', 'moderate severity', 'high severity', 'low severity']","[0.3779969811439514, 0.19124643504619598, 0.18842343986034393, 0.12124701589345932, 0.12108612060546875]",success
facebook_bart,"GOITRE, THYROID NODULE.",0904ed046b45e1c02334d46fb16c8aa8,low severity,0.44323843717575073,"['low severity', 'high severity', 'medium severity', 'critical', 'moderate severity']","[0.44323843717575073, 0.1789838820695877, 0.15219224989414215, 0.1294202357530594, 0.09616518765687943]",success
facebook_bart,HEADACHE.,88fbbd0190e12a3ad674815e26279ba2,high severity,0.6915113925933838,"['high severity', 'critical', 'medium severity', 'moderate severity', 'low severity']","[0.6915113925933838, 0.22409896552562714, 0.042114902287721634, 0.022617366164922714, 0.019657449796795845]",success
facebook_bart,JOINT PAIN,6462e616ee29e98f7eac6c694bb0cae8,high severity,0.489040344953537,"['high severity', 'medium severity', 'critical', 'low severity', 'moderate severity']","[0.489040344953537, 0.19347570836544037, 0.18693146109580994, 0.06620003283023834, 0.06435249745845795]",success
facebook_bart,LEFT ANKLE SPRAIN.,8a4c7c7b26e6ece5f3613ea7935188a2,critical,0.2889482080936432,"['critical', 'high severity', 'medium severity', 'moderate severity', 'low severity']","[0.2889482080936432, 0.231244757771492, 0.19020554423332214, 0.15752850472927094, 0.13207294046878815]",success
facebook_bart,TQT PRESTOMAL GRANULOMAS,d7062474389a9692f182d3c7b25b57dc,critical,0.2757355570793152,"['critical', 'medium severity', 'moderate severity', 'high severity', 'low severity']","[0.2757355570793152, 0.2143290787935257, 0.19674287736415863, 0.19159522652626038, 0.12159732729196548]",success
facebook_bart,ANAL FISSURE.,05f6c08283a9e50c9dffde03135b3539,critical,0.35210222005844116,"['critical', 'medium severity', 'high severity', 'moderate severity', 'low severity']","[0.35210222005844116, 0.2043030858039856, 0.1951671540737152, 0.14944913983345032, 0.09897831827402115]",success
facebook_bart,TRAUMA MY,42a1eb2d052d699bf5fb09abe2811574,critical,0.2659662961959839,"['critical', 'high severity', 'medium severity', 'moderate severity', 'low severity']","[0.2659662961959839, 0.24970178306102753, 0.2415412962436676, 0.154078409075737, 0.08871220797300339]",success
facebook_bart,EPIGASTRALGIA,69c81a2bb1d0c2ed561b1de5e78f79ad,high severity,0.3954722583293915,"['high severity', 'critical', 'medium severity', 'low severity', 'moderate severity']","[0.3954722583293915, 0.3393194377422333, 0.13916265964508057, 0.07762417197227478, 0.048421476036310196]",success
facebook_bart,Narrowness of the bile duct,068ad8b5eb2786a27afd7389934be615,low severity,0.2772009074687958,"['low severity', 'medium severity', 'critical', 'moderate severity', 'high severity']","[0.2772009074687958, 0.25595125555992126, 0.21560421586036682, 0.1359816938638687, 0.11526194959878922]",success
facebook_bart,CYST AND TEETH INCLUDED,d0512e2b082d8ac34b88e8b67529b03c,critical,0.32361477613449097,"['critical', 'high severity', 'moderate severity', 'medium severity', 'low severity']","[0.32361477613449097, 0.31564557552337646, 0.12278531491756439, 0.1206202283501625, 0.11733414977788925]",success
facebook_bart,SRONOPATHY,48b8819724bf5b0669a58a3b5edf6d0b,high severity,0.579740583896637,"['high severity', 'critical', 'medium severity', 'low severity', 'moderate severity']","[0.579740583896637, 0.23191086947917938, 0.08948914706707001, 0.06830461323261261, 0.03055482544004917]",success
facebook_bart,SUSPECTED CELIAC DISEASE,a03e463a93ae744eb5e11a4044e31734,critical,0.38351646065711975,"['critical', 'high severity', 'medium severity', 'low severity', 'moderate severity']","[0.38351646065711975, 0.23210133612155914, 0.18371039628982544, 0.12351913005113602, 0.07715269178152084]",success
facebook_bart,CORNETAL HYPERTROPHY AND SEPTAL DEVIATION,f7b91a1ce07d166fbf2560109197b4a6,high severity,0.4785933494567871,"['high severity', 'critical', 'medium severity', 'moderate severity', 'low severity']","[0.4785933494567871, 0.2870485782623291, 0.13387514650821686, 0.06033454090356827, 0.04014842212200165]",success
facebook_bart,CORNETAL HYPERTROPHY,26df8ced906ec3d3e5bb1f365225acdf,high severity,0.7678803205490112,"['high severity', 'critical', 'medium severity', 'moderate severity', 'low severity']","[0.7678803205490112, 0.14316397905349731, 0.05065733939409256, 0.023525111377239227, 0.014773325063288212]",success
facebook_bart,SATISFIED PARITY,d98a92fc0129b62a925353a1193da548,high severity,0.7471628189086914,"['high severity', 'critical', 'low severity', 'medium severity', 'moderate severity']","[0.7471628189086914, 0.14557808637619019, 0.05136037990450859, 0.036145854741334915, 0.01975291594862938]",success
facebook_bart,HENIA INGUNAL,5d4f7960175191c866888f7328d4ab76,high severity,0.4956701993942261,"['high severity', 'critical', 'medium severity', 'moderate severity', 'low severity']","[0.4956701993942261, 0.2649899125099182, 0.12251653522253036, 0.06622497737407684, 0.05059831961989403]",success
facebook_bart,MENISCOP INJURY,3cc930216ef1047f1c4a836c4badfe57,moderate severity,0.5194631218910217,"['moderate severity', 'medium severity', 'high severity', 'low severity', 'critical']","[0.5194631218910217, 0.293757826089859, 0.10696019232273102, 0.04198214039206505, 0.037836719304323196]",success
facebook_bart,INGUINAL AND UMBILICAL HERNIA,c63c511edbb6165148aacd40a63f4f94,moderate severity,0.3767015337944031,"['moderate severity', 'medium severity', 'critical', 'high severity', 'low severity']","[0.3767015337944031, 0.34227079153060913, 0.12702234089374542, 0.11565759032964706, 0.03834781050682068]",success
facebook_bart,ENDOMETRIOSIS ADHERENCES,28b1220c14b93b889f1ee1c6d4ad7bc9,critical,0.3250046372413635,"['critical', 'high severity', 'moderate severity', 'medium severity', 'low severity']","[0.3250046372413635, 0.21175748109817505, 0.18134860694408417, 0.1638496220111847, 0.11803960055112839]",success
facebook_bart,VOCAL CORD PAPILLOMA,0ad729f8487ce61efa8054538767ae21,critical,0.4388394355773926,"['critical', 'high severity', 'medium severity', 'moderate severity', 'low severity']","[0.4388394355773926, 0.1845935732126236, 0.18026144802570343, 0.10959061235189438, 0.08671490848064423]",success
facebook_bart,NOSE BONES FRACTURE,200101b1218ac9bdba8591fc60d206ab,critical,0.44024279713630676,"['critical', 'medium severity', 'high severity', 'moderate severity', 'low severity']","[0.44024279713630676, 0.19639655947685242, 0.1449398249387741, 0.13586169481277466, 0.08255906403064728]",success
facebook_bart,SD METICO IN STUDY,95b53042ed561c028ca7e311a059d78e,medium severity,0.4175475537776947,"['medium severity', 'high severity', 'moderate severity', 'critical', 'low severity']","[0.4175475537776947, 0.362199604511261, 0.08250845223665237, 0.08172430098056793, 0.05602007731795311]",success
facebook_bart,BASEL CELL CARCINOMA,17d5f39b2b118edb8576c368ed550da0,critical,0.33706891536712646,"['critical', 'high severity', 'medium severity', 'moderate severity', 'low severity']","[0.33706891536712646, 0.29127034544944763, 0.20294933021068573, 0.09379948675632477, 0.074911929666996]",success
facebook_bart,CHRONIC PELVIC PAIN,7ded0fe372329d3581c648ae95f0373e,high severity,0.5970842242240906,"['high severity', 'critical', 'medium severity', 'moderate severity', 'low severity']","[0.5970842242240906, 0.3380759358406067, 0.03219148889183998, 0.016333527863025665, 0.016314862295985222]",success
facebook_bart,ABDOMINAL PAIN IN STUDY,2e144be8702868fed513e3b4daf0ec47,high severity,0.38090425729751587,"['high severity', 'critical', 'medium severity', 'low severity', 'moderate severity']","[0.38090425729751587, 0.23925644159317017, 0.16309095919132233, 0.12685906887054443, 0.08988931775093079]",success
facebook_bart,NEUROFIBROMATOSIS??,f402eee8a0a158c3860de75d58435467,high severity,0.34106895327568054,"['high severity', 'critical', 'medium severity', 'moderate severity', 'low severity']","[0.34106895327568054, 0.3237774670124054, 0.13482047617435455, 0.10877618193626404, 0.09155690670013428]",success
facebook_bart,UMBILICAL HERNIA.,4c81bb487fe288cc583b22e2178a5be9,moderate severity,0.4923979640007019,"['moderate severity', 'medium severity', 'critical', 'low severity', 'high severity']","[0.4923979640007019, 0.39810749888420105, 0.04258568584918976, 0.03925615921616554, 0.027652626857161522]",success
facebook_bart,essential hypertension,b38567254d04f3eac1801ee443294b0b,high severity,0.5780689120292664,"['high severity', 'critical', 'medium severity', 'low severity', 'moderate severity']","[0.5780689120292664, 0.3794264793395996, 0.023885026574134827, 0.0111567173153162, 0.007462882436811924]",success
facebook_bart,Decompensated type 2 diabetes mellitus,c1650fc6974fa0e5697843c066b1d4b8,low severity,0.3159187138080597,"['low severity', 'moderate severity', 'medium severity', 'critical', 'high severity']","[0.3159187138080597, 0.225001722574234, 0.22009143233299255, 0.1341392546892166, 0.10484883189201355]",success
facebook_bart,Moderate persistent bronchial asthma,7c2dd13e3224c097e960e1c0305257a1,moderate severity,0.3552812337875366,"['moderate severity', 'medium severity', 'low severity', 'critical', 'high severity']","[0.3552812337875366, 0.35030868649482727, 0.2862246036529541, 0.00635828822851181, 0.001827163272537291]",success
facebook_bart,POWDER EXPLOSION IN LEFT HAND.,b1dc96b059cc0a55299901c98ce6bcbe,critical,0.40272724628448486,"['critical', 'high severity', 'medium severity', 'moderate severity', 'low severity']","[0.40272724628448486, 0.3916260898113251, 0.09837029129266739, 0.06299217790365219, 0.04428418353199959]",success
facebook_bart,ADENOMIOSIS,7a9c3ef768ea527dcb475c164b3dff4e,high severity,0.3968410789966583,"['high severity', 'critical', 'medium severity', 'low severity', 'moderate severity']","[0.3968410789966583, 0.28498315811157227, 0.12760168313980103, 0.09613258391618729, 0.09444145858287811]",success
facebook_bart,CLAVICLE FRACTURE.,490bb276306148b51c6027f0fb8906ea,critical,0.4311651885509491,"['critical', 'medium severity', 'high severity', 'moderate severity', 'low severity']","[0.4311651885509491, 0.17620249092578888, 0.17118410766124725, 0.13966751098632812, 0.08178065717220306]",success
facebook_bart,HPB,2b12732c7be9239aee508aa9a5352dc9,high severity,0.5023387670516968,"['high severity', 'medium severity', 'moderate severity', 'critical', 'low severity']","[0.5023387670516968, 0.16548870503902435, 0.12382857501506805, 0.12047623842954636, 0.08786768466234207]",success
facebook_bart,EMB FINISHED.,bd9af7ce05d1311f0cf07dc09beb228d,moderate severity,0.6191504597663879,"['moderate severity', 'medium severity', 'critical', 'low severity', 'high severity']","[0.6191504597663879, 0.1545420140028, 0.1274806261062622, 0.055268336087465286, 0.04355849325656891]",success
facebook_bart,VOMITING AND CHRONIC DIARRHEA,6a231099033ed76a2d7828bfba630687,high severity,0.5102412104606628,"['high severity', 'critical', 'medium severity', 'moderate severity', 'low severity']","[0.5102412104606628, 0.2854868173599243, 0.12093829363584518, 0.044825904071331024, 0.03850780054926872]",success
facebook_bart,CHRONIC OTITIS MEDIA,0873e072c2af3fe5e65a332c7cba5ad7,critical,0.7466855049133301,"['critical', 'high severity', 'medium severity', 'moderate severity', 'low severity']","[0.7466855049133301, 0.1687496453523636, 0.0461977943778038, 0.02384955808520317, 0.0145174665376544]",success
facebook_bart,BENIGN LEFT BREAST TUMOR,2d0b43477a1cacc9742496659353561b,high severity,0.33853867650032043,"['high severity', 'moderate severity', 'medium severity', 'critical', 'low severity']","[0.33853867650032043, 0.20735836029052734, 0.19005991518497467, 0.1694386899471283, 0.09460432827472687]",success
facebook_bart,DISC HERNIATION,c6ffa5a1e181d90c1069161b2774bc61,critical,0.3438226282596588,"['critical', 'high severity', 'moderate severity', 'low severity', 'medium severity']","[0.3438226282596588, 0.22346541285514832, 0.15134857594966888, 0.1476610004901886, 0.13370247185230255]",success
facebook_bart,PHIMOSIS,215204c262e21784cef5cb167e0a8db4,low severity,0.4861646890640259,"['low severity', 'moderate severity', 'medium severity', 'critical', 'high severity']","[0.4861646890640259, 0.2946709394454956, 0.15498454868793488, 0.05352303385734558, 0.010656863451004028]",success
facebook_bart,HYPOTONIA.,3a1f88d9036177febf5b56f89cfc0840,high severity,0.702998161315918,"['high severity', 'critical', 'medium severity', 'low severity', 'moderate severity']","[0.702998161315918, 0.11424070596694946, 0.09384752810001373, 0.05288638174533844, 0.03602728620171547]",success
facebook_bart,PANCREAS CYST,69c716f3f7a5da02af98bbec3b3a40e8,high severity,0.31556645035743713,"['high severity', 'moderate severity', 'critical', 'low severity', 'medium severity']","[0.31556645035743713, 0.20863108336925507, 0.18090137839317322, 0.1476706713438034, 0.14723047614097595]",success
facebook_bart,THYROID CA,bdcaa6bb8fe440d13b2a2125dbfaf37a,high severity,0.4129822552204132,"['high severity', 'medium severity', 'critical', 'low severity', 'moderate severity']","[0.4129822552204132, 0.18156862258911133, 0.16890351474285126, 0.13208718597888947, 0.10445837676525116]",success
facebook_bart,RIGHT SHOULDER INJURY,bee3e3aa1b146db83c64ee06fb46df07,medium severity,0.27731919288635254,"['medium severity', 'high severity', 'critical', 'moderate severity', 'low severity']","[0.27731919288635254, 0.24092185497283936, 0.22842542827129364, 0.15683941543102264, 0.09649408608675003]",success
facebook_bart,UMBILICAL HERNIA,df6eb5b7b2450412978c1ffceac9d515,moderate severity,0.49450066685676575,"['moderate severity', 'medium severity', 'critical', 'low severity', 'high severity']","[0.49450066685676575, 0.39226123690605164, 0.042499903589487076, 0.03900022804737091, 0.0317380353808403]",success
facebook_bart,KIDNEY LITHIASIS,4810a2fff4e97a5c5361fbfe984f951a,critical,0.3080519735813141,"['critical', 'high severity', 'medium severity', 'low severity', 'moderate severity']","[0.3080519735813141, 0.27608662843704224, 0.16733911633491516, 0.15609563887119293, 0.09242664277553558]",success
facebook_bart,LEFT BENIGN BREAST TUMOR,61583016dd1137aba36abf0f28c972de,high severity,0.35371503233909607,"['high severity', 'critical', 'medium severity', 'moderate severity', 'low severity']","[0.35371503233909607, 0.20532238483428955, 0.17208820581436157, 0.14947766065597534, 0.11939679086208344]",success
facebook_bart,BLADDER LISTIASIS,afa1d24e7bbd8c23c617c9d3dc43fc43,low severity,0.691979169845581,"['low severity', 'high severity', 'critical', 'medium severity', 'moderate severity']","[0.691979169845581, 0.16319401562213898, 0.09587875008583069, 0.027559343725442886, 0.021388733759522438]",success
facebook_bart,MAMA'S CA,acf26fd0aa29e484aad3ef19550dee10,critical,0.27876386046409607,"['critical', 'medium severity', 'high severity', 'moderate severity', 'low severity']","[0.27876386046409607, 0.2605825960636139, 0.1968083530664444, 0.18195262551307678, 0.08189255744218826]",success
facebook_bart,UPPER DIGESTIVE TRACT HEMORRHAGE,c305a98cc73909a35b01e185cb09f346,high severity,0.5795978903770447,"['high severity', 'critical', 'medium severity', 'moderate severity', 'low severity']","[0.5795978903770447, 0.1258966475725174, 0.12147324532270432, 0.09540893137454987, 0.07762326300144196]",success
facebook_bart,SEVERE PULMONARY HYPERTENSION.,a2f9a1b045af217eceebe120bd4ed42f,high severity,0.8687223792076111,"['high severity', 'critical', 'low severity', 'moderate severity', 'medium severity']","[0.8687223792076111, 0.10137797892093658, 0.010767647065222263, 0.010201823897659779, 0.008930091746151447]",success
facebook_bart,Malignant bile duct tumor,21e48095a5971eaad064959501d88b67,high severity,0.5856388211250305,"['high severity', 'critical', 'medium severity', 'moderate severity', 'low severity']","[0.5856388211250305, 0.2518496811389923, 0.09841446578502655, 0.03691968321800232, 0.02717730402946472]",success
facebook_bart,AORTIC STENOSIS AND TYPE A AORTA ANEURYSM,43cbdb0442fad8adc90b3395a04a9b81,high severity,0.5019434690475464,"['high severity', 'critical', 'medium severity', 'moderate severity', 'low severity']","[0.5019434690475464, 0.2501380443572998, 0.11317846179008484, 0.07704754173755646, 0.05769241228699684]",success
facebook_bart,"ACUTE ABDOMEN, SUSPECTED PERITONITIS.",828239c7b3a84e10241f3d4cd2f97343,high severity,0.5832726359367371,"['high severity', 'critical', 'medium severity', 'low severity', 'moderate severity']","[0.5832726359367371, 0.20330359041690826, 0.12533298134803772, 0.06137879192829132, 0.026712052524089813]",success
facebook_bart,HEALTHY PTE,572f4e8bacc97488897947c92f2c07d9,moderate severity,0.45828911662101746,"['moderate severity', 'low severity', 'medium severity', 'critical', 'high severity']","[0.45828911662101746, 0.3607056140899658, 0.09901471436023712, 0.07504412531852722, 0.0069465236738324165]",success
facebook_bart,LEFT HIP PAIN,445b40923010d0b868923ca6ca735ed2,high severity,0.44385284185409546,"['high severity', 'critical', 'medium severity', 'low severity', 'moderate severity']","[0.44385284185409546, 0.20209304988384247, 0.16134224832057953, 0.09979274123907089, 0.09291915595531464]",success
facebook_bart,UMBILICAL HERNIORRHAPHY,00868bfcdc32bd4406f8f33565ad228d,medium severity,0.4415152966976166,"['medium severity', 'moderate severity', 'high severity', 'low severity', 'critical']","[0.4415152966976166, 0.2549332082271576, 0.1572294682264328, 0.07810692489147186, 0.06821510195732117]",success
facebook_bart,ORCHIDOPEXY AND HERNIORRHAPHY,731c50be50a5ee831a3a973ba9b0202a,high severity,0.4772211015224457,"['high severity', 'critical', 'medium severity', 'moderate severity', 'low severity']","[0.4772211015224457, 0.26022031903266907, 0.1403198093175888, 0.07096750289201736, 0.05127124860882759]",success
facebook_bart,EOSINOPHILIC ESOPHAGITIS,e3992dde79b8ee7c0824b367ef0fc179,high severity,0.3843437135219574,"['high severity', 'critical', 'medium severity', 'low severity', 'moderate severity']","[0.3843437135219574, 0.25955459475517273, 0.13154208660125732, 0.12390382587909698, 0.10065573453903198]",success
facebook_bart,PAIN IN FOOT AND SHOULDER,b2824c06123b37d56e91975ec72a858b,high severity,0.3453980088233948,"['high severity', 'critical', 'medium severity', 'moderate severity', 'low severity']","[0.3453980088233948, 0.23869569599628448, 0.2238389104604721, 0.10196573287248611, 0.09010157734155655]",success
facebook_bart,"FISTULA, PERIANAL FISSURE",5f81bf4be8e13b93393b7284a412610a,medium severity,0.2912546396255493,"['medium severity', 'high severity', 'critical', 'moderate severity', 'low severity']","[0.2912546396255493, 0.24234430491924286, 0.23734544217586517, 0.1413636952638626, 0.08769188076257706]",success
facebook_bart,LEFT OVARIAN TUMOR,536c78a9646d6056e4102ea881a723ef,high severity,0.4264167845249176,"['high severity', 'critical', 'medium severity', 'moderate severity', 'low severity']","[0.4264167845249176, 0.27701297402381897, 0.1420467495918274, 0.08934887498617172, 0.06517453491687775]",success
facebook_bart,NODULE IN VOCAL CORDS,1ab7b94ef1543f941e88a59c3156e548,low severity,0.34897804260253906,"['low severity', 'critical', 'moderate severity', 'medium severity', 'high severity']","[0.34897804260253906, 0.2655180096626282, 0.16761833429336548, 0.162748783826828, 0.055136796087026596]",success
facebook_bart,PROSTATE NODULE.,23e866fbc66b1ea5be4d1cbdcf21c74c,moderate severity,0.33527782559394836,"['moderate severity', 'medium severity', 'critical', 'low severity', 'high severity']","[0.33527782559394836, 0.23129747807979584, 0.16746482253074646, 0.15736795961856842, 0.10859187692403793]",success
facebook_bart,BENIGN BRAIN TUMOR,c41115f06222658d9c55af86727eecdc,moderate severity,0.3573020398616791,"['moderate severity', 'high severity', 'critical', 'medium severity', 'low severity']","[0.3573020398616791, 0.1880410611629486, 0.16320104897022247, 0.15969882905483246, 0.13175702095031738]",success
facebook_bart,TRAUMA MY RIGHT,8a00268d5d6ee462900099bd482813c4,critical,0.42184770107269287,"['critical', 'medium severity', 'high severity', 'moderate severity', 'low severity']","[0.42184770107269287, 0.18776214122772217, 0.17603826522827148, 0.14196419715881348, 0.07238775491714478]",success
facebook_bart,TERM EMB,cd5c793729a903d2b866b2f47a618852,moderate severity,0.46124476194381714,"['moderate severity', 'medium severity', 'high severity', 'critical', 'low severity']","[0.46124476194381714, 0.34669023752212524, 0.09527704864740372, 0.07410123944282532, 0.02268664538860321]",success
facebook_bart,LEFT RADIUS FRACTURE,e0d8d190b67036b873a103f2445fbd49,medium severity,0.23819568753242493,"['medium severity', 'critical', 'moderate severity', 'high severity', 'low severity']","[0.23819568753242493, 0.23155122995376587, 0.226945698261261, 0.17025715112686157, 0.13305024802684784]",success
facebook_bart,TUMOR OF UNCERTAIN OR UNCERTAIN BEHAVIOR,03369e37e095c06647645e2ff09da850,high severity,0.3749452233314514,"['high severity', 'critical', 'medium severity', 'low severity', 'moderate severity']","[0.3749452233314514, 0.2797819674015045, 0.18273966014385223, 0.09190019220113754, 0.07063296437263489]",success
facebook_bart,ABDOMINAL PAIN,08f9176b2fb06f2aa31effe14af6c482,high severity,0.4736446440219879,"['high severity', 'critical', 'medium severity', 'moderate severity', 'low severity']","[0.4736446440219879, 0.18322119116783142, 0.1717226207256317, 0.09144559502601624, 0.07996596395969391]",success
facebook_bart,CHOLEDOCOLITIASIS,102d137b5f3a4560b2d45c8e70119c76,critical,0.3223966956138611,"['critical', 'high severity', 'low severity', 'medium severity', 'moderate severity']","[0.3223966956138611, 0.3161641061306, 0.19954194128513336, 0.09917323291301727, 0.06272398680448532]",success
facebook_bart,THYROGLOSSAL DUCT FISTULA,e212ad71c649270ae4815abaa1714056,high severity,0.6985645294189453,"['high severity', 'critical', 'medium severity', 'low severity', 'moderate severity']","[0.6985645294189453, 0.16518837213516235, 0.07593726366758347, 0.035191088914871216, 0.02511880174279213]",success
facebook_bart,CHRONIC KNEE INSTABILITY,3662e6f6312e8dd34207955970873810,critical,0.7475957274436951,"['critical', 'high severity', 'medium severity', 'moderate severity', 'low severity']","[0.7475957274436951, 0.1249154806137085, 0.059929732233285904, 0.038172151893377304, 0.029386915266513824]",success
facebook_bart,I KIDNEY,9655c2ba7b6c562eb3852241e5564b9e,moderate severity,0.2802983224391937,"['moderate severity', 'medium severity', 'low severity', 'critical', 'high severity']","[0.2802983224391937, 0.26400163769721985, 0.20101118087768555, 0.15491870045661926, 0.0997702106833458]",success
facebook_bart,KIDNEY DONOR,a45ea402a9c235acdf6161601ab42f86,critical,0.40635746717453003,"['critical', 'medium severity', 'moderate severity', 'low severity', 'high severity']","[0.40635746717453003, 0.19485904276371002, 0.1735527664422989, 0.11484522372484207, 0.110385462641716]",success
facebook_bart,PERIANAL FISTULA,a93fc897f5aa9f4e4856962298fca7aa,moderate severity,0.43312200903892517,"['moderate severity', 'low severity', 'medium severity', 'high severity', 'critical']","[0.43312200903892517, 0.3257378041744232, 0.18751740455627441, 0.028016703203320503, 0.025606058537960052]",success
facebook_bart,EOSINOLIFIC ESOPHAGITIS,01743b8932384f33fb93d82a2b5c99c3,low severity,0.6677753925323486,"['low severity', 'moderate severity', 'critical', 'medium severity', 'high severity']","[0.6677753925323486, 0.11083724349737167, 0.08249659091234207, 0.07190239429473877, 0.06698843836784363]",success
facebook_bart,LEFT INGUINAL HERNIA,7c44242ad930bedc6ff5c569d611a62c,medium severity,0.2605048418045044,"['medium severity', 'high severity', 'critical', 'moderate severity', 'low severity']","[0.2605048418045044, 0.23730795085430145, 0.2323942333459854, 0.15531449019908905, 0.11447843909263611]",success
facebook_bart,POP RECTUM TUMOR,f09fab7ec2fcdbf5d9d3faeadb0e6e43,high severity,0.7431827783584595,"['high severity', 'critical', 'medium severity', 'low severity', 'moderate severity']","[0.7431827783584595, 0.18247906863689423, 0.03902476653456688, 0.02094924822449684, 0.014364118687808514]",success
facebook_bart,SEPTIC FOCUS,6298b3ad4cf17057d66765bdc05b9d1a,critical,0.4036567807197571,"['critical', 'high severity', 'medium severity', 'moderate severity', 'low severity']","[0.4036567807197571, 0.3533937335014343, 0.10884235054254532, 0.08990083634853363, 0.04420629143714905]",success
facebook_bart,LEFT PAROTIDAL TUMOR,2d5933384ddeedecdce01ff58efac1c3,high severity,0.3494260609149933,"['high severity', 'critical', 'medium severity', 'moderate severity', 'low severity']","[0.3494260609149933, 0.24618174135684967, 0.1861163228750229, 0.11245130747556686, 0.10582458972930908]",success
facebook_bart,RIGHT BREAST TUMOR,0a455e1717575e6d9f8a3393f7bba5db,critical,0.3259928822517395,"['critical', 'high severity', 'medium severity', 'moderate severity', 'low severity']","[0.3259928822517395, 0.26345306634902954, 0.2056862860918045, 0.1339932382106781, 0.07087450474500656]",success
facebook_bart,"BLADDER POLYP, CYSTOCELE, RECTOCELE",bf4cab85aa40d3a558d1efd9eb643a34,high severity,0.5527122020721436,"['high severity', 'critical', 'medium severity', 'low severity', 'moderate severity']","[0.5527122020721436, 0.29162177443504333, 0.0678107887506485, 0.06616368889808655, 0.021691514179110527]",success
facebook_bart,GENU VARU,1efd74268f3be5a976b9591bb4112026,critical,0.23884984850883484,"['critical', 'high severity', 'medium severity', 'moderate severity', 'low severity']","[0.23884984850883484, 0.2312735915184021, 0.19031450152397156, 0.18927399814128876, 0.15028807520866394]",success
facebook_bart,RETINAL TUMOR,c2a5ef2d99e8d139abeb5019eaf1fe26,high severity,0.5372655987739563,"['high severity', 'critical', 'medium severity', 'low severity', 'moderate severity']","[0.5372655987739563, 0.24788784980773926, 0.10592246055603027, 0.06093493476510048, 0.0479891374707222]",success
facebook_bart,BONE MARROW DONOR,a29d146241f123b5ef133e3279ca886c,critical,0.2575832009315491,"['critical', 'moderate severity', 'medium severity', 'high severity', 'low severity']","[0.2575832009315491, 0.2508693337440491, 0.21515622735023499, 0.21351362764835358, 0.0628776028752327]",success
facebook_bart,RIGHT ARM TUMOR,f1d6d145f0a9696c6e28c774086c5dcc,high severity,0.3785994350910187,"['high severity', 'critical', 'medium severity', 'moderate severity', 'low severity']","[0.3785994350910187, 0.29105231165885925, 0.1606169193983078, 0.09896198660135269, 0.07076938450336456]",success
facebook_bart,LEFT BREAST MASS,16244d06f94e67de4dac201ec3d414f0,critical,0.29804298281669617,"['critical', 'high severity', 'medium severity', 'moderate severity', 'low severity']","[0.29804298281669617, 0.25670668482780457, 0.23475214838981628, 0.14460404217243195, 0.06589420884847641]",success
facebook_bart,LIPODYSTROPHY,1d82fa4185bfaa0a9e621a3a90b332b2,low severity,0.2544915974140167,"['low severity', 'critical', 'high severity', 'medium severity', 'moderate severity']","[0.2544915974140167, 0.23716558516025543, 0.23329345881938934, 0.16798394918441772, 0.10706543177366257]",success
facebook_bart,ENDOMETRIOSIS AND ADENOMIOSIS,48b75a240fb896c87301a9d5a754d89f,high severity,0.37598660588264465,"['high severity', 'critical', 'medium severity', 'moderate severity', 'low severity']","[0.37598660588264465, 0.24508064985275269, 0.1820509135723114, 0.10889601707458496, 0.08798584342002869]",success
facebook_bart,REDUNDANT PREPUTION,91c738c02f63532105feff973a87f6f8,low severity,0.6011208891868591,"['low severity', 'high severity', 'critical', 'medium severity', 'moderate severity']","[0.6011208891868591, 0.29423415660858154, 0.07448651641607285, 0.01735779456794262, 0.012800592929124832]",success
facebook_bart,OTHER DISORDERS OF THE MENISCUS,2369ac1480d5603ca9e2a7ace61e10d4,medium severity,0.43723294138908386,"['medium severity', 'moderate severity', 'low severity', 'critical', 'high severity']","[0.43723294138908386, 0.17817848920822144, 0.15811787545681, 0.13853581249713898, 0.08793487399816513]",success
facebook_bart,Benign tumor of the conjunctiva,01c20d4112dda1b54b470bc9877362d0,moderate severity,0.44804444909095764,"['moderate severity', 'low severity', 'medium severity', 'high severity', 'critical']","[0.44804444909095764, 0.3845435678958893, 0.16565737128257751, 0.0010196719085797668, 0.0007349841180257499]",success
facebook_bart,DEFECT DUE TO LONGITUDINAL REDUCTION OF F,a949d6190ba68690e10679b69ddcac90,critical,0.33810892701148987,"['critical', 'high severity', 'medium severity', 'moderate severity', 'low severity']","[0.33810892701148987, 0.2764500081539154, 0.18963085114955902, 0.10000088065862656, 0.09580928832292557]",success
facebook_bart,RIGHT EYE CATARACT,9f62c9e99ea66e09dad69288c99f0825,critical,0.4225405156612396,"['critical', 'medium severity', 'high severity', 'moderate severity', 'low severity']","[0.4225405156612396, 0.20440123975276947, 0.1505284458398819, 0.13229677081108093, 0.09023310244083405]",success
facebook_bart,COMPLICATED ORCHEPIDYMITIS,72babd6eb418a2999d67c317218fffe1,critical,0.28354039788246155,"['critical', 'medium severity', 'high severity', 'moderate severity', 'low severity']","[0.28354039788246155, 0.2621152997016907, 0.21663430333137512, 0.13964080810546875, 0.0980692133307457]",success
facebook_bart,ADENO CA DE COLON,6df30aacbba369a070142ee1cf4341a4,critical,0.3589528799057007,"['critical', 'medium severity', 'high severity', 'moderate severity', 'low severity']","[0.3589528799057007, 0.21023787558078766, 0.18957103788852692, 0.14179012179374695, 0.0994480699300766]",success
facebook_bart,TUMOR IN NASOPHARYNX,3eda67310fdabb33084d1aad47a4f8ad,high severity,0.4225147068500519,"['high severity', 'critical', 'medium severity', 'low severity', 'moderate severity']","[0.4225147068500519, 0.35657188296318054, 0.10630622506141663, 0.05774743854999542, 0.05685971677303314]",success
facebook_bart,FIBROSIS IN TRACHEAL STOMA.,96e8cf7c804f5c33d8186686a38b1348,high severity,0.35178330540657043,"['high severity', 'critical', 'medium severity', 'moderate severity', 'low severity']","[0.35178330540657043, 0.3223932087421417, 0.16169947385787964, 0.09707042574882507, 0.06705358624458313]",success
facebook_bart,CERVICOBRACHIALGIA,4028b58f917fcab09f005fa4269613ea,critical,0.4903210401535034,"['critical', 'high severity', 'medium severity', 'low severity', 'moderate severity']","[0.4903210401535034, 0.3806900382041931, 0.07263433188199997, 0.029156528413295746, 0.027198083698749542]",success
facebook_bart,PEPLEBRAL PTOSIS.,ebe723c9834281553b41b45a2ec84b48,moderate severity,0.3833768665790558,"['moderate severity', 'low severity', 'critical', 'medium severity', 'high severity']","[0.3833768665790558, 0.27632641792297363, 0.20843935012817383, 0.10771004855632782, 0.024147311225533485]",success
facebook_bart,PERIANAL ISTULA,0fd9686123dedf0b0c708f076969143f,moderate severity,0.47501495480537415,"['moderate severity', 'high severity', 'medium severity', 'low severity', 'critical']","[0.47501495480537415, 0.24964958429336548, 0.16152222454547882, 0.05792277678847313, 0.05589050427079201]",success
facebook_bart,RETINAL DETACHMENT,dc4b5a619d8b9560a911cbc137d852f9,critical,0.3550368547439575,"['critical', 'high severity', 'medium severity', 'moderate severity', 'low severity']","[0.3550368547439575, 0.3089613914489746, 0.14141224324703217, 0.09761342406272888, 0.096976138651371]",success
facebook_bart,INTESTINAL FISTULA,1cf0ce8c006ceaa9f8406b4ae5cf3881,high severity,0.6679813265800476,"['high severity', 'critical', 'low severity', 'moderate severity', 'medium severity']","[0.6679813265800476, 0.26043495535850525, 0.026838479563593864, 0.02346600592136383, 0.02127927727997303]",success
facebook_bart,ACL INJURY,35480767921945819b5c268a581d447f,high severity,0.28073808550834656,"['high severity', 'medium severity', 'critical', 'moderate severity', 'low severity']","[0.28073808550834656, 0.22953884303569794, 0.21507903933525085, 0.15341953933238983, 0.12122445553541183]",success
facebook_bart,OSTEOMYELITIS OF FEMUR.,3f4dd3fd99a668f0b60083472712b2dc,high severity,0.4861862063407898,"['high severity', 'critical', 'medium severity', 'moderate severity', 'low severity']","[0.4861862063407898, 0.16862046718597412, 0.14833132922649384, 0.13398480415344238, 0.06287726014852524]",success
facebook_bart,PROSTATE CA/OBSTRUCTIVE UROPATHY,a5405104f3130dd7ebe4fb4c2556ff1b,high severity,0.4599970281124115,"['high severity', 'medium severity', 'critical', 'moderate severity', 'low severity']","[0.4599970281124115, 0.20759646594524384, 0.1769500970840454, 0.10755830258131027, 0.04789809137582779]",success
facebook_bart,DER CERVICAL ADENOPATHY,1504a8d54f9dcf9312996d0b6195ef09,high severity,0.38865071535110474,"['high severity', 'critical', 'low severity', 'medium severity', 'moderate severity']","[0.38865071535110474, 0.30018186569213867, 0.1367804855108261, 0.09193386882543564, 0.08245301246643066]",success
facebook_bart,LIVER CYST,c7b321b90e34dc6a5930fbc9911da0f7,high severity,0.31195002794265747,"['high severity', 'medium severity', 'critical', 'low severity', 'moderate severity']","[0.31195002794265747, 0.2598075568675995, 0.17864573001861572, 0.14116396009922028, 0.10843275487422943]",success
facebook_bart,PAIN IN RIGHT KNEE,4701442219e4e760300176b1759893ed,high severity,0.26664426922798157,"['high severity', 'medium severity', 'critical', 'moderate severity', 'low severity']","[0.26664426922798157, 0.2603517174720764, 0.18309400975704193, 0.15655747056007385, 0.13335254788398743]",success
facebook_bart,PAIN IN LEFT KNEE,5886d3ea6d7b233ca0d23fbaff344321,medium severity,0.27890607714653015,"['medium severity', 'high severity', 'moderate severity', 'critical', 'low severity']","[0.27890607714653015, 0.267689973115921, 0.16230769455432892, 0.1568356156349182, 0.13426069915294647]",success
facebook_bart,VARUS DEFORMITY IN RIGHT LEG,9d63b7230c818553f5bf2dcc48649331,high severity,0.35269635915756226,"['high severity', 'critical', 'medium severity', 'moderate severity', 'low severity']","[0.35269635915756226, 0.22071334719657898, 0.20120644569396973, 0.1295846551656723, 0.09579915553331375]",success
facebook_bart,TONSIL HYPERTROPHY,6cf61b30d554cfdd06c4f4c21bbbbaf2,high severity,0.8514281511306763,"['high severity', 'critical', 'medium severity', 'low severity', 'moderate severity']","[0.8514281511306763, 0.0727887749671936, 0.03457687050104141, 0.02430477924644947, 0.0169014111161232]",success
facebook_bart,BILATERAL EYELID PTOSIS,ecf954c2270a82373dcfac58fa68c043,medium severity,0.38639211654663086,"['medium severity', 'high severity', 'low severity', 'moderate severity', 'critical']","[0.38639211654663086, 0.19053663313388824, 0.1807115525007248, 0.14060528576374054, 0.10175440460443497]",success
facebook_bart,LEFT HIP DYSPLASIA,c063ddf7a4e1d6492d4b420b5c1a30d4,high severity,0.3400666117668152,"['high severity', 'critical', 'medium severity', 'low severity', 'moderate severity']","[0.3400666117668152, 0.2128106653690338, 0.18133507668972015, 0.1464918702840805, 0.11929573863744736]",success
facebook_bart,MAXILLOFACIAL DEFORMITY,c59ebad83d777a2d28c1757055409301,high severity,0.7733644843101501,"['high severity', 'critical', 'medium severity', 'low severity', 'moderate severity']","[0.7733644843101501, 0.09096036851406097, 0.08557139337062836, 0.03343559056520462, 0.016668187454342842]",success
facebook_bart,RIGHT BREAST INJURY,240f00928178004e6a2bb169a5a5c23c,high severity,0.3174213171005249,"['high severity', 'critical', 'medium severity', 'moderate severity', 'low severity']","[0.3174213171005249, 0.24213634431362152, 0.23109158873558044, 0.13263241946697235, 0.07671841233968735]",success
facebook_bart,ADENOMIOSIS AND ENDOMETRIOSIS,de714953b922541de498c1a76797d317,high severity,0.2963317036628723,"['high severity', 'critical', 'medium severity', 'moderate severity', 'low severity']","[0.2963317036628723, 0.2806130349636078, 0.19263045489788055, 0.13517339527606964, 0.09525144100189209]",success
facebook_bart,RIGHT KNEE MENISCUS INJURY,85dd5dca665b008790665b3cb01bf02c,high severity,0.35632210969924927,"['high severity', 'medium severity', 'moderate severity', 'low severity', 'critical']","[0.35632210969924927, 0.2005477100610733, 0.19983139634132385, 0.1305527240037918, 0.11274603009223938]",success
facebook_bart,FX RADIAL DOME,fef571c0de5d6fc1990cf342d1c83b5a,critical,0.3284855782985687,"['critical', 'high severity', 'medium severity', 'moderate severity', 'low severity']","[0.3284855782985687, 0.25311222672462463, 0.1651667207479477, 0.15233856439590454, 0.100896917283535]",success
facebook_bart,FX RIGHT FOOT,4d4141ce16f68918ec98d03455463f4a,critical,0.34972429275512695,"['critical', 'medium severity', 'moderate severity', 'high severity', 'low severity']","[0.34972429275512695, 0.20957155525684357, 0.19143997132778168, 0.13891224563121796, 0.11035196483135223]",success
facebook_bart,INTRAMUSCULAR HEMANGIOMA,9b9165f9f2e3dba4d4a9a75b84fe7a2e,critical,0.3259991407394409,"['critical', 'moderate severity', 'high severity', 'medium severity', 'low severity']","[0.3259991407394409, 0.22491756081581116, 0.1892021894454956, 0.16407012939453125, 0.09581087529659271]",success
facebook_bart,CHRONIC PAPNSINUSITIS,62a43c8b6471dbf1f5e1712315295c20,critical,0.5172362327575684,"['critical', 'high severity', 'low severity', 'medium severity', 'moderate severity']","[0.5172362327575684, 0.3715105652809143, 0.04864790290594101, 0.04476398229598999, 0.017841316759586334]",success
facebook_bart,JUANETILLO AND HAMMERFINGERS,100e8c13c30bb85691b5d343c0721229,high severity,0.3759552240371704,"['high severity', 'critical', 'medium severity', 'moderate severity', 'low severity']","[0.3759552240371704, 0.3498283624649048, 0.14168183505535126, 0.07874127477407455, 0.053793326020240784]",success
facebook_bart,RECTAL PROLAPSE,934d2bbe443f2da7056503447d1cb2d7,critical,0.3607911169528961,"['critical', 'high severity', 'medium severity', 'low severity', 'moderate severity']","[0.3607911169528961, 0.33396539092063904, 0.13276688754558563, 0.0864139050245285, 0.08606267720460892]",success
facebook_bart,PROSTATE TUMOR,6d23a61b1f66e9f4360e175c0aacd4aa,high severity,0.7806376218795776,"['high severity', 'critical', 'medium severity', 'moderate severity', 'low severity']","[0.7806376218795776, 0.08060036599636078, 0.06471762806177139, 0.03844241797924042, 0.035601962357759476]",success
facebook_bart,POP OVARIAN TUMOR RESEC,a7109b2e130274636e3a33eb5ac5475b,critical,0.37302178144454956,"['critical', 'high severity', 'moderate severity', 'medium severity', 'low severity']","[0.37302178144454956, 0.2695315480232239, 0.14696690440177917, 0.1414516568183899, 0.06902811676263809]",success
facebook_bart,GASTRITIS.,6fb5536e4833f40a17379a43fd73f708,high severity,0.3337922692298889,"['high severity', 'critical', 'medium severity', 'low severity', 'moderate severity']","[0.3337922692298889, 0.2164526730775833, 0.16550888121128082, 0.15279227495193481, 0.13145391643047333]",success
facebook_bart,DYSPHAGIA,438c22faf218df80f53769a0af9edd08,low severity,0.24376679956912994,"['low severity', 'high severity', 'medium severity', 'critical', 'moderate severity']","[0.24376679956912994, 0.24340172111988068, 0.19928595423698425, 0.1804785132408142, 0.13306701183319092]",success
facebook_bart,RIGHT OMALGIA,0a024153b9e96d7dded12e7e768f0271,medium severity,0.3564680814743042,"['medium severity', 'high severity', 'critical', 'moderate severity', 'low severity']","[0.3564680814743042, 0.21348042786121368, 0.1768091470003128, 0.17362546920776367, 0.07961679250001907]",success
facebook_bart,KNEE PAIN.,738ff6a3dfeae259ee91eb4c5568c3ac,medium severity,0.2526390254497528,"['medium severity', 'high severity', 'critical', 'moderate severity', 'low severity']","[0.2526390254497528, 0.22643764317035675, 0.1942879855632782, 0.17992712557315826, 0.14670827984809875]",success
facebook_bart,OSTEOMYELITIS,b56290586e932ba377ad208a5d7af533,high severity,0.6146515607833862,"['high severity', 'critical', 'medium severity', 'moderate severity', 'low severity']","[0.6146515607833862, 0.17839355766773224, 0.08685366064310074, 0.06103581190109253, 0.059065379202365875]",success
facebook_bart,PULMONARY HYPERTENSION,02dd6ae964af237d4a25e518f7796cd4,high severity,0.4422071576118469,"['high severity', 'medium severity', 'moderate severity', 'critical', 'low severity']","[0.4422071576118469, 0.28915417194366455, 0.1507553905248642, 0.07347676157951355, 0.04440653324127197]",success
facebook_bart,PELVIC PAIN,aee84765505169bf8ec246f3432d583b,high severity,0.5937109589576721,"['high severity', 'critical', 'medium severity', 'moderate severity', 'low severity']","[0.5937109589576721, 0.16843955218791962, 0.10085436701774597, 0.06887511163949966, 0.06811991333961487]",success
facebook_bart,LEFT HAND INDEX FINGER PIP LUXATION AFTERMATH,ea1ebba4aee068240c3d255bf17debbf,medium severity,0.271121621131897,"['medium severity', 'critical', 'moderate severity', 'low severity', 'high severity']","[0.271121621131897, 0.24184145033359528, 0.22118844091892242, 0.16471858322620392, 0.10112985223531723]",success
facebook_bart,G3C1A1/PREVIOUS CAESAREAN SECTION,a069a6232d5cbf6ff4cd03a7cc0d9b5e,critical,0.32324445247650146,"['critical', 'medium severity', 'high severity', 'moderate severity', 'low severity']","[0.32324445247650146, 0.23663252592086792, 0.19047799706459045, 0.13519570231437683, 0.11444931477308273]",success
facebook_bart,LEFT KIDNEY LITHIASIS,59678db190165957ce3785bc36c6f2fd,critical,0.3203088939189911,"['critical', 'high severity', 'medium severity', 'low severity', 'moderate severity']","[0.3203088939189911, 0.24162828922271729, 0.18987740576267242, 0.12764407694339752, 0.1205412894487381]",success
facebook_bart,URACUS MALFORMATION,ad10a476d7948aefe60916524ba6658e,high severity,0.5093969106674194,"['high severity', 'critical', 'medium severity', 'low severity', 'moderate severity']","[0.5093969106674194, 0.21168050169944763, 0.20327608287334442, 0.04443860054016113, 0.031207935884594917]",success
facebook_bart,TENOSYNOVITIS 5 FINGER LEFT HAND,811604b92a56c3bb8417f17303f79372,high severity,0.42819830775260925,"['high severity', 'critical', 'medium severity', 'low severity', 'moderate severity']","[0.42819830775260925, 0.2623966634273529, 0.14415617287158966, 0.08523453772068024, 0.08001428097486496]",success
facebook_bart,SHORT PENIS BRACE,dc662af732e4de6879f5e7946d6f5cf3,low severity,0.4186159372329712,"['low severity', 'critical', 'medium severity', 'moderate severity', 'high severity']","[0.4186159372329712, 0.18071867525577545, 0.17995618283748627, 0.13893741369247437, 0.0817718356847763]",success
facebook_bart,SATISFIED FERTILITY,f572013c98728b7ab3806f73582a9ce3,high severity,0.7137555480003357,"['high severity', 'critical', 'medium severity', 'low severity', 'moderate severity']","[0.7137555480003357, 0.1788007915019989, 0.05039543658494949, 0.037693507969379425, 0.019354714080691338]",success
facebook_bart,PROSTATE CA,3f100f69985a98ebe5b013d9ac289a6f,high severity,0.36305397748947144,"['high severity', 'medium severity', 'critical', 'moderate severity', 'low severity']","[0.36305397748947144, 0.28460729122161865, 0.15181344747543335, 0.11234543472528458, 0.08817988634109497]",success
facebook_bart,GANGLION,7f637d3952b8704fad51cf0aaf287243,critical,0.2860105633735657,"['critical', 'medium severity', 'moderate severity', 'high severity', 'low severity']","[0.2860105633735657, 0.23433604836463928, 0.18197594583034515, 0.17202530801296234, 0.12565211951732635]",success
facebook_bart,"BREAST DISORDER, UNSPECIFIED",b78017cb98f84c3cf05a8e4f4b627dc4,low severity,0.7071527242660522,"['low severity', 'high severity', 'medium severity', 'moderate severity', 'critical']","[0.7071527242660522, 0.09991752356290817, 0.07688485085964203, 0.0608123280107975, 0.05523247644305229]",success
facebook_bart,MACROSKULL,b89dbef99205828e8c83a8d0932c5e55,high severity,0.30212634801864624,"['high severity', 'critical', 'medium severity', 'moderate severity', 'low severity']","[0.30212634801864624, 0.27384471893310547, 0.18450964987277985, 0.17743346095085144, 0.062085796147584915]",success
facebook_bart,CALCULATION OF THE GALLBLADDER WITHOUT COLLECTION,14acfa313d2b53c08367e7ee90a1e67f,critical,0.2932793200016022,"['critical', 'medium severity', 'high severity', 'low severity', 'moderate severity']","[0.2932793200016022, 0.2076471745967865, 0.18505997955799103, 0.17750650644302368, 0.1365070343017578]",success
facebook_bart,THYROID NODULE,2f258a02e91030029cbd9e2b817006b9,low severity,0.3987569212913513,"['low severity', 'critical', 'high severity', 'medium severity', 'moderate severity']","[0.3987569212913513, 0.1886129379272461, 0.1600937694311142, 0.13942688703536987, 0.11310949921607971]",success
facebook_bart,HALLUX VALGUS,b31de31039d9f62b6b9cfcecbe5ef0e6,high severity,0.3776698410511017,"['high severity', 'critical', 'medium severity', 'moderate severity', 'low severity']","[0.3776698410511017, 0.22541767358779907, 0.16774000227451324, 0.14421236515045166, 0.08496011793613434]",success
facebook_bart,GASTRITIS REFLUX,f316590c64ef25f016c16641f6800ace,critical,0.33846113085746765,"['critical', 'medium severity', 'high severity', 'moderate severity', 'low severity']","[0.33846113085746765, 0.18666590750217438, 0.1730964630842209, 0.16536222398281097, 0.13641425967216492]",success
facebook_bart,LIPOMA IN ANUS.,54ace933b3719f733378da25c2f435a0,critical,0.3074774742126465,"['critical', 'high severity', 'medium severity', 'low severity', 'moderate severity']","[0.3074774742126465, 0.25876757502555847, 0.19255870580673218, 0.1306476593017578, 0.11054863035678864]",success
facebook_bart,LEFT FOOT INJURY,d77a5086ad408c5b629e6c8d621574bd,critical,0.266605406999588,"['critical', 'high severity', 'medium severity', 'moderate severity', 'low severity']","[0.266605406999588, 0.25676828622817993, 0.23091548681259155, 0.14771810173988342, 0.09799271821975708]",success
facebook_bart,REDUNDANT PREPUSE,b2a61cbeb984b834a1c51c589fef290c,high severity,0.8147349953651428,"['high severity', 'critical', 'low severity', 'medium severity', 'moderate severity']","[0.8147349953651428, 0.14194737374782562, 0.02457706443965435, 0.010150576941668987, 0.008590012788772583]",success
facebook_bart,FX HUMERO RIGHT,8611ce15583540ba901175827e79a593,medium severity,0.3266493082046509,"['medium severity', 'moderate severity', 'low severity', 'high severity', 'critical']","[0.3266493082046509, 0.3254888653755188, 0.2304363250732422, 0.07559911906719208, 0.041826386004686356]",success
facebook_bart,FX CUBE AND LEFT RADIO,6f63e5cba49f5f1082e89b1586e31b2f,critical,0.33790695667266846,"['critical', 'medium severity', 'high severity', 'moderate severity', 'low severity']","[0.33790695667266846, 0.22170640528202057, 0.1757097691297531, 0.16609950363636017, 0.0985773354768753]",success
facebook_bart,RIGHT MENISCUS INJURY,a48daf02c14bda07b4d10c351ad79949,moderate severity,0.42177700996398926,"['moderate severity', 'medium severity', 'high severity', 'critical', 'low severity']","[0.42177700996398926, 0.2272849828004837, 0.22395315766334534, 0.08582048118114471, 0.041164323687553406]",success
facebook_bart,BILATERAL INGUINAL HERNIORRAFINE,b8f47cd973b3b31ef42bc9511f8a70ff,moderate severity,0.4093726575374603,"['moderate severity', 'low severity', 'medium severity', 'high severity', 'critical']","[0.4093726575374603, 0.23532980680465698, 0.22575297951698303, 0.09120404720306396, 0.038340482860803604]",success
facebook_bart,- IGG KAPPA TYPE MONOCLONAL GAMMOPATHY IN TYPIFICATION,985d4220ca9236f9a982848c29b852a1,critical,0.4620015323162079,"['critical', 'medium severity', 'moderate severity', 'high severity', 'low severity']","[0.4620015323162079, 0.17828679084777832, 0.15343566238880157, 0.11285314708948135, 0.0934227928519249]",success
facebook_bart,MYOMAS,a25235079bc1da2379201a2689a399da,critical,0.29627931118011475,"['critical', 'medium severity', 'moderate severity', 'high severity', 'low severity']","[0.29627931118011475, 0.2641449272632599, 0.17620643973350525, 0.16684453189373016, 0.09652482718229294]",success
facebook_bart,DER KIDNEY LITHIASIS,b75b82dd0539ed83d45eb51dd29995b1,critical,0.3286949694156647,"['critical', 'high severity', 'low severity', 'medium severity', 'moderate severity']","[0.3286949694156647, 0.3126358985900879, 0.14617598056793213, 0.1394498646259308, 0.0730433464050293]",success
facebook_bart,BILATERAL HALLUX VALGUS/CLAW FINGERS,8fb0d1215216c1e1703dd2f1983c2cfc,high severity,0.37100622057914734,"['high severity', 'critical', 'medium severity', 'moderate severity', 'low severity']","[0.37100622057914734, 0.2684116065502167, 0.22709043323993683, 0.07794678956270218, 0.05554499849677086]",success
facebook_bart,MANDIBULAR DEVIATION,accb2be71ca7aae126e704490d655b2d,high severity,0.5039799809455872,"['high severity', 'critical', 'medium severity', 'moderate severity', 'low severity']","[0.5039799809455872, 0.4366230070590973, 0.026983045041561127, 0.017117640003561974, 0.015296371653676033]",success
facebook_bart,LEFT BREAST CA.,7023c5b37bb9b02c87d83d845ec154b0,critical,0.2796667814254761,"['critical', 'medium severity', 'moderate severity', 'high severity', 'low severity']","[0.2796667814254761, 0.22434194386005402, 0.20909813046455383, 0.1773221492767334, 0.10957099497318268]",success
facebook_bart,LEFT LOWER LOBE TUMOR,70dbbf2d99073ce7430967fcdfa953d3,low severity,0.498835951089859,"['low severity', 'critical', 'medium severity', 'moderate severity', 'high severity']","[0.498835951089859, 0.16954638063907623, 0.1691385805606842, 0.10526231676340103, 0.057216815650463104]",success
facebook_bart,", RGE",81db4694acc27c135450addf11b593b8,moderate severity,0.40615639090538025,"['moderate severity', 'medium severity', 'high severity', 'low severity', 'critical']","[0.40615639090538025, 0.20755890011787415, 0.14984214305877686, 0.147415891289711, 0.08902671188116074]",success
facebook_bart,CORRECTED SUBGLOTTIC STENOSIS,9d34d5cf729b29d3a1ed38cf3f6fb6e3,low severity,0.5899235606193542,"['low severity', 'moderate severity', 'medium severity', 'critical', 'high severity']","[0.5899235606193542, 0.13058802485466003, 0.10952526330947876, 0.09863585978746414, 0.07132730633020401]",success
facebook_bart,CSF FISTULA.,5bc72a0b12f5b5ee8debdf8b97e205a2,high severity,0.5834282636642456,"['high severity', 'critical', 'medium severity', 'low severity', 'moderate severity']","[0.5834282636642456, 0.23031461238861084, 0.08190601319074631, 0.0554080605506897, 0.04894302040338516]",success
facebook_bart,DYSPEPSIA.,c845fbe8c75ae59b94c6f6182d95cd0b,low severity,0.48248109221458435,"['low severity', 'high severity', 'critical', 'medium severity', 'moderate severity']","[0.48248109221458435, 0.2672017216682434, 0.10603612661361694, 0.09135447442531586, 0.0529266782104969]",success
facebook_bart,VARICOCELE,b8fe3be29f3084d0637d4b0a72c8f3a9,moderate severity,0.5327109694480896,"['moderate severity', 'high severity', 'critical', 'low severity', 'medium severity']","[0.5327109694480896, 0.18319910764694214, 0.1604112982749939, 0.0818738266825676, 0.041804857552051544]",success
facebook_bart,BILE TRACT OBSTRUCTION.,edb11b3bf9d9a8c689c48d39d12c5b14,critical,0.33995920419692993,"['critical', 'high severity', 'medium severity', 'moderate severity', 'low severity']","[0.33995920419692993, 0.2858234941959381, 0.15743057429790497, 0.14897753298282623, 0.06780917942523956]",success
facebook_bart,CA MAMA RIGHT,a149f31e1cdee9968fd44c5c382038d1,critical,0.43687671422958374,"['critical', 'medium severity', 'moderate severity', 'high severity', 'low severity']","[0.43687671422958374, 0.20679722726345062, 0.1594330221414566, 0.12125864624977112, 0.07563444972038269]",success
facebook_bart,DORSO NODULAR CBC AND NASAL APEX,b2ce109799b052d89c6b4546a1179544,critical,0.2527486979961395,"['critical', 'medium severity', 'low severity', 'high severity', 'moderate severity']","[0.2527486979961395, 0.22375266253948212, 0.20852544903755188, 0.19513176381587982, 0.11984141916036606]",success
facebook_bart,MEDULOBLASTOMA,50f715a004597a0163e550dee0d69a03,high severity,0.3708907961845398,"['high severity', 'medium severity', 'moderate severity', 'critical', 'low severity']","[0.3708907961845398, 0.218509703874588, 0.2133362889289856, 0.155073881149292, 0.042189303785562515]",success
facebook_bart,LEFT BREAST TUMOR,5ba719c0416a83b587e5ffa21b7be0b9,critical,0.31012192368507385,"['critical', 'high severity', 'medium severity', 'moderate severity', 'low severity']","[0.31012192368507385, 0.3067704439163208, 0.1799786239862442, 0.12786372005939484, 0.07526534050703049]",success
facebook_bart,EMBZO TERMINO/G1PO,6e61a36cb60f39e386c20de1425c131b,moderate severity,0.49585720896720886,"['moderate severity', 'high severity', 'medium severity', 'critical', 'low severity']","[0.49585720896720886, 0.21369391679763794, 0.16945978999137878, 0.07956180721521378, 0.041427306830883026]",success
facebook_bart,RIGHT HAND TENOSYNOVITIS,4f3e1d49abe05577c6b69a82b42d424e,high severity,0.6054739356040955,"['high severity', 'critical', 'medium severity', 'low severity', 'moderate severity']","[0.6054739356040955, 0.15909701585769653, 0.11461083590984344, 0.07611837983131409, 0.04469989612698555]",success
facebook_bart,hud,8eaab8f57cf980e83393fe2b03efe0c2,low severity,0.26105743646621704,"['low severity', 'high severity', 'critical', 'medium severity', 'moderate severity']","[0.26105743646621704, 0.23469361662864685, 0.20086362957954407, 0.17140471935272217, 0.13198059797286987]",success
facebook_bart,LIMP,ce44c168c44eb1df7a782ff821f1c659,low severity,0.4272531270980835,"['low severity', 'medium severity', 'moderate severity', 'critical', 'high severity']","[0.4272531270980835, 0.2651617228984833, 0.24484868347644806, 0.03368808701634407, 0.029048388823866844]",success
facebook_bart,STRABISMUS BOTH EYES,2bb3ba80a482adbfe82efe41d71a89e0,high severity,0.5825902819633484,"['high severity', 'critical', 'medium severity', 'low severity', 'moderate severity']","[0.5825902819633484, 0.2868179678916931, 0.0682932659983635, 0.034943822771310806, 0.027354702353477478]",success
facebook_bart,CERVICAL REG SOFT TISSUE TUMOR RESECTION,49ec8809fa278d1432e7367d328a9a3c,critical,0.3611395061016083,"['critical', 'low severity', 'medium severity', 'high severity', 'moderate severity']","[0.3611395061016083, 0.20752255618572235, 0.17880265414714813, 0.13486485183238983, 0.11767037957906723]",success
facebook_bart,ROTATOR Cuff INJURY,46be4911ed8d3077f214ba57b4526ada,high severity,0.38011953234672546,"['high severity', 'critical', 'medium severity', 'moderate severity', 'low severity']","[0.38011953234672546, 0.34347695112228394, 0.1439942866563797, 0.07618976384401321, 0.05621949955821037]",success
facebook_bart,L. TRIANGULAR RUPTURE RIGHT HAND,45aac9daaeb0b4c7edea8162d04bf7d3,high severity,0.5159087181091309,"['high severity', 'medium severity', 'critical', 'moderate severity', 'low severity']","[0.5159087181091309, 0.2441687285900116, 0.10094969719648361, 0.09406302869319916, 0.044909849762916565]",success
facebook_bart,LEFT KNEE MENISCUS RUPTURE,9f44e7c9f3d12d140e8a0fc3d658b2f0,high severity,0.6511115431785583,"['high severity', 'medium severity', 'moderate severity', 'critical', 'low severity']","[0.6511115431785583, 0.1608096808195114, 0.08252185583114624, 0.08162811398506165, 0.023928849026560783]",success
facebook_bart,BREAST PROSTHESIS,06837c6eb2ced4954da3fea8f53e892e,high severity,0.42206045985221863,"['high severity', 'critical', 'medium severity', 'moderate severity', 'low severity']","[0.42206045985221863, 0.27197352051734924, 0.14757344126701355, 0.08364241570234299, 0.0747501328587532]",success
facebook_bart,RIGHT ANNEXAL TUMOR,b1b4969e62cd30fc267b8879b8a3d19b,high severity,0.37586650252342224,"['high severity', 'critical', 'medium severity', 'moderate severity', 'low severity']","[0.37586650252342224, 0.25226089358329773, 0.1863720417022705, 0.10874291509389877, 0.07675766199827194]",success
facebook_bart,RGE TRAST. SWALLOWING,029efb9ee5d67a77ec29f96cf37962c0,high severity,0.4012991487979889,"['high severity', 'critical', 'medium severity', 'moderate severity', 'low severity']","[0.4012991487979889, 0.20540262758731842, 0.16682866215705872, 0.13233251869678497, 0.09413712471723557]",success
facebook_bart,FRACTURE IN LEFT TIBIA.,a75141241c6af4ce484003b5d0f6dbe9,critical,0.3691522777080536,"['critical', 'medium severity', 'moderate severity', 'high severity', 'low severity']","[0.3691522777080536, 0.2140677273273468, 0.1643812507390976, 0.14066733419895172, 0.11173143982887268]",success
facebook_bart,POST-TRAUMA TIBIA DEFORMITY,4412dc4d2243fb31f2e0807f2bbee5c7,critical,0.38299208879470825,"['critical', 'high severity', 'medium severity', 'low severity', 'moderate severity']","[0.38299208879470825, 0.25847098231315613, 0.16352303326129913, 0.11543682962656021, 0.07957708090543747]",success
facebook_bart,SD DE PRADER WILLY,540780c69b0650ac46dc68d7a9644af4,high severity,0.31609365344047546,"['high severity', 'critical', 'medium severity', 'low severity', 'moderate severity']","[0.31609365344047546, 0.20469923317432404, 0.2012512981891632, 0.16707606613636017, 0.11087974160909653]",success
facebook_bart,BILIARY duct stenosis,bfef622c740f6902cf9da9eebb2662a3,high severity,0.2769795358181,"['high severity', 'critical', 'medium severity', 'low severity', 'moderate severity']","[0.2769795358181, 0.27176734805107117, 0.1536501795053482, 0.15052706003189087, 0.14707587659358978]",success
facebook_bart,BRAIN TUMOR,06c6dcd8757f0af8978fa9a0501ba05b,high severity,0.5132474303245544,"['high severity', 'critical', 'medium severity', 'low severity', 'moderate severity']","[0.5132474303245544, 0.31380900740623474, 0.0901794359087944, 0.041679102927446365, 0.041085001081228256]",success
facebook_bart,SQUAMOCELLULAR CA IN LEFT EYELID,8cb564355d4aeedcf659a61e4cb1ab8a,critical,0.3318687975406647,"['critical', 'high severity', 'medium severity', 'moderate severity', 'low severity']","[0.3318687975406647, 0.24545222520828247, 0.2263643890619278, 0.11067182570695877, 0.0856427252292633]",success
facebook_bart,SCOLIOSIS,eb6d8056b20bbbec72a54fa3db364395,high severity,0.4543677568435669,"['high severity', 'critical', 'medium severity', 'low severity', 'moderate severity']","[0.4543677568435669, 0.22340989112854004, 0.13087120652198792, 0.12359577417373657, 0.0677553117275238]",success
facebook_bart,ACUTE NECROTIZING ENCEPHALOPATHY.,0d065ef3585bf2a4f7a6ce0bde6a9830,high severity,0.44080641865730286,"['high severity', 'critical', 'medium severity', 'low severity', 'moderate severity']","[0.44080641865730286, 0.31329959630966187, 0.13534528017044067, 0.05621303990483284, 0.05433564633131027]",success
facebook_bart,RECTAL BLEEDING,a8b163b509014adde70f846390d9efc8,high severity,0.37597212195396423,"['high severity', 'critical', 'medium severity', 'low severity', 'moderate severity']","[0.37597212195396423, 0.35692960023880005, 0.11246264725923538, 0.10064444690942764, 0.05399124324321747]",success
facebook_bart,LARYNGEAL PAPILLOMATOSIS,97d1ad8db6055aa2a2bdea7fe5d36f38,low severity,0.7257874011993408,"['low severity', 'moderate severity', 'medium severity', 'high severity', 'critical']","[0.7257874011993408, 0.11176586151123047, 0.07221204787492752, 0.05971613526344299, 0.030518662184476852]",success
facebook_bart,CHRONIC CONSTIPATION,1d96f860a28f05e97bb39bc31a6470fb,critical,0.5027753114700317,"['critical', 'high severity', 'medium severity', 'moderate severity', 'low severity']","[0.5027753114700317, 0.43729010224342346, 0.032478559762239456, 0.014973767101764679, 0.012482219375669956]",success
facebook_bart,LEIMIOMA,1576c894a361e9e87a7e65d3868eac30,medium severity,0.2279156595468521,"['medium severity', 'high severity', 'critical', 'low severity', 'moderate severity']","[0.2279156595468521, 0.22243854403495789, 0.21349728107452393, 0.18557168543338776, 0.15057684481143951]",success
facebook_bart,RIGHT FOOT TUMOR,c4a3461ad9f38ffa60dd233e95b82e5f,high severity,0.395262211561203,"['high severity', 'critical', 'medium severity', 'moderate severity', 'low severity']","[0.395262211561203, 0.30119746923446655, 0.14218853414058685, 0.08486887067556381, 0.07648291438817978]",success
facebook_bart,CHEST WALL TUMOR,e13523fb46be532d0927055e5bed86ed,high severity,0.47594016790390015,"['high severity', 'critical', 'medium severity', 'moderate severity', 'low severity']","[0.47594016790390015, 0.29523611068725586, 0.11306201666593552, 0.06024651601910591, 0.05551522970199585]",success
facebook_bart,REFLUX,c634ac04e021bb370f901ba181a29dcd,moderate severity,0.2502654790878296,"['moderate severity', 'critical', 'low severity', 'medium severity', 'high severity']","[0.2502654790878296, 0.22002556920051575, 0.2095748633146286, 0.18792444467544556, 0.13220973312854767]",success
facebook_bart,LEFT SHOULDER DISLOCATION,25c4e7ebf70240f7af47e102a2756e31,critical,0.4126572012901306,"['critical', 'medium severity', 'moderate severity', 'high severity', 'low severity']","[0.4126572012901306, 0.19437016546726227, 0.15206216275691986, 0.1439044028520584, 0.09700610488653183]",success
facebook_bart,POP OST FX M TOP LEFT,f8c2a4ef06ffb240a06dcd4118a400a5,critical,0.34138306975364685,"['critical', 'moderate severity', 'medium severity', 'low severity', 'high severity']","[0.34138306975364685, 0.21151022613048553, 0.2058131992816925, 0.12738078832626343, 0.11391269415616989]",success
facebook_bart,MENISCUS INJURY,be77975c7aa92944e6b0ae9170b3348a,moderate severity,0.5487866997718811,"['moderate severity', 'medium severity', 'low severity', 'high severity', 'critical']","[0.5487866997718811, 0.2473783791065216, 0.16264283657073975, 0.028362469747662544, 0.012829583138227463]",success
facebook_bart,OI CATARACT,93261d7bafb302e1d8d782526ea70328,critical,0.34925028681755066,"['critical', 'high severity', 'medium severity', 'moderate severity', 'low severity']","[0.34925028681755066, 0.27386075258255005, 0.17155241966247559, 0.11798892915248871, 0.08734766393899918]",success
facebook_bart,UTERINE MYOMATOSIS.,775c7141de731efad5bc9fc77dd1e33c,medium severity,0.36914142966270447,"['medium severity', 'moderate severity', 'low severity', 'high severity', 'critical']","[0.36914142966270447, 0.33807796239852905, 0.12242012470960617, 0.08963948488235474, 0.0807209461927414]",success
facebook_bart,OLD FEMUR FRACTURE,770f764e0944292c0b2d82c3446eedbc,moderate severity,0.3457137644290924,"['moderate severity', 'medium severity', 'critical', 'low severity', 'high severity']","[0.3457137644290924, 0.273668110370636, 0.23016665875911713, 0.0863967314362526, 0.06405472010374069]",success
facebook_bart,CATARACT OD,f9ae32ac516b0924d53eb6fbd15fd1b4,high severity,0.41433537006378174,"['high severity', 'critical', 'low severity', 'medium severity', 'moderate severity']","[0.41433537006378174, 0.24329012632369995, 0.17429950833320618, 0.1321827918291092, 0.035892173647880554]",success
facebook_bart,CHINESE DIARRHEA,579e36f1f8ea558fefcc7c1a83f5cdf8,high severity,0.5195066928863525,"['high severity', 'critical', 'medium severity', 'low severity', 'moderate severity']","[0.5195066928863525, 0.23790250718593597, 0.13869363069534302, 0.062387388199567795, 0.041509710252285004]",success
facebook_bart,KNEE ARTHROSIS,5c90387b7615e48febbf9dc1d7a48259,high severity,0.3627784848213196,"['high severity', 'critical', 'medium severity', 'moderate severity', 'low severity']","[0.3627784848213196, 0.2922252416610718, 0.15772894024848938, 0.1042107343673706, 0.08305656164884567]",success
facebook_bart,LARYNGEAL PAPILLOMA.,c88911aa0bf3ab7840051c18e9f40087,low severity,0.41898977756500244,"['low severity', 'moderate severity', 'medium severity', 'critical', 'high severity']","[0.41898977756500244, 0.18812549114227295, 0.1566496044397354, 0.12774837017059326, 0.10848677158355713]",success
facebook_bart,SYNCOPE,0fca382de040c6bc78367b0ecb6a43e8,critical,0.4200342893600464,"['critical', 'moderate severity', 'medium severity', 'low severity', 'high severity']","[0.4200342893600464, 0.1939718872308731, 0.17438644170761108, 0.11385901272296906, 0.09774840623140335]",success
facebook_bart,SUBGLOTTIC GRANULOMA,2f6c800defd33453e0c9a13e2fbad2f1,low severity,0.7543912529945374,"['low severity', 'medium severity', 'high severity', 'moderate severity', 'critical']","[0.7543912529945374, 0.09309595078229904, 0.06493927538394928, 0.05381214618682861, 0.03376141935586929]",success
facebook_bart,PT SANO,b8aabbda401348c46c45211a1ec0655c,critical,0.3103023171424866,"['critical', 'medium severity', 'moderate severity', 'high severity', 'low severity']","[0.3103023171424866, 0.19919157028198242, 0.17824849486351013, 0.17689892649650574, 0.13535872101783752]",success
facebook_bart,"LEFT HAND INJURY, MORE URINARY INCONTINENCE",dce383651c70bd2792962713d97e5253,high severity,0.5507243871688843,"['high severity', 'critical', 'medium severity', 'low severity', 'moderate severity']","[0.5507243871688843, 0.20822805166244507, 0.15059596300125122, 0.04611292481422424, 0.04433868080377579]",success
facebook_bart,DISTAL RADIUS FRACTURE,7f9fa9e7214948945a1dd02bdf02d6dd,high severity,0.2450786679983139,"['high severity', 'moderate severity', 'critical', 'medium severity', 'low severity']","[0.2450786679983139, 0.21362851560115814, 0.2079104334115982, 0.1949175000190735, 0.13846489787101746]",success
facebook_bart,VOCAL CORD POLYP,d5da2c3b5a96c9582b40fcb57b55dcd0,critical,0.3925391733646393,"['critical', 'medium severity', 'high severity', 'moderate severity', 'low severity']","[0.3925391733646393, 0.169680655002594, 0.16190867125988007, 0.1496022343635559, 0.12626926600933075]",success
facebook_bart,RIGHT HAND TRAUMA,e59969cf5dede76c63e851c32c38147a,critical,0.37690863013267517,"['critical', 'medium severity', 'moderate severity', 'high severity', 'low severity']","[0.37690863013267517, 0.20843695104122162, 0.19063377380371094, 0.12905848026275635, 0.09496214240789413]",success
facebook_bart,H UMBILICAL,e8787f9ed8f02ec0aeb89adc6e66002b,moderate severity,0.2734624147415161,"['moderate severity', 'low severity', 'medium severity', 'high severity', 'critical']","[0.2734624147415161, 0.26037099957466125, 0.2510961890220642, 0.16291266679763794, 0.05215773731470108]",success
facebook_bart,LEFT BREAST TUMOR,5ba719c0416a83b587e5ffa21b7be0b9,critical,0.31012192368507385,"['critical', 'high severity', 'medium severity', 'moderate severity', 'low severity']","[0.31012192368507385, 0.3067704439163208, 0.1799786239862442, 0.12786372005939484, 0.07526534050703049]",success
facebook_bart,ABDOMINAL PAIN LOCATED IN THE UPPER PART,2cb3fb7cb74f0461d2018ece8a7f76e4,critical,0.26907649636268616,"['critical', 'high severity', 'medium severity', 'moderate severity', 'low severity']","[0.26907649636268616, 0.2503208518028259, 0.23030680418014526, 0.1390799880027771, 0.11121587455272675]",success
facebook_bart,ANKYLOSING SPOONDIITIS,380d6b26c8e2f3b3594b6f6a4bf4d4d8,high severity,0.529156506061554,"['high severity', 'critical', 'medium severity', 'low severity', 'moderate severity']","[0.529156506061554, 0.30375102162361145, 0.0751681700348854, 0.06343395262956619, 0.02849036268889904]",success
facebook_bart,TERMINATE PREGNANCY,c968319a4bcd9e26d3882952fa68c30f,high severity,0.3151811361312866,"['high severity', 'critical', 'medium severity', 'low severity', 'moderate severity']","[0.3151811361312866, 0.24565720558166504, 0.2072872668504715, 0.12015029042959213, 0.11172407120466232]",success
facebook_bart,HAMMER TOE RIGHT FOOT,0f00fc264633d1e155d4bb498190b069,high severity,0.6791357398033142,"['high severity', 'critical', 'medium severity', 'low severity', 'moderate severity']","[0.6791357398033142, 0.20789046585559845, 0.0658656656742096, 0.02428681217133999, 0.02282131090760231]",success
facebook_bart,LOWER PAIN,1408f5655cf583e821a0183f777b1247,low severity,0.7103923559188843,"['low severity', 'moderate severity', 'medium severity', 'critical', 'high severity']","[0.7103923559188843, 0.17220604419708252, 0.08343395590782166, 0.02764669805765152, 0.006320970132946968]",success
facebook_bart,CYST IN HEAD OF PANCREAS.,601487feb272b405043cf9b91f9a80c8,critical,0.3388393521308899,"['critical', 'medium severity', 'moderate severity', 'high severity', 'low severity']","[0.3388393521308899, 0.19425375759601593, 0.1916818469762802, 0.17545782029628754, 0.09976722300052643]",success
facebook_bart,"SEPTUM DESIATION, ORNET HYPERTROPHY.",68f6cf2b8b87240e893c9f52acc2025e,high severity,0.7042255401611328,"['high severity', 'critical', 'medium severity', 'moderate severity', 'low severity']","[0.7042255401611328, 0.1470792591571808, 0.06053756922483444, 0.05889979377388954, 0.029257845133543015]",success
facebook_bart,RIGHT HAND 3 FINGER EXTENSOR INJURY,af09c62101c1c42f738f4d822b41a4d4,high severity,0.3971249759197235,"['high severity', 'critical', 'medium severity', 'moderate severity', 'low severity']","[0.3971249759197235, 0.2503226697444916, 0.17211736738681793, 0.10098952054977417, 0.07944546639919281]",success
facebook_bart,CONDOMATOSIS,8402b656d034c1dc72d58171f84d3dfb,high severity,0.37661173939704895,"['high severity', 'critical', 'low severity', 'medium severity', 'moderate severity']","[0.37661173939704895, 0.22477683424949646, 0.1993214190006256, 0.14448264241218567, 0.054807357490062714]",success
facebook_bart,BILE DUCT STENOSIS.,ed5771734a0ffa45ade4614f42acfab9,high severity,0.392374724149704,"['high severity', 'critical', 'medium severity', 'low severity', 'moderate severity']","[0.392374724149704, 0.333240807056427, 0.10518564283847809, 0.096376933157444, 0.07282190024852753]",success
facebook_bart,HEALTHY PTE,572f4e8bacc97488897947c92f2c07d9,moderate severity,0.45828911662101746,"['moderate severity', 'low severity', 'medium severity', 'critical', 'high severity']","[0.45828911662101746, 0.3607056140899658, 0.09901471436023712, 0.07504412531852722, 0.0069465236738324165]",success
facebook_bart,BONE CYST OF RIGHT CLAVICLE,bd242314a7dbf8707d639985d08b0a53,high severity,0.5978409647941589,"['high severity', 'critical', 'medium severity', 'low severity', 'moderate severity']","[0.5978409647941589, 0.14406873285770416, 0.1157274916768074, 0.07811351120471954, 0.06424924731254578]",success
facebook_bart,SUBMAXILLARY MASS,f6b2015c32c7e4de6925eeddf7c3fddc,high severity,0.5397247672080994,"['high severity', 'medium severity', 'critical', 'low severity', 'moderate severity']","[0.5397247672080994, 0.2550332546234131, 0.08616754412651062, 0.07623952627182007, 0.04283491149544716]",success
facebook_bart,LEFT SHOULDER INJURY,09b2f59583e1ee6bfff3a0f96ffbbf61,high severity,0.284583181142807,"['high severity', 'medium severity', 'critical', 'moderate severity', 'low severity']","[0.284583181142807, 0.24325965344905853, 0.224813774228096, 0.1456957310438156, 0.10164766013622284]",success
facebook_bart,FRACTURE OF THE LOWER EPIPHYSIS OF THE T,aeb9094e3271989276beccd3371bab65,low severity,0.7836313843727112,"['low severity', 'critical', 'medium severity', 'moderate severity', 'high severity']","[0.7836313843727112, 0.10456594079732895, 0.04804425686597824, 0.04228949174284935, 0.021468909457325935]",success
facebook_bart,HYPERTROPHY OF THE ADENOIDS,8e78f729001e86d0beb5cb44f3550711,high severity,0.8776533603668213,"['high severity', 'critical', 'medium severity', 'low severity', 'moderate severity']","[0.8776533603668213, 0.07124990224838257, 0.028298161923885345, 0.011746486648917198, 0.011052067391574383]",success
facebook_bart,REFLUX AND CONSTIPATION,91948dad1b5859368b42cc05aeefdc34,critical,0.37164366245269775,"['critical', 'medium severity', 'moderate severity', 'high severity', 'low severity']","[0.37164366245269775, 0.1994388848543167, 0.1750338226556778, 0.16252745687961578, 0.09135615080595016]",success
facebook_bart,HYDROCELE,2083ee0c595d618bf6f80e078bfe5d9c,high severity,0.6360077857971191,"['high severity', 'critical', 'medium severity', 'low severity', 'moderate severity']","[0.6360077857971191, 0.10000686347484589, 0.09988801181316376, 0.08632264286279678, 0.07777471095323563]",success
facebook_bart,TONSIL ADENOID HYPERTROPHY,8544b25806c375ea82fbe7c02c682378,high severity,0.8139678239822388,"['high severity', 'critical', 'medium severity', 'moderate severity', 'low severity']","[0.8139678239822388, 0.08140101283788681, 0.058944880962371826, 0.024543331936001778, 0.021142948418855667]",success
facebook_bart,STRAIGHT TUMNOR,b10c1ea38dd98efee954764c4bc86685,high severity,0.3604044020175934,"['high severity', 'critical', 'low severity', 'medium severity', 'moderate severity']","[0.3604044020175934, 0.2869557738304138, 0.16750966012477875, 0.09544525295495987, 0.0896848738193512]",success
facebook_bart,FACES BIG EYES,e20b53dda6235e1823304280f7e44964,high severity,0.3801984488964081,"['high severity', 'critical', 'medium severity', 'moderate severity', 'low severity']","[0.3801984488964081, 0.3211590349674225, 0.13074180483818054, 0.10608498007059097, 0.06181573122739792]",success
facebook_bart,BALANITIS,27efe0060300e9565178f1f3b5826200,high severity,0.40736642479896545,"['high severity', 'critical', 'medium severity', 'low severity', 'moderate severity']","[0.40736642479896545, 0.21664157509803772, 0.17795304954051971, 0.1407179832458496, 0.05732104182243347]",success
facebook_bart,SKIN INJURIES,0c8f6ae930d1cf13f5a931440697079a,high severity,0.36208316683769226,"['high severity', 'medium severity', 'critical', 'moderate severity', 'low severity']","[0.36208316683769226, 0.21912838518619537, 0.18407662212848663, 0.1367475837469101, 0.09796420484781265]",success
facebook_bart,COUGH STUDY,c817018fafef70e9ab654a83b306f9b5,critical,0.3217310607433319,"['critical', 'high severity', 'medium severity', 'low severity', 'moderate severity']","[0.3217310607433319, 0.23368307948112488, 0.193910613656044, 0.12803791463375092, 0.12263733148574829]",success
facebook_bart,MAXILLOFACIAL TRAUMA,108a1fc05a7f53aa9853172c82bcf48f,high severity,0.8071532249450684,"['high severity', 'critical', 'medium severity', 'low severity', 'moderate severity']","[0.8071532249450684, 0.1518060564994812, 0.02049703150987625, 0.011826874688267708, 0.008716782554984093]",success
facebook_bart,VOMIT,c478432906f484092c45687047f02a8f,high severity,0.539328932762146,"['high severity', 'critical', 'medium severity', 'low severity', 'moderate severity']","[0.539328932762146, 0.28675344586372375, 0.09345115721225739, 0.04963727295398712, 0.0308291744440794]",success
facebook_bart,SD. CONVULSIVE,12d5db8a12957421cc47c509edd54c17,low severity,0.38330233097076416,"['low severity', 'moderate severity', 'medium severity', 'high severity', 'critical']","[0.38330233097076416, 0.2958108186721802, 0.1426597684621811, 0.13095995783805847, 0.04726719856262207]",success
facebook_bart,BLADDER NECK OBSTRUCTION,09c72088b7c891c53f3deaf5cc376f89,high severity,0.4506599009037018,"['high severity', 'critical', 'medium severity', 'low severity', 'moderate severity']","[0.4506599009037018, 0.29139575362205505, 0.12317728996276855, 0.0721609890460968, 0.06260602176189423]",success
facebook_bart,POP LEFT SHOULDER INJURY,e3794f2fbafa63dea6f3a5d7a8e71723,critical,0.2963009774684906,"['critical', 'high severity', 'medium severity', 'moderate severity', 'low severity']","[0.2963009774684906, 0.27740681171417236, 0.20687434077262878, 0.11858642846345901, 0.10083137452602386]",success
facebook_bart,NODULAR LESION,03e2f94855e63ee7d22168ffbf3287a5,low severity,0.6015888452529907,"['low severity', 'moderate severity', 'medium severity', 'critical', 'high severity']","[0.6015888452529907, 0.2349710613489151, 0.07595126330852509, 0.06523004174232483, 0.022258739918470383]",success
facebook_bart,HYPERTROPHY OF ADENOIDS AND CORNETS,6cd230710005244018245ac6a018292c,high severity,0.8883295059204102,"['high severity', 'critical', 'medium severity', 'moderate severity', 'low severity']","[0.8883295059204102, 0.058742623776197433, 0.028454583138227463, 0.013004815205931664, 0.011468465439975262]",success
facebook_bart,TUNOR RIGHT LEG,76cd04fca17ebd98f229b2098e0f779d,critical,0.33094409108161926,"['critical', 'medium severity', 'moderate severity', 'high severity', 'low severity']","[0.33094409108161926, 0.20169660449028015, 0.17718254029750824, 0.16989651322364807, 0.12028034031391144]",success
facebook_bart,POP OPEN PROSTATECTOMY,1d026271e0d06d9ac0dacc557c092568,critical,0.3625181019306183,"['critical', 'medium severity', 'high severity', 'moderate severity', 'low severity']","[0.3625181019306183, 0.18838904798030853, 0.18199995160102844, 0.15878726541996002, 0.10830562561750412]",success
facebook_bart,AUTOIMMUNE HEPATITIS,7c5f1e86ce2b8ebeeee35314a18e15cf,medium severity,0.34862038493156433,"['medium severity', 'moderate severity', 'high severity', 'critical', 'low severity']","[0.34862038493156433, 0.3471991717815399, 0.1651482731103897, 0.09880483150482178, 0.04022730141878128]",success
facebook_bart,LEFT SHOULDER INJURY,09b2f59583e1ee6bfff3a0f96ffbbf61,high severity,0.28458285331726074,"['high severity', 'medium severity', 'critical', 'moderate severity', 'low severity']","[0.28458285331726074, 0.24325993657112122, 0.2248135507106781, 0.14569596946239471, 0.10164770483970642]",success
facebook_bart,TUMOR M BOTTOM LEFT,ae1350ab4033a3d887d5d587e5f54441,medium severity,0.4890535771846771,"['medium severity', 'high severity', 'moderate severity', 'critical', 'low severity']","[0.4890535771846771, 0.18151533603668213, 0.16402164101600647, 0.11255112290382385, 0.05285824090242386]",success
facebook_bart,FRACTURE DISPLACEMENT AND COLLAPSE,e9815d5829d2eb998892b64ba8e43373,high severity,0.4140813648700714,"['high severity', 'critical', 'medium severity', 'moderate severity', 'low severity']","[0.4140813648700714, 0.37054452300071716, 0.11644939333200455, 0.057238779962062836, 0.04168592020869255]",success
facebook_bart,UTERINE SYNECHIA,334dab7bee9b219e49b8a3c947c77363,high severity,0.5048038363456726,"['high severity', 'critical', 'low severity', 'moderate severity', 'medium severity']","[0.5048038363456726, 0.2684192359447479, 0.08666756749153137, 0.07496681064367294, 0.06514251232147217]",success
facebook_bart,GII VENOUS INSUFFICIENCY,3af00eb14c0a8c075202cc4762efd908,low severity,0.653123140335083,"['low severity', 'high severity', 'medium severity', 'moderate severity', 'critical']","[0.653123140335083, 0.1238538920879364, 0.12314905971288681, 0.07446958124637604, 0.025404328480362892]",success
facebook_bart,LEFT ARM TUMOR,29ca0eb9fc080a466929d18a7a594ddf,high severity,0.40801650285720825,"['high severity', 'critical', 'medium severity', 'moderate severity', 'low severity']","[0.40801650285720825, 0.28920814394950867, 0.14554864168167114, 0.09375636279582977, 0.06347032636404037]",success
facebook_bart,RE CLAVICLE FRACTURE DR,754b22802e0d8cd04078a3c4c183bc01,critical,0.42317909002304077,"['critical', 'high severity', 'medium severity', 'moderate severity', 'low severity']","[0.42317909002304077, 0.2713165581226349, 0.1435851901769638, 0.08848898112773895, 0.07343016564846039]",success
facebook_bart,"ANAL FISSURE, ANAL FISTULA.",6b80829609edc9ebefa433223b849031,high severity,0.5319226384162903,"['high severity', 'critical', 'medium severity', 'moderate severity', 'low severity']","[0.5319226384162903, 0.23858441412448883, 0.1202211081981659, 0.05500005558133125, 0.05427175760269165]",success
facebook_bart,LEFT SHOULDER ROTATOR CUFF,0782e2e638f82a829d8579ee3f10567c,critical,0.38319793343544006,"['critical', 'medium severity', 'moderate severity', 'high severity', 'low severity']","[0.38319793343544006, 0.20449024438858032, 0.16365502774715424, 0.15846040844917297, 0.0901963859796524]",success
facebook_bart,CA OF RIGHT BREAST,28270c0d8e5f6e084fc09d40cc8cadeb,critical,0.3785592317581177,"['critical', 'high severity', 'medium severity', 'moderate severity', 'low severity']","[0.3785592317581177, 0.24051786959171295, 0.19180534780025482, 0.11217443645000458, 0.07694311439990997]",success
facebook_bart,LEFT LOWER EYELID MASS,5b2c67559da2e3a5cd443831acdc8b14,low severity,0.39132532477378845,"['low severity', 'medium severity', 'critical', 'moderate severity', 'high severity']","[0.39132532477378845, 0.19228337705135345, 0.18092751502990723, 0.17134885489940643, 0.06411498039960861]",success
facebook_bart,HIGH RISK PREGNANCY,5befa9c328626090782472677918c182,high severity,0.8858478665351868,"['high severity', 'critical', 'low severity', 'medium severity', 'moderate severity']","[0.8858478665351868, 0.0939568504691124, 0.007526093162596226, 0.007051179651170969, 0.0056180343963205814]",success
facebook_bart,MAMA'S CA.,1dcb52bd67c0c262c491a0f6cf0239e9,critical,0.2768254578113556,"['critical', 'medium severity', 'moderate severity', 'high severity', 'low severity']","[0.2768254578113556, 0.24958433210849762, 0.2250775396823883, 0.16399483382701874, 0.08451780676841736]",success
facebook_bart,HYPOSPADIAS.,eb95b7b8a36612680bbd5860411ca9a3,high severity,0.8228764533996582,"['high severity', 'critical', 'medium severity', 'low severity', 'moderate severity']","[0.8228764533996582, 0.08512146770954132, 0.04529043659567833, 0.03402973338961601, 0.01268189400434494]",success
facebook_bart,STRABISMUS.,19033f9a370e74d67c80a30f95c765c7,high severity,0.5273832082748413,"['high severity', 'critical', 'medium severity', 'low severity', 'moderate severity']","[0.5273832082748413, 0.22961129248142242, 0.11769074201583862, 0.08167445659637451, 0.04364026337862015]",success
facebook_bart,DORSAL GANGLION OF LEFT WRIST,392616f3974549bf60185ed53daa3fbb,high severity,0.36195486783981323,"['high severity', 'critical', 'medium severity', 'moderate severity', 'low severity']","[0.36195486783981323, 0.3061322569847107, 0.1633538156747818, 0.09126287698745728, 0.07729624956846237]",success
facebook_bart,SD RIGHT HAND CARPAL TUNNEL,5625ad25a0dfd024bc81525b5902b92f,critical,0.33861300349235535,"['critical', 'medium severity', 'high severity', 'moderate severity', 'low severity']","[0.33861300349235535, 0.20213870704174042, 0.18041040003299713, 0.15202903747558594, 0.12680885195732117]",success
facebook_bart,SHOULDER PAIN,0dea560698d1cf16c5199d447a988fc7,high severity,0.39104339480400085,"['high severity', 'medium severity', 'low severity', 'critical', 'moderate severity']","[0.39104339480400085, 0.19471842050552368, 0.17768628895282745, 0.14836455881595612, 0.0881873294711113]",success
facebook_bart,RIGHT ANKLE TENDON INJURY,e9c46859e418223e5600c1b164e9e5e2,high severity,0.2905435860157013,"['high severity', 'medium severity', 'critical', 'low severity', 'moderate severity']","[0.2905435860157013, 0.21757051348686218, 0.1953970342874527, 0.19388432800769806, 0.10260458290576935]",success
facebook_bart,CARPAL TUNNEL SD,1bf05da4499c7bd8ee94c0e9f4c95969,low severity,0.2952210009098053,"['low severity', 'medium severity', 'critical', 'high severity', 'moderate severity']","[0.2952210009098053, 0.2429807186126709, 0.1778605431318283, 0.145780548453331, 0.13815715909004211]",success
facebook_bart,LEFT HAND TUMOR.,f84a9fd4c7c0aad4e323cc31d32e91e2,critical,0.309814989566803,"['critical', 'high severity', 'medium severity', 'moderate severity', 'low severity']","[0.309814989566803, 0.3023219406604767, 0.17001426219940186, 0.12200799584388733, 0.09584076702594757]",success
facebook_bart,PALMOPLANTAR HYPERHYDROSIS,cafbb6e745f988b6c599cc787e89bbc1,high severity,0.4584684669971466,"['high severity', 'critical', 'medium severity', 'moderate severity', 'low severity']","[0.4584684669971466, 0.26579830050468445, 0.13366901874542236, 0.09073566645383835, 0.05132853239774704]",success
facebook_bart,RIB TUMORAL LESION,83a4f9b7f9f9c22cb370a202db5b711a,high severity,0.4218122661113739,"['high severity', 'critical', 'medium severity', 'moderate severity', 'low severity']","[0.4218122661113739, 0.2012033611536026, 0.15302173793315887, 0.11718960106372833, 0.10677305608987808]",success
facebook_bart,SUBLINGUAL HEMANGIOMA,2138453851dce27c7c89f503cb329775,critical,0.32849425077438354,"['critical', 'medium severity', 'moderate severity', 'high severity', 'low severity']","[0.32849425077438354, 0.22147201001644135, 0.19525644183158875, 0.16749314963817596, 0.08728419244289398]",success
facebook_bart,HAND GANGLION,7fa0967a2dd324cc1ce5dd3f8506ba4e,critical,0.2701450288295746,"['critical', 'medium severity', 'high severity', 'moderate severity', 'low severity']","[0.2701450288295746, 0.2261568307876587, 0.19074833393096924, 0.18980783224105835, 0.12314200401306152]",success
facebook_bart,LEFT HIP POP,4f9b6c4f9120dc6c32e151b0ae29b106,critical,0.30993831157684326,"['critical', 'high severity', 'medium severity', 'moderate severity', 'low severity']","[0.30993831157684326, 0.29236549139022827, 0.19356049597263336, 0.1203061193227768, 0.0838295966386795]",success
facebook_bart,ILEOSTOMY,888aa606325b9eac997bf05c1b4e280c,high severity,0.4663889706134796,"['high severity', 'critical', 'medium severity', 'low severity', 'moderate severity']","[0.4663889706134796, 0.18549279868602753, 0.14365068078041077, 0.11393765360116959, 0.0905299186706543]",success
facebook_bart,THYROID NODULE,2f258a02e91030029cbd9e2b817006b9,low severity,0.3987574875354767,"['low severity', 'critical', 'high severity', 'medium severity', 'moderate severity']","[0.3987574875354767, 0.18861286342144012, 0.1600935012102127, 0.13942670822143555, 0.11310947686433792]",success
facebook_bart,EPILEPSY,7e20fa179f0609ed0aed3f40608bfa8e,high severity,0.5315640568733215,"['high severity', 'critical', 'medium severity', 'low severity', 'moderate severity']","[0.5315640568733215, 0.2173793613910675, 0.10502345860004425, 0.07941421866416931, 0.0666188970208168]",success
facebook_bart,OST ATERIAL,d8b4caf5fc26cfaf6d1b5c643d64aa39,high severity,0.7322005033493042,"['high severity', 'critical', 'medium severity', 'low severity', 'moderate severity']","[0.7322005033493042, 0.11445905268192291, 0.08094809949398041, 0.04042379558086395, 0.03196852654218674]",success
facebook_bart,SDME CARPAL TUNNEL,ab1d745b865ec1139953c0e0a920662a,moderate severity,0.2861001789569855,"['moderate severity', 'critical', 'medium severity', 'low severity', 'high severity']","[0.2861001789569855, 0.24986469745635986, 0.23436914384365082, 0.11599492281675339, 0.11367098242044449]",success
facebook_bart,MENISCAL INJURY,090c0b602eeb59947049c460656166fe,moderate severity,0.4624024033546448,"['moderate severity', 'low severity', 'medium severity', 'high severity', 'critical']","[0.4624024033546448, 0.27440962195396423, 0.2552447021007538, 0.005809325724840164, 0.002133941277861595]",success
facebook_bart,TENOSYNOVITIS,04a7dcf2d977f522dc3bbe6023904980,high severity,0.5307196974754333,"['high severity', 'critical', 'medium severity', 'low severity', 'moderate severity']","[0.5307196974754333, 0.17251774668693542, 0.13518299162387848, 0.10016961395740509, 0.06140996515750885]",success
facebook_bart,MENISCUS INJURY,be77975c7aa92944e6b0ae9170b3348a,moderate severity,0.5487866997718811,"['moderate severity', 'medium severity', 'low severity', 'high severity', 'critical']","[0.5487866997718811, 0.2473783791065216, 0.16264283657073975, 0.028362439945340157, 0.012829583138227463]",success
facebook_bart,TUMOR IN TESTICLE,4b8dc32e0f063d8c6b864425062d3302,high severity,0.4192955791950226,"['high severity', 'critical', 'medium severity', 'moderate severity', 'low severity']","[0.4192955791950226, 0.3564801812171936, 0.10629852861166, 0.06490945816040039, 0.05301624909043312]",success
facebook_bart,ABNORMAL UTERINE BLEEDING.,e5eace50fc3680623611f488ab41d0d4,moderate severity,0.6158241629600525,"['moderate severity', 'low severity', 'medium severity', 'critical', 'high severity']","[0.6158241629600525, 0.17849980294704437, 0.16914509236812592, 0.029279427602887154, 0.007251470349729061]",success
facebook_bart,ENDOMETRIAL HYPERPLASIA,7eeba681c456a4216c87cafd08a157ea,high severity,0.8216277956962585,"['high severity', 'critical', 'medium severity', 'low severity', 'moderate severity']","[0.8216277956962585, 0.09975157678127289, 0.03551515191793442, 0.026815786957740784, 0.016289709135890007]",success
facebook_bart,ANAL FISSURE,07c99b935e51af1b28af0107d3c6e478,critical,0.3271087110042572,"['critical', 'high severity', 'medium severity', 'moderate severity', 'low severity']","[0.3271087110042572, 0.22986410558223724, 0.19700972735881805, 0.14847750961780548, 0.09753994643688202]",success
facebook_bart,"CHRONIC OTITS MEDIA, OTOSCLEROSIS.",9725f898381a843767eb8650383e82df,critical,0.6752815246582031,"['critical', 'high severity', 'medium severity', 'low severity', 'moderate severity']","[0.6752815246582031, 0.271647185087204, 0.031237641349434853, 0.012383152730762959, 0.009450523182749748]",success
facebook_bart,PALATE TUMOR,00623431b62aec1e1f9c2dc2b50b65a5,high severity,0.28462398052215576,"['high severity', 'low severity', 'moderate severity', 'medium severity', 'critical']","[0.28462398052215576, 0.2755168676376343, 0.2033998817205429, 0.12886063754558563, 0.10759865492582321]",success
facebook_bart,LEFT CARPAL TUNNEL,79d7658bcfb2257f2d4093fa1b2d2a97,critical,0.38311102986335754,"['critical', 'medium severity', 'moderate severity', 'high severity', 'low severity']","[0.38311102986335754, 0.1918642669916153, 0.18238431215286255, 0.13498914241790771, 0.10765121132135391]",success
facebook_bart,CHRONIC DIARRHEA,a6cddd09df6ac6d5d51a596d8aa1b04d,high severity,0.5307705998420715,"['high severity', 'critical', 'medium severity', 'low severity', 'moderate severity']","[0.5307705998420715, 0.425374299287796, 0.020460478961467743, 0.013039568439126015, 0.010355080477893353]",success
facebook_bart,CA ESCAMOCELL LEFT CONJUNCTIVA,b03414e5324cf94d236ecf5d20b4e7c2,critical,0.3780975937843323,"['critical', 'high severity', 'medium severity', 'moderate severity', 'low severity']","[0.3780975937843323, 0.25268352031707764, 0.24547365307807922, 0.06985628604888916, 0.053888943046331406]",success
facebook_bart,TYMPANICAL PERFORATION HYPOACUSIS,3b2fc2114343b6e7c889a2d3803c2a56,high severity,0.7718809247016907,"['high severity', 'critical', 'medium severity', 'low severity', 'moderate severity']","[0.7718809247016907, 0.11985811591148376, 0.06233401224017143, 0.028517669066786766, 0.017409272491931915]",success
facebook_bart,POP FINGERS IN BILATERAL HAMMER,21b7277679d4b2ed86de00f424670b67,medium severity,0.34032997488975525,"['medium severity', 'moderate severity', 'high severity', 'critical', 'low severity']","[0.34032997488975525, 0.2815250754356384, 0.26868146657943726, 0.07634352892637253, 0.033119916915893555]",success
facebook_bart,LEFT EQUINUUS VARUUS FOOT,bd20b1672c795e84339feded143e9c63,critical,0.29008182883262634,"['critical', 'moderate severity', 'medium severity', 'low severity', 'high severity']","[0.29008182883262634, 0.2528281509876251, 0.23777933418750763, 0.11031068116426468, 0.10900004953145981]",success
facebook_bart,EOSINOPHILIC ESOPHAGITIS,e3992dde79b8ee7c0824b367ef0fc179,high severity,0.3843434453010559,"['high severity', 'critical', 'medium severity', 'low severity', 'moderate severity']","[0.3843434453010559, 0.259554386138916, 0.1315423548221588, 0.12390421330928802, 0.10065560042858124]",success
facebook_bart,RIGHT TIBIA OSTEOID OSTEOMA,7a22cc24ee07b417a32d663d821191db,high severity,0.29587522149086,"['high severity', 'medium severity', 'critical', 'low severity', 'moderate severity']","[0.29587522149086, 0.265342652797699, 0.22525405883789062, 0.11584798246622086, 0.09768003970384598]",success
facebook_bart,INTRA-ARTICULAR FX PROXIMAL PHALANGE RIGHT FOOT,c8d5da25f36ea677695d8dd86debddf2,critical,0.3203790783882141,"['critical', 'medium severity', 'moderate severity', 'high severity', 'low severity']","[0.3203790783882141, 0.2529739439487457, 0.2295580506324768, 0.12815342843532562, 0.06893552094697952]",success
facebook_bart,PEPTICA ACID DISEASE,acb9baed9bf9e12adb086263d3babc9f,critical,0.407571017742157,"['critical', 'high severity', 'medium severity', 'moderate severity', 'low severity']","[0.407571017742157, 0.268344521522522, 0.1558205634355545, 0.09158845245838165, 0.07667549699544907]",success
facebook_bart,RIGHT HAND CARPAL TUNNEL,119ec76045374009559ac8f0ddde4ca3,critical,0.38753700256347656,"['critical', 'moderate severity', 'medium severity', 'high severity', 'low severity']","[0.38753700256347656, 0.19265006482601166, 0.19020821154117584, 0.12937523424625397, 0.10022946447134018]",success
facebook_bart,FX MALEOLO EXT MII,80a05f6fa9923a45cdb3718c4df51259,medium severity,0.5036651492118835,"['medium severity', 'moderate severity', 'high severity', 'critical', 'low severity']","[0.5036651492118835, 0.17257337272167206, 0.15276068449020386, 0.12203263491392136, 0.04896818846464157]",success
facebook_bart,HYPERHYDROSIS OF HANDS AND ARMPITS,b31e57f3e493247f839f42830db89daa,high severity,0.8260898590087891,"['high severity', 'critical', 'medium severity', 'moderate severity', 'low severity']","[0.8260898590087891, 0.11469752341508865, 0.02793007530272007, 0.015686308965086937, 0.015596228651702404]",success
facebook_bart,SACROCOCCYGEAL TERATOMA.,06a36d5bfb5e27fb29f1a430353e41f3,high severity,0.7296558022499084,"['high severity', 'critical', 'medium severity', 'low severity', 'moderate severity']","[0.7296558022499084, 0.15610000491142273, 0.053105734288692474, 0.0372687503695488, 0.023869667202234268]",success
facebook_bart,CHRONIC COUGH,bf056060fe72dd89ddc2443cfa02ea61,critical,0.4788195490837097,"['critical', 'high severity', 'medium severity', 'low severity', 'moderate severity']","[0.4788195490837097, 0.4455587863922119, 0.03710118681192398, 0.023774506524205208, 0.014745932072401047]",success
facebook_bart,BLADDER POLYP,b79cee75d130f86f7d64767e3f36214a,high severity,0.443188339471817,"['high severity', 'low severity', 'critical', 'medium severity', 'moderate severity']","[0.443188339471817, 0.3447880446910858, 0.17344287037849426, 0.025973191484808922, 0.012607633136212826]",success
facebook_bart,PTERYGION,9ede562066a266bc900cda71df15df67,critical,0.32743707299232483,"['critical', 'high severity', 'moderate severity', 'medium severity', 'low severity']","[0.32743707299232483, 0.3051304817199707, 0.15373370051383972, 0.10727925598621368, 0.10641948878765106]",success
facebook_bart,BLADDER CA,1cc5b5d2b8ba3ba9673aa2a483e41d12,high severity,0.4740040898323059,"['high severity', 'low severity', 'critical', 'medium severity', 'moderate severity']","[0.4740040898323059, 0.2830491364002228, 0.16770650446414948, 0.048825740814208984, 0.02641456387937069]",success
facebook_bart,CONSTIPATION,2bf4669ab3893d82bbf1aa6b67c6f227,critical,0.41577810049057007,"['critical', 'high severity', 'medium severity', 'moderate severity', 'low severity']","[0.41577810049057007, 0.3110876977443695, 0.12982864677906036, 0.08113139122724533, 0.06217414513230324]",success
facebook_bart,RIGHT NEPHROLITHIASIS,d503a850d9cda5bc515f9afde68f49ac,critical,0.3071465492248535,"['critical', 'medium severity', 'moderate severity', 'high severity', 'low severity']","[0.3071465492248535, 0.20297086238861084, 0.19075000286102295, 0.16004647314548492, 0.13908608257770538]",success
facebook_bart,ROLL ARTHROSIS,e8666564546944e66d04c77ac4d250d3,high severity,0.4945976436138153,"['high severity', 'critical', 'medium severity', 'low severity', 'moderate severity']","[0.4945976436138153, 0.3330359160900116, 0.09342571347951889, 0.04987209662795067, 0.02906861901283264]",success
facebook_bart,THYROID CA.,ed3f44ca4a6734cac3e32cf76b9cf5e0,high severity,0.3465166687965393,"['high severity', 'medium severity', 'critical', 'moderate severity', 'low severity']","[0.3465166687965393, 0.184753879904747, 0.17981946468353271, 0.14635297656059265, 0.14255701005458832]",success
facebook_bart,ELBOW OSTEOMYELITIS,81fc1b357eb48e80a0620d82b3335a71,high severity,0.38444095849990845,"['high severity', 'critical', 'low severity', 'medium severity', 'moderate severity']","[0.38444095849990845, 0.21011143922805786, 0.17028726637363434, 0.1555880755186081, 0.07957229018211365]",success
facebook_bart,TERATOMA IN THE RIGHT OVARY,72ee9a80a33acf2207ff70a9d6a0add7,critical,0.5226985812187195,"['critical', 'moderate severity', 'medium severity', 'low severity', 'high severity']","[0.5226985812187195, 0.25838392972946167, 0.10887457430362701, 0.07325422763824463, 0.03678867593407631]",success
facebook_bart,GENITAL PROLAPSE,e52d5b27385848683d958fb65082dc03,critical,0.36155664920806885,"['critical', 'high severity', 'medium severity', 'moderate severity', 'low severity']","[0.36155664920806885, 0.23141957819461823, 0.19434773921966553, 0.11874702572822571, 0.0939289927482605]",success
facebook_bart,RIGHT ANNEXAL INJURY,71e3188e6bb0c83cdc443ccf541ddc3c,high severity,0.4261569678783417,"['high severity', 'medium severity', 'moderate severity', 'low severity', 'critical']","[0.4261569678783417, 0.1976483017206192, 0.1488649696111679, 0.13330107927322388, 0.09402868151664734]",success
facebook_bart,LEFT EYE INJURY,5ada7707be07a00e310dcff5c90e5241,high severity,0.34250032901763916,"['high severity', 'critical', 'medium severity', 'moderate severity', 'low severity']","[0.34250032901763916, 0.2686268985271454, 0.20266027748584747, 0.11272118240594864, 0.07349131256341934]",success
facebook_bart,SIZE IN P10,e331ac82622c6ba2b8a05a4f04795925,medium severity,0.256458580493927,"['medium severity', 'critical', 'high severity', 'moderate severity', 'low severity']","[0.256458580493927, 0.22156144678592682, 0.18640555441379547, 0.1792553961277008, 0.15631897747516632]",success
facebook_bart,RIGHT KNEE MENISCUS INJURY,85dd5dca665b008790665b3cb01bf02c,high severity,0.3563219904899597,"['high severity', 'medium severity', 'moderate severity', 'low severity', 'critical']","[0.3563219904899597, 0.20054791867733002, 0.19983096420764923, 0.13055282831192017, 0.11274632811546326]",success
facebook_bart,SEVERE LEFT EYE TRAUMA,e86b9a83f9a4d252f3f1dad882168d94,high severity,0.8836193680763245,"['high severity', 'critical', 'low severity', 'moderate severity', 'medium severity']","[0.8836193680763245, 0.07855618745088577, 0.015075618401169777, 0.012086325325071812, 0.010662478394806385]",success
facebook_bart,SD ARNOLD CHIARI,946c48d395634a70012d888f1fd4f908,critical,0.31231606006622314,"['critical', 'high severity', 'medium severity', 'moderate severity', 'low severity']","[0.31231606006622314, 0.28304576873779297, 0.17727753520011902, 0.13644392788410187, 0.09091675281524658]",success
facebook_bart,MICRGLANDULAR ADENOSIS,3fcb2d9cf843bc633eecaf697c104e6e,moderate severity,0.6654286980628967,"['moderate severity', 'medium severity', 'critical', 'high severity', 'low severity']","[0.6654286980628967, 0.1290442943572998, 0.10705838352441788, 0.07936999946832657, 0.01909869909286499]",success
facebook_bart,EYE TRAUMA,a4d457c429a2a10853538ec9540515a6,critical,0.3585079312324524,"['critical', 'high severity', 'medium severity', 'moderate severity', 'low severity']","[0.3585079312324524, 0.3068467080593109, 0.1673302799463272, 0.09313695132732391, 0.07417818158864975]",success
facebook_bart,CONGENITAL GLAUCOMA,8461a9a7ba4984ddcc245e7cd1c0f4b1,critical,0.5238478183746338,"['critical', 'high severity', 'medium severity', 'low severity', 'moderate severity']","[0.5238478183746338, 0.18214456737041473, 0.1665051132440567, 0.06580337136983871, 0.06169908866286278]",success
facebook_bart,"MYOMATOSIS, CYSTOPEXY.",b9bd2fba3b1b47767118b49138a5892a,medium severity,0.2650114595890045,"['medium severity', 'high severity', 'critical', 'moderate severity', 'low severity']","[0.2650114595890045, 0.23738200962543488, 0.18380175530910492, 0.15741121768951416, 0.15639352798461914]",success
facebook_bart,LLA,12606487276650180570ece64f6c41dc,low severity,0.5483163595199585,"['low severity', 'medium severity', 'moderate severity', 'high severity', 'critical']","[0.5483163595199585, 0.13792867958545685, 0.11611875891685486, 0.1001618355512619, 0.09747442603111267]",success
facebook_bart,DESMOID TUMOR.,42e4527f2a4d9134a17767bb57eccefd,low severity,0.47863367199897766,"['low severity', 'critical', 'high severity', 'medium severity', 'moderate severity']","[0.47863367199897766, 0.23678390681743622, 0.2159198522567749, 0.03797982260584831, 0.03068273328244686]",success
facebook_bart,PAINFUL SECELATIONS OF ANKLE TRAUMA,99d1803ae7e5cee8acc5f085467d9b7b,high severity,0.5786240100860596,"['high severity', 'critical', 'medium severity', 'low severity', 'moderate severity']","[0.5786240100860596, 0.28131765127182007, 0.079603411257267, 0.032440390437841415, 0.0280145350843668]",success
facebook_bart,SD ROBINOW.,bf8bd7ec53456f61ce4f7859fb32434d,high severity,0.3842613697052002,"['high severity', 'critical', 'medium severity', 'low severity', 'moderate severity']","[0.3842613697052002, 0.21657420694828033, 0.16502933204174042, 0.13532909750938416, 0.0988059788942337]",success
facebook_bart,KNEE TRAUMA,2d93163ea39881347c2682c390629a6a,critical,0.39225882291793823,"['critical', 'high severity', 'medium severity', 'moderate severity', 'low severity']","[0.39225882291793823, 0.23717081546783447, 0.18668793141841888, 0.09753251075744629, 0.08634991198778152]",success
facebook_bart,GASTROESOPHAGEAL REFLUX.,43c7f3b806e28141b2e0e7b12c15da90,critical,0.2906617820262909,"['critical', 'high severity', 'medium severity', 'moderate severity', 'low severity']","[0.2906617820262909, 0.2787390947341919, 0.18054687976837158, 0.14810796082019806, 0.10194429010152817]",success
facebook_bart,BASIC CELLULAR CA,fa536c0087754515240ffe71b20c2919,medium severity,0.2406964898109436,"['medium severity', 'critical', 'moderate severity', 'low severity', 'high severity']","[0.2406964898109436, 0.22091971337795258, 0.21276579797267914, 0.17821863293647766, 0.14739932119846344]",success
facebook_bart,LEFT INGUINAL HERNIA.,8ec95b26e13b6fb912f8415db6e4f0b4,medium severity,0.275872141122818,"['medium severity', 'critical', 'high severity', 'moderate severity', 'low severity']","[0.275872141122818, 0.23797239363193512, 0.1903497576713562, 0.18315887451171875, 0.11264686286449432]",success
facebook_bart,URINARY INCONINENCE,54cad3a99b3ee499e4ac5359c297ba43,low severity,0.2519941031932831,"['low severity', 'critical', 'high severity', 'medium severity', 'moderate severity']","[0.2519941031932831, 0.22834059596061707, 0.21233072876930237, 0.20006711781024933, 0.10726747661828995]",success
facebook_bart,FRACTURE OF V METACARPAL RIGHT HAND,c116ed13c8f2a3384a56fbfcb53a3685,medium severity,0.6279175281524658,"['medium severity', 'moderate severity', 'critical', 'high severity', 'low severity']","[0.6279175281524658, 0.3286507725715637, 0.026507867500185966, 0.011621519923210144, 0.00530239287763834]",success
facebook_bart,LEFT HAND SCAPHOID FRACTURE,24b5f91e7165c477cf25cb1545c91185,high severity,0.2550651729106903,"['high severity', 'medium severity', 'critical', 'low severity', 'moderate severity']","[0.2550651729106903, 0.2454194873571396, 0.20819173753261566, 0.18963468074798584, 0.10168895870447159]",success
facebook_bart,MULTIPLE MYELOMA,ada1110b3abf253b27984a995edac9b7,medium severity,0.5012359619140625,"['medium severity', 'moderate severity', 'high severity', 'critical', 'low severity']","[0.5012359619140625, 0.3363551199436188, 0.10966397821903229, 0.04062207043170929, 0.012122897431254387]",success
facebook_bart,GASTROESYPHAGEAL REFLUX,83f8454d2d122521078fa587a7b63256,critical,0.2784913182258606,"['critical', 'high severity', 'medium severity', 'moderate severity', 'low severity']","[0.2784913182258606, 0.24158446490764618, 0.19055378437042236, 0.1514909565448761, 0.13787949085235596]",success
facebook_bart,CHRONIC SINUSITIS.,695252212f403a6328800535c8874b56,high severity,0.4957689642906189,"['high severity', 'critical', 'medium severity', 'low severity', 'moderate severity']","[0.4957689642906189, 0.4356805980205536, 0.03634660691022873, 0.018181579187512398, 0.014022243209183216]",success
facebook_bart,INTRAUTERINE DEVICE,b466ee8b95dd5999af705fead560e653,critical,0.36010122299194336,"['critical', 'moderate severity', 'medium severity', 'high severity', 'low severity']","[0.36010122299194336, 0.1981317102909088, 0.19649924337863922, 0.157790869474411, 0.08747691661119461]",success
facebook_bart,RIGHT HAND CARPAL TUNNEL,119ec76045374009559ac8f0ddde4ca3,critical,0.387536883354187,"['critical', 'moderate severity', 'medium severity', 'high severity', 'low severity']","[0.387536883354187, 0.19265015423297882, 0.19020800292491913, 0.1293753683567047, 0.10022959858179092]",success
facebook_bart,PERINANAL WARTS.,485eed1ce05480280ddec84997b0a6d9,high severity,0.5126935839653015,"['high severity', 'critical', 'medium severity', 'moderate severity', 'low severity']","[0.5126935839653015, 0.18662437796592712, 0.14780160784721375, 0.07808411866426468, 0.07479625940322876]",success
facebook_bart,SCALP INJURY,136eae4d04616422fb50694f5bbd3575,high severity,0.6978833675384521,"['high severity', 'critical', 'low severity', 'medium severity', 'moderate severity']","[0.6978833675384521, 0.13890713453292847, 0.06673174351453781, 0.04979515075683594, 0.04668258875608444]",success
facebook_bart,LEFT WRIST GANGLION.,f0c32fc9136ccf0294dbb07a6ab84386,critical,0.3199200928211212,"['critical', 'medium severity', 'moderate severity', 'high severity', 'low severity']","[0.3199200928211212, 0.20921608805656433, 0.1842230260372162, 0.1837315708398819, 0.10290922969579697]",success
facebook_bart,GNGLION PALMAR RIGHT WRIST.,15e8b168c30725a27398ed6fa37ccfbf,critical,0.31119856238365173,"['critical', 'moderate severity', 'medium severity', 'high severity', 'low severity']","[0.31119856238365173, 0.22951072454452515, 0.21041369438171387, 0.146500363945961, 0.10237658768892288]",success
facebook_bart,ESOPHAGEAL VARICES,db53c3c036ac258aac3b4fa5ef9f5fb6,high severity,0.5739077925682068,"['high severity', 'critical', 'medium severity', 'moderate severity', 'low severity']","[0.5739077925682068, 0.1752672642469406, 0.12097999453544617, 0.07092823833227158, 0.058916788548231125]",success
facebook_bart,DENTAL CAVIES.,97bfda234a6825f17a5fa6ff9454e532,critical,0.3551969528198242,"['critical', 'high severity', 'medium severity', 'moderate severity', 'low severity']","[0.3551969528198242, 0.24040649831295013, 0.19540490210056305, 0.11647438257932663, 0.09251727163791656]",success
facebook_bart,CONGENITAL HEART DISEASE,2eafb0913e80c237a89f7c65a9178a2e,critical,0.4607458710670471,"['critical', 'high severity', 'medium severity', 'moderate severity', 'low severity']","[0.4607458710670471, 0.328515887260437, 0.10088641941547394, 0.05684226006269455, 0.053009625524282455]",success
facebook_bart,RIGHT VOCAL FOLD INJURY.,6b89fb1aad43a6063bf552903554c462,critical,0.27469775080680847,"['critical', 'medium severity', 'high severity', 'moderate severity', 'low severity']","[0.27469775080680847, 0.23972974717617035, 0.2396797239780426, 0.15635418891906738, 0.0895385816693306]",success
facebook_bart,LEFT SHOULDER ROTATOR Cuff INJURY,e378d7c2649878231d59c1eae72dfdd2,high severity,0.35925430059432983,"['high severity', 'critical', 'medium severity', 'moderate severity', 'low severity']","[0.35925430059432983, 0.2866744101047516, 0.1883022040128708, 0.10616049915552139, 0.059608619660139084]",success
facebook_bart,NEUROMA OF THE FOURTH FINGER OF THE LEFT HAND.,6e234c9243198127a07192955b60bd8c,critical,0.49301615357398987,"['critical', 'medium severity', 'high severity', 'moderate severity', 'low severity']","[0.49301615357398987, 0.1707690954208374, 0.1382071077823639, 0.12648431956768036, 0.07152334600687027]",success
facebook_bart,UMBILICAL HERNIA.,4c81bb487fe288cc583b22e2178a5be9,moderate severity,0.49239790439605713,"['moderate severity', 'medium severity', 'critical', 'low severity', 'high severity']","[0.49239790439605713, 0.3981078565120697, 0.042585596442222595, 0.039256080985069275, 0.027652611956000328]",success
facebook_bart,BRAIN STEM TUMOR,b794a8e32f51f5c64e4ce42d749e1ab7,high severity,0.5739012956619263,"['high severity', 'critical', 'medium severity', 'moderate severity', 'low severity']","[0.5739012956619263, 0.21838393807411194, 0.10752665996551514, 0.05797170102596283, 0.042216382920742035]",success
facebook_bart,LEFT BREAST AC,b927d479a621bf51ffb570b09cb27576,critical,0.280208945274353,"['critical', 'medium severity', 'moderate severity', 'high severity', 'low severity']","[0.280208945274353, 0.22928178310394287, 0.2141539305448532, 0.17661137878894806, 0.09974396973848343]",success
facebook_bart,CATARACT,cb8c47f7ad6b219435f86ce7a466b1fb,critical,0.3125736117362976,"['critical', 'medium severity', 'high severity', 'moderate severity', 'low severity']","[0.3125736117362976, 0.2397594451904297, 0.20738297700881958, 0.1485135853290558, 0.09177034348249435]",success
facebook_bart,LIVER TUMOR,75e53d8e1267803357b8e5af2f144280,high severity,0.39857447147369385,"['high severity', 'critical', 'medium severity', 'moderate severity', 'low severity']","[0.39857447147369385, 0.34542420506477356, 0.13077574968338013, 0.06485353410243988, 0.060372043401002884]",success
facebook_bart,BASIC CELLULAR AC ON THE FACE,5e12d08f1294dc0f4b4ef8ac39e24680,critical,0.35503077507019043,"['critical', 'medium severity', 'moderate severity', 'high severity', 'low severity']","[0.35503077507019043, 0.2081858217716217, 0.1673361212015152, 0.15963537991046906, 0.1098119467496872]",success
facebook_bart,LUMBAR DISCOPATHY L4L5,92520916c2c02b51bc22f5a1b40ca7f6,low severity,0.37751829624176025,"['low severity', 'medium severity', 'high severity', 'moderate severity', 'critical']","[0.37751829624176025, 0.2788202166557312, 0.15456026792526245, 0.10853040963411331, 0.0805707722902298]",success
facebook_bart,RIGHT OVARIAN INJURY,6a740dcca96a1d8f9893d3c3cc42ccca,high severity,0.2906374931335449,"['high severity', 'medium severity', 'critical', 'moderate severity', 'low severity']","[0.2906374931335449, 0.27045515179634094, 0.18755607306957245, 0.1586935967206955, 0.09265761822462082]",success
facebook_bart,BREAKUP OF MENICOS.,c2b99d370733e1983b0359b07c1712f0,critical,0.3579208552837372,"['critical', 'high severity', 'moderate severity', 'medium severity', 'low severity']","[0.3579208552837372, 0.17783045768737793, 0.17309021949768066, 0.1662917584180832, 0.12486673146486282]",success
facebook_bart,LOW SIZE,47a29a9f83ea0372bac6d84de3f5f74a,low severity,0.780562162399292,"['low severity', 'moderate severity', 'medium severity', 'critical', 'high severity']","[0.780562162399292, 0.12655037641525269, 0.04469185695052147, 0.036392293870449066, 0.011803272180259228]",success
facebook_bart,TONGUE INJURY,a3f6d41cbe4d2010232ea5c5e67aa67b,high severity,0.5890944004058838,"['high severity', 'low severity', 'critical', 'medium severity', 'moderate severity']","[0.5890944004058838, 0.1762050837278366, 0.11725647747516632, 0.0632825568318367, 0.05416147783398628]",success
facebook_bart,LEFT KNEE MENISCUS INJURY,6d4e6bfa883f975d7115896d7297edcc,high severity,0.3535286486148834,"['high severity', 'medium severity', 'moderate severity', 'low severity', 'critical']","[0.3535286486148834, 0.20202140510082245, 0.18096107244491577, 0.13633421063423157, 0.12715467810630798]",success
facebook_bart,CONVULSIVE DS,0b9cfb94554ded1f1f9f8c97251e90a1,moderate severity,0.3580318093299866,"['moderate severity', 'low severity', 'high severity', 'medium severity', 'critical']","[0.3580318093299866, 0.357933908700943, 0.14409460127353668, 0.08100783079862595, 0.0589318610727787]",success
facebook_bart,EYE CATARACT,7b3455d0c28e400c8634cbf5a2b318e0,critical,0.40682128071784973,"['critical', 'high severity', 'medium severity', 'moderate severity', 'low severity']","[0.40682128071784973, 0.2405625432729721, 0.16531191766262054, 0.09812329709529877, 0.08918091654777527]",success
facebook_bart,LARYNX INJURY,ec77a11529702ade2fa86e58bc7763bc,low severity,0.5687081217765808,"['low severity', 'high severity', 'medium severity', 'critical', 'moderate severity']","[0.5687081217765808, 0.3415258228778839, 0.050846733152866364, 0.02315068058669567, 0.015768660232424736]",success
facebook_bart,RIGHT HALLUX VALGUS,d32ce39c97cd16f1adfc3f686c97d90c,high severity,0.578455924987793,"['high severity', 'medium severity', 'critical', 'moderate severity', 'low severity']","[0.578455924987793, 0.16763068735599518, 0.09402869641780853, 0.08338664472103119, 0.07649799436330795]",success
facebook_bart,ROTATOR Cuff INJURY,46be4911ed8d3077f214ba57b4526ada,high severity,0.38012006878852844,"['high severity', 'critical', 'medium severity', 'moderate severity', 'low severity']","[0.38012006878852844, 0.34347671270370483, 0.14399422705173492, 0.07618971168994904, 0.05621926486492157]",success
facebook_bart,S UP LEFT LIMB INJURY,5902c67a46f211adc17db61f9305b9ba,high severity,0.34066328406333923,"['high severity', 'critical', 'medium severity', 'low severity', 'moderate severity']","[0.34066328406333923, 0.24631179869174957, 0.2024259865283966, 0.13470275700092316, 0.07589615881443024]",success
facebook_bart,DIVERTICULAR DISEASE CONTROL,3ca6a36994b71c3257553fcf8085a4d7,low severity,0.6611619591712952,"['low severity', 'critical', 'medium severity', 'high severity', 'moderate severity']","[0.6611619591712952, 0.16491259634494781, 0.06274943798780441, 0.057271283119916916, 0.05390472337603569]",success
facebook_bart,CERVICAL DYSPLASIA,708e0c66de5b0a4e82a14927b9ec5745,high severity,0.42344874143600464,"['high severity', 'critical', 'medium severity', 'low severity', 'moderate severity']","[0.42344874143600464, 0.4140450954437256, 0.06920316070318222, 0.050918664783239365, 0.042384352535009384]",success
facebook_bart,LEFT BREAST CYST,73c5ea5b92a837bb449707068ab2ac80,high severity,0.37798434495925903,"['high severity', 'medium severity', 'critical', 'moderate severity', 'low severity']","[0.37798434495925903, 0.20909146964550018, 0.18945308029651642, 0.11946359276771545, 0.10400751233100891]",success
facebook_bart,"SKIN ABSCESS, BOIL AND CARBUNCLE",a1a4e6d99a8d7e08965e08561f1bc59f,high severity,0.6987830996513367,"['high severity', 'critical', 'medium severity', 'low severity', 'moderate severity']","[0.6987830996513367, 0.18475478887557983, 0.07764735817909241, 0.020686406642198563, 0.01812830939888954]",success
facebook_bart,FAMILY PLANNING,32de1c9ee455c2b840f665918688d770,critical,0.48499447107315063,"['critical', 'medium severity', 'moderate severity', 'high severity', 'low severity']","[0.48499447107315063, 0.1818220466375351, 0.1707083284854889, 0.08196436613798141, 0.08051077276468277]",success
facebook_bart,HYPERTROPHY OF THE CORNETS AND TONSILS,06d12869f70317d809b217011e74e5ab,high severity,0.9078390002250671,"['high severity', 'critical', 'medium severity', 'low severity', 'moderate severity']","[0.9078390002250671, 0.06432041525840759, 0.01591772586107254, 0.007421780377626419, 0.004501030780375004]",success
facebook_bart,POP CX RIGHT HAND,adc295d4a00851ffd0fef97d0def7601,critical,0.3120342791080475,"['critical', 'medium severity', 'high severity', 'moderate severity', 'low severity']","[0.3120342791080475, 0.21807104349136353, 0.1834990680217743, 0.1568380445241928, 0.1295575499534607]",success
facebook_bart,PAIN IN LEFT HAND AFTER PHALANGE AMPUTATION,68283cd55daeebf6393aa87d185a7d64,high severity,0.3103375732898712,"['high severity', 'critical', 'medium severity', 'moderate severity', 'low severity']","[0.3103375732898712, 0.22645840048789978, 0.21427495777606964, 0.12523584067821503, 0.12369321286678314]",success
facebook_bart,RIGHT HEARING HEARING,bd96e270233abb39ab87399adf6f5533,critical,0.36995768547058105,"['critical', 'moderate severity', 'medium severity', 'low severity', 'high severity']","[0.36995768547058105, 0.24127230048179626, 0.20107489824295044, 0.1187576949596405, 0.06893745064735413]",success
facebook_bart,LEFT HEARING HEARING,72b68e2d0b15a5c6c6100e7ac1e48b4c,medium severity,0.2708239257335663,"['medium severity', 'critical', 'moderate severity', 'low severity', 'high severity']","[0.2708239257335663, 0.22318457067012787, 0.1979587972164154, 0.19331854581832886, 0.11471419781446457]",success
facebook_bart,SCALP TUMOR,70ce27d242eae904ea6a4761c09f0099,high severity,0.7919829487800598,"['high severity', 'critical', 'medium severity', 'low severity', 'moderate severity']","[0.7919829487800598, 0.14356489479541779, 0.026963260024785995, 0.0226773452013731, 0.014811457134783268]",success
facebook_bart,TYMPANIC PERFORATION,f350617f927f7c99d567701aab6797be,moderate severity,0.35897552967071533,"['moderate severity', 'medium severity', 'critical', 'low severity', 'high severity']","[0.35897552967071533, 0.302529901266098, 0.15245842933654785, 0.14182476699352264, 0.04421132057905197]",success
facebook_bart,RIGHT KNEE MENISCUS INJURY,85dd5dca665b008790665b3cb01bf02c,high severity,0.3563216030597687,"['high severity', 'medium severity', 'moderate severity', 'low severity', 'critical']","[0.3563216030597687, 0.20054835081100464, 0.19983114302158356, 0.13055264949798584, 0.11274629831314087]",success
facebook_bart,GLAUCOMA CHECK,0be39487a8ccca80597d394be462e4df,critical,0.3572542667388916,"['critical', 'high severity', 'moderate severity', 'medium severity', 'low severity']","[0.3572542667388916, 0.1885315477848053, 0.16708944737911224, 0.16077284514904022, 0.12635190784931183]",success
facebook_bart,VENTRAL HERNIA,54781a58d5e7ab993e8b6d8bef36baad,critical,0.3000441789627075,"['critical', 'medium severity', 'moderate severity', 'high severity', 'low severity']","[0.3000441789627075, 0.25550493597984314, 0.1812034398317337, 0.180269256234169, 0.08297813683748245]",success
facebook_bart,GANGLION,7f637d3952b8704fad51cf0aaf287243,critical,0.2860105633735657,"['critical', 'medium severity', 'moderate severity', 'high severity', 'low severity']","[0.2860105633735657, 0.23433607816696167, 0.18197594583034515, 0.17202530801296234, 0.12565211951732635]",success
facebook_bart,SEQUELUES ​​OF RIGHT ANKLE SPRAIN,35e1e87a095cd1da778230e20fe12296,critical,0.2731334865093231,"['critical', 'high severity', 'medium severity', 'moderate severity', 'low severity']","[0.2731334865093231, 0.25534671545028687, 0.20849135518074036, 0.13324502110481262, 0.12978342175483704]",success
facebook_bart,SUBEPITHELIAL LESION OF ESOPHAGUS,928550dc5f6abfb346b3a8445b2aef36,low severity,0.3866497576236725,"['low severity', 'medium severity', 'moderate severity', 'high severity', 'critical']","[0.3866497576236725, 0.20421743392944336, 0.19282464683055878, 0.11681395024061203, 0.09949427843093872]",success
facebook_bart,RIGHT HIP ARTHROSIS.,d84cf9cccd344ce096150f7353d369d3,high severity,0.45080944895744324,"['high severity', 'critical', 'medium severity', 'moderate severity', 'low severity']","[0.45080944895744324, 0.25219130516052246, 0.13776938617229462, 0.08636237680912018, 0.07286746799945831]",success
facebook_bart,BILARTERAL HALLUX VALGUS,25b5590d7e13c4d203a4a8c558eeaa5b,moderate severity,0.39875122904777527,"['moderate severity', 'high severity', 'medium severity', 'critical', 'low severity']","[0.39875122904777527, 0.37069445848464966, 0.11571428179740906, 0.07019761204719543, 0.044642459601163864]",success
facebook_bart,RIGHT KNEE INJURY,37ad70f40ed224d445bed70806811243,high severity,0.2957399785518646,"['high severity', 'medium severity', 'critical', 'moderate severity', 'low severity']","[0.2957399785518646, 0.2629240155220032, 0.20261196792125702, 0.14968135952949524, 0.08904263377189636]",success
facebook_bart,VU REFLUX,c422f2ca0fba20ca9926ab21bd7779bd,critical,0.2718532383441925,"['critical', 'medium severity', 'high severity', 'moderate severity', 'low severity']","[0.2718532383441925, 0.2235969454050064, 0.17872899770736694, 0.16996608674526215, 0.155854731798172]",success
facebook_bart,"EMB A TEMINO, G2A1",2bf218ab75cf0756ae10af7febf47202,moderate severity,0.5017498731613159,"['moderate severity', 'medium severity', 'high severity', 'low severity', 'critical']","[0.5017498731613159, 0.38986796140670776, 0.0600053071975708, 0.03221365436911583, 0.016163157299160957]",success
facebook_bart,COMPLEX FRACTURE IN LEFT TIBIA,91e4860202f48cc4880a5fa9b5fcbf03,high severity,0.4726424217224121,"['high severity', 'critical', 'medium severity', 'low severity', 'moderate severity']","[0.4726424217224121, 0.31840530037879944, 0.1240203008055687, 0.0527053102850914, 0.032226622104644775]",success
facebook_bart,BASIC CELLULAR CA INTERNAL EDGE LE,0c5479a46df3c4dfeae01740afb95b24,critical,0.3184835910797119,"['critical', 'moderate severity', 'medium severity', 'low severity', 'high severity']","[0.3184835910797119, 0.21929611265659332, 0.21004395186901093, 0.13176566362380981, 0.12041066586971283]",success
facebook_bart,HYPER CAPTAINING THIOID NODULE,1beef27d6f808c9c979a752442dcf959,high severity,0.686355471611023,"['high severity', 'critical', 'medium severity', 'low severity', 'moderate severity']","[0.686355471611023, 0.1920330822467804, 0.05614762380719185, 0.037137165665626526, 0.02832663245499134]",success
facebook_bart,NEPHROTIC SD,9111e621d4d5ec657fc378589b745305,low severity,0.5413334965705872,"['low severity', 'moderate severity', 'high severity', 'medium severity', 'critical']","[0.5413334965705872, 0.17198707163333893, 0.15820685029029846, 0.06890996545553207, 0.05956262722611427]",success
facebook_bart,CHRONIC OTITIS MEDIA,0873e072c2af3fe5e65a332c7cba5ad7,critical,0.7466856241226196,"['critical', 'high severity', 'medium severity', 'moderate severity', 'low severity']","[0.7466856241226196, 0.16874951124191284, 0.0461978018283844, 0.02384956367313862, 0.014517468400299549]",success
facebook_bart,BASAL CELLULAR CA LOWER EYELID,d8cb5254740361bc796170eecc360870,low severity,0.4023089110851288,"['low severity', 'medium severity', 'critical', 'moderate severity', 'high severity']","[0.4023089110851288, 0.1836184412240982, 0.1788850873708725, 0.1324915587902069, 0.10269594192504883]",success
facebook_bart,OI CHOLESTHEATOMA,d81822acc4f9f673939cb800e2250428,high severity,0.4847734570503235,"['high severity', 'critical', 'medium severity', 'low severity', 'moderate severity']","[0.4847734570503235, 0.1994638592004776, 0.12975387275218964, 0.09564851969480515, 0.09036031365394592]",success
facebook_bart,RETINAL DETACHMENT,dc4b5a619d8b9560a911cbc137d852f9,critical,0.3550369143486023,"['critical', 'high severity', 'medium severity', 'moderate severity', 'low severity']","[0.3550369143486023, 0.30896151065826416, 0.14141225814819336, 0.09761318564414978, 0.0969761535525322]",success
facebook_bart,ENDOMETRIAL POLYP.,14d4ff34f20c5e44ce4b4ada0e757b41,high severity,0.5207309126853943,"['high severity', 'critical', 'medium severity', 'low severity', 'moderate severity']","[0.5207309126853943, 0.23876208066940308, 0.11539245396852493, 0.06260262429714203, 0.06251193583011627]",success
facebook_bart,BURN SEQUELS.,cf75b18eb4d4316b1ad3ce0379b85a9c,high severity,0.5220041871070862,"['high severity', 'critical', 'medium severity', 'low severity', 'moderate severity']","[0.5220041871070862, 0.2429981380701065, 0.10600575059652328, 0.07581479847431183, 0.053177088499069214]",success
facebook_bart,OPERATION SMILE DAY,50ec6384229772af5359a366c08c8f43,moderate severity,0.3886399269104004,"['moderate severity', 'critical', 'medium severity', 'low severity', 'high severity']","[0.3886399269104004, 0.3030812442302704, 0.14654645323753357, 0.1260017603635788, 0.03573055937886238]",success
facebook_bart,CLOSED LIP,d41b7c31a5c345fe6ad33d17c51bd4e5,critical,0.2991822361946106,"['critical', 'high severity', 'medium severity', 'moderate severity', 'low severity']","[0.2991822361946106, 0.2659831941127777, 0.24688006937503815, 0.111984021961689, 0.07597044855356216]",success
facebook_bart,CHELOPALATOSCHISIS,0d8fb4d64d4c9327f0bba3d9c4b08c6b,high severity,0.5973774194717407,"['high severity', 'critical', 'medium severity', 'low severity', 'moderate severity']","[0.5973774194717407, 0.26142236590385437, 0.0869467481970787, 0.03802042454481125, 0.0162330474704504]",success
facebook_bart,BILATERAL CHELOPALATOSCHISIS,4c7c9a04524d1be1ddfa0eed3fe44b88,high severity,0.47702014446258545,"['high severity', 'critical', 'medium severity', 'low severity', 'moderate severity']","[0.47702014446258545, 0.24527853727340698, 0.16651642322540283, 0.06489265710115433, 0.046292223036289215]",success
facebook_bart,KNEE CRUCIATED LIGAMENT INJURY,4eb64958299c9492821f454da0e78b6c,critical,0.41623106598854065,"['critical', 'high severity', 'low severity', 'medium severity', 'moderate severity']","[0.41623106598854065, 0.16149598360061646, 0.1521754264831543, 0.1411035805940628, 0.1289939433336258]",success
facebook_bart,CATARACT AO,cd2bce5a84ab9ff54680b13071903cda,critical,0.3345111608505249,"['critical', 'high severity', 'medium severity', 'moderate severity', 'low severity']","[0.3345111608505249, 0.22681912779808044, 0.20197950303554535, 0.13702957332134247, 0.09966068714857101]",success
facebook_bart,VAGINAL BLEEDING,b14e071c12912ae8fac79eda834b8bb4,high severity,0.5936006307601929,"['high severity', 'critical', 'medium severity', 'low severity', 'moderate severity']","[0.5936006307601929, 0.15029600262641907, 0.10983163863420486, 0.07975298166275024, 0.06651868671178818]",success
facebook_bart,PRECORDIAL WOUND WITH WHITE WEAPON,37289cadc118e88b46817e80ecc41625,high severity,0.4391483664512634,"['high severity', 'critical', 'medium severity', 'moderate severity', 'low severity']","[0.4391483664512634, 0.24050381779670715, 0.15984749794006348, 0.0893576592206955, 0.07114265859127045]",success
facebook_bart,IATROGENIC BILE WAY INJURY,321d2fdc86936041a6e1ce30513b0f08,high severity,0.5978105068206787,"['high severity', 'critical', 'medium severity', 'low severity', 'moderate severity']","[0.5978105068206787, 0.15971000492572784, 0.12980586290359497, 0.06149257346987724, 0.0511811189353466]",success
facebook_bart,HYPERTROPHY OF CORNETES AND ADENOIDS.,12732125262df21af98828b526e2bfab,high severity,0.8501526117324829,"['high severity', 'critical', 'medium severity', 'moderate severity', 'low severity']","[0.8501526117324829, 0.07765871286392212, 0.03902755677700043, 0.020281150937080383, 0.012880006805062294]",success
facebook_bart,SUBGLOTTIC STENOSIS,34bdac44cbc198615d0b97c223a7e8c1,low severity,0.8577023148536682,"['low severity', 'critical', 'medium severity', 'moderate severity', 'high severity']","[0.8577023148536682, 0.05178799852728844, 0.039349038153886795, 0.03398721665143967, 0.01717344857752323]",success
facebook_bart,SD ROTATOR Cuff,f06963abc3e02bbde225d35da6fdaba1,high severity,0.447538286447525,"['high severity', 'critical', 'medium severity', 'low severity', 'moderate severity']","[0.447538286447525, 0.2455594688653946, 0.1490464061498642, 0.08458902686834335, 0.07326673716306686]",success
facebook_bart,DUCTAL CARCINOMA,14008a4e9ba8db2b307f59c6dbec1b81,high severity,0.42058464884757996,"['high severity', 'critical', 'medium severity', 'moderate severity', 'low severity']","[0.42058464884757996, 0.23853084444999695, 0.1753750890493393, 0.08934491872787476, 0.07616446167230606]",success
facebook_bart,PHIOSIS + URETHRAL Narrowness,10cfb550a43d29bcf9449970d9987041,low severity,0.6423377990722656,"['low severity', 'high severity', 'critical', 'medium severity', 'moderate severity']","[0.6423377990722656, 0.1312548816204071, 0.09164834022521973, 0.07932795584201813, 0.05543109029531479]",success
facebook_bart,ESOPHAGEAL STENOSIS,6b4c5d0758b1b6f8d7ccbaf52c904908,high severity,0.7392224073410034,"['high severity', 'critical', 'medium severity', 'moderate severity', 'low severity']","[0.7392224073410034, 0.13722479343414307, 0.07864546030759811, 0.022943375632166862, 0.021963931620121002]",success
facebook_bart,ENDOMETRIOSIS OF THE UTERUS,fb236479391c20d7371d76b76b3cd55c,high severity,0.5416569113731384,"['high severity', 'critical', 'medium severity', 'moderate severity', 'low severity']","[0.5416569113731384, 0.2055806815624237, 0.1341649293899536, 0.06299959868192673, 0.05559787154197693]",success
facebook_bart,LOW SIZE FOR AGE,a60712f0505bebcdbce5911b94aa5642,low severity,0.8793680667877197,"['low severity', 'moderate severity', 'critical', 'medium severity', 'high severity']","[0.8793680667877197, 0.04312615841627121, 0.03684423863887787, 0.027698654681444168, 0.012962786480784416]",success
facebook_bart,HALLUX VALGUS (ACQUIRED),15de5a74ed3a737ed2bfbd0fc04a34d0,critical,0.28427329659461975,"['critical', 'medium severity', 'moderate severity', 'high severity', 'low severity']","[0.28427329659461975, 0.2232164889574051, 0.2162165641784668, 0.1986238956451416, 0.07766972482204437]",success
facebook_bart,SPASTICITY,6ba49c1013f7ee3a1e5455c06aa14be4,high severity,0.48021480441093445,"['high severity', 'critical', 'medium severity', 'low severity', 'moderate severity']","[0.48021480441093445, 0.36155596375465393, 0.0695519968867302, 0.058386776596307755, 0.030290424823760986]",success
facebook_bart,LEWION CHONDRAL RIGHT HUMEROUS,90d3558c8ebdb4f109d0ba5e1c1882fd,moderate severity,0.4755480885505676,"['moderate severity', 'medium severity', 'high severity', 'critical', 'low severity']","[0.4755480885505676, 0.21334820985794067, 0.15236753225326538, 0.128839373588562, 0.0298968106508255]",success
facebook_bart,ACETABULAR LABRUM PRUPTURE,ec370a4bc69536acf324a90243b9f507,high severity,0.7967898845672607,"['high severity', 'critical', 'medium severity', 'moderate severity', 'low severity']","[0.7967898845672607, 0.1296021044254303, 0.029109951108694077, 0.02458316460251808, 0.019914913922548294]",success
facebook_bart,LEFT MENICUS KNEE INJURY,cf9c9976242417638a2fe213a306055a,high severity,0.3866952657699585,"['high severity', 'medium severity', 'critical', 'moderate severity', 'low severity']","[0.3866952657699585, 0.20525646209716797, 0.16753581166267395, 0.14108692109584808, 0.09942559897899628]",success
facebook_bart,LEFT FOOT TUMOR AND NERVOUS COMPRESSION,740fe47ffeeb793d817894a2729b3feb,high severity,0.4629838764667511,"['high severity', 'critical', 'medium severity', 'moderate severity', 'low severity']","[0.4629838764667511, 0.28875523805618286, 0.1397424191236496, 0.06193164736032486, 0.046586792916059494]",success
facebook_bart,POP CORNEAL TRANSPLANTATION,5b486f50851a61a1f3150831087f73e1,critical,0.42467671632766724,"['critical', 'medium severity', 'moderate severity', 'high severity', 'low severity']","[0.42467671632766724, 0.18548236787319183, 0.15907889604568481, 0.13161689043045044, 0.09914519637823105]",success
facebook_bart,RHABDOMYOSARCOMA,7873bef912c4a4844537d6d1de1a39ca,critical,0.2835966646671295,"['critical', 'high severity', 'medium severity', 'moderate severity', 'low severity']","[0.2835966646671295, 0.2766287624835968, 0.21659713983535767, 0.1351592093706131, 0.08801822364330292]",success
facebook_bart,SEPTOM DEVIATION CORNETAL HYPERTROPPHY.,73c299c530084dc98132a9446d86b283,high severity,0.5161803364753723,"['high severity', 'critical', 'medium severity', 'low severity', 'moderate severity']","[0.5161803364753723, 0.22795453667640686, 0.12211281061172485, 0.07272376865148544, 0.061028603464365005]",success
facebook_bart,IMPLANTABLE CATETYER,76d0690b58dbdef8ce08f5a8b89f23d7,critical,0.40104666352272034,"['critical', 'moderate severity', 'medium severity', 'low severity', 'high severity']","[0.40104666352272034, 0.20690588653087616, 0.20330584049224854, 0.11609099805355072, 0.07265058904886246]",success
facebook_bart,INGUINAL HERNIA,c078bad051c1f13c9701ca8452f9f16b,high severity,0.3776453733444214,"['high severity', 'critical', 'medium severity', 'moderate severity', 'low severity']","[0.3776453733444214, 0.29622742533683777, 0.1546984761953354, 0.09980173408985138, 0.07162698358297348]",success
facebook_bart,RIGHT SHOULDER INJURY.,7166935ffa6df48d739f0a3323f64a6b,medium severity,0.28079164028167725,"['medium severity', 'high severity', 'critical', 'moderate severity', 'low severity']","[0.28079164028167725, 0.22427813708782196, 0.22292670607566833, 0.1672907918691635, 0.10471276938915253]",success
facebook_bart,URINARY INFECTIONS,d80379349e1aa73b36e2dc80b3ea525c,critical,0.31023848056793213,"['critical', 'high severity', 'medium severity', 'moderate severity', 'low severity']","[0.31023848056793213, 0.30580103397369385, 0.19047804176807404, 0.11606380343437195, 0.07741861790418625]",success
facebook_bart,"OSTEOCHONDROPATHY, UNSPECIFIED",116aa2f0d56ac46ddef2b28c117aafc5,low severity,0.630812406539917,"['low severity', 'high severity', 'medium severity', 'moderate severity', 'critical']","[0.630812406539917, 0.12247378379106522, 0.11905913800001144, 0.09165544807910919, 0.03599928319454193]",success
facebook_bart,MIOMA,4656cf2f42f6859cf4f1c836f1434596,moderate severity,0.31280386447906494,"['moderate severity', 'critical', 'medium severity', 'high severity', 'low severity']","[0.31280386447906494, 0.23264776170253754, 0.2015252560377121, 0.18013235926628113, 0.0728907659649849]",success
facebook_bart,LEFT KNEE PAIN,f2a9015f312da6d69e2419f12969f0bd,high severity,0.2955188751220703,"['high severity', 'medium severity', 'critical', 'moderate severity', 'low severity']","[0.2955188751220703, 0.23403127491474152, 0.21300600469112396, 0.14886927604675293, 0.10857459902763367]",success
facebook_bart,UTERINE HORN IN STUDY,6fb3cbc9040950c2432725be9e76dc2e,critical,0.35359612107276917,"['critical', 'high severity', 'medium severity', 'moderate severity', 'low severity']","[0.35359612107276917, 0.25854629278182983, 0.19300885498523712, 0.11338795721530914, 0.08146080374717712]",success
facebook_bart,ARRHYTHMIA,c76b09b9d84a48ffebdd2699f8b20956,high severity,0.5832833051681519,"['high severity', 'critical', 'medium severity', 'low severity', 'moderate severity']","[0.5832833051681519, 0.1647181510925293, 0.13239529728889465, 0.062155019491910934, 0.057448163628578186]",success
facebook_bart,GIANT CELL TUMO OF THE SYNOVIAL,b7ccba15d38038d6b8857663e90f7562,high severity,0.5829133987426758,"['high severity', 'critical', 'medium severity', 'low severity', 'moderate severity']","[0.5829133987426758, 0.30612999200820923, 0.056701503694057465, 0.03207574039697647, 0.02217935211956501]",success
facebook_bart,ABNORMAL UTERINE HEMORRHAGE,ce95056962cc5e9c33baee94d80f7e23,moderate severity,0.658633291721344,"['moderate severity', 'low severity', 'medium severity', 'critical', 'high severity']","[0.658633291721344, 0.22158756852149963, 0.10073923319578171, 0.013949050568044186, 0.005090917926281691]",success
facebook_bart,VARICES IN MMII,0b1fed7959e2ade5d176daa22a58ba68,medium severity,0.4096421003341675,"['medium severity', 'moderate severity', 'critical', 'high severity', 'low severity']","[0.4096421003341675, 0.33555281162261963, 0.12314249575138092, 0.08443766087293625, 0.047224950045347214]",success
facebook_bart,LEFT BREAST AC,b927d479a621bf51ffb570b09cb27576,critical,0.2802089750766754,"['critical', 'medium severity', 'moderate severity', 'high severity', 'low severity']","[0.2802089750766754, 0.22928179800510406, 0.21415384113788605, 0.17661139369010925, 0.09974397718906403]",success
facebook_bart,NODULE IN LEFT VOCAL CORD.,6a01b8d27338c75fa788249887625350,critical,0.40063509345054626,"['critical', 'medium severity', 'moderate severity', 'low severity', 'high severity']","[0.40063509345054626, 0.19863983988761902, 0.17776469886302948, 0.14355747401714325, 0.0794028490781784]",success
facebook_bart,CHRONIC HEADACHE,0602415eb3e4bfe0c6af1777caf7931c,high severity,0.5666722655296326,"['high severity', 'critical', 'medium severity', 'moderate severity', 'low severity']","[0.5666722655296326, 0.3972446918487549, 0.017509344965219498, 0.01140575110912323, 0.007167901378124952]",success
facebook_bart,TUMOR IN TONSIL,0586189853adb8f50408d3398b89565a,high severity,0.6158412098884583,"['high severity', 'critical', 'low severity', 'medium severity', 'moderate severity']","[0.6158412098884583, 0.25910961627960205, 0.05767976492643356, 0.045983947813510895, 0.02138541452586651]",success
facebook_bart,ROTATOR CUFF INJURY.,2abfd68d800eb6cbe6a38a7143ea9fa6,critical,0.33752134442329407,"['critical', 'high severity', 'medium severity', 'moderate severity', 'low severity']","[0.33752134442329407, 0.28929173946380615, 0.18116550147533417, 0.1076890081167221, 0.0843324214220047]",success
facebook_bart,BRAIN AVM,84e490a718d1e4c87849a06ff5cc83bf,high severity,0.45850998163223267,"['high severity', 'critical', 'medium severity', 'moderate severity', 'low severity']","[0.45850998163223267, 0.2743110954761505, 0.14297407865524292, 0.06738091260194778, 0.05682389810681343]",success
facebook_bart,CAUSTIC BURN,b270ac0f8a735f612653ffafef3a430c,high severity,0.5995278358459473,"['high severity', 'critical', 'medium severity', 'moderate severity', 'low severity']","[0.5995278358459473, 0.20909778773784637, 0.09860951453447342, 0.05255938693881035, 0.04020552709698677]",success
facebook_bart,RIGHT INGUINAL H,69195b8408b5f147629b5bdccbc3a4c6,high severity,0.42528021335601807,"['high severity', 'medium severity', 'low severity', 'critical', 'moderate severity']","[0.42528021335601807, 0.18843767046928406, 0.15426471829414368, 0.12100783735513687, 0.11100958287715912]",success
facebook_bart,IQ: BILATERAL HALLUX VALGUS,6921fabeb314c3fb940bf1f13830215a,medium severity,0.42922157049179077,"['medium severity', 'moderate severity', 'high severity', 'critical', 'low severity']","[0.42922157049179077, 0.3860388398170471, 0.08823969960212708, 0.06153666228055954, 0.034963276237249374]",success
facebook_bart,BASAL CELLULAR CA RIGHT LOWER EYELID,261f09097ce8d05960e91f2440926a3b,critical,0.29859572649002075,"['critical', 'medium severity', 'low severity', 'moderate severity', 'high severity']","[0.29859572649002075, 0.20827509462833405, 0.18511863052845, 0.1618785560131073, 0.1461319625377655]",success
facebook_bart,LEFT KNEE ACL INJURY,2dd200960705fffd67c1dbfb6a983d68,high severity,0.3774212598800659,"['high severity', 'critical', 'medium severity', 'moderate severity', 'low severity']","[0.3774212598800659, 0.2637275159358978, 0.178463414311409, 0.1079261377453804, 0.07246167957782745]",success
facebook_bart,HYPERTROPHY OF THE CORNETE AND ADENOIDS.,861b926b53c7b7404cbe92697f2fc36c,high severity,0.8586204051971436,"['high severity', 'critical', 'medium severity', 'moderate severity', 'low severity']","[0.8586204051971436, 0.0720425620675087, 0.03673049807548523, 0.018563952296972275, 0.014042518101632595]",success
facebook_bart,HUMEROUS FRACTURE,30d373636f574972191461d60a26ac82,high severity,0.8231047987937927,"['high severity', 'critical', 'medium severity', 'low severity', 'moderate severity']","[0.8231047987937927, 0.1399192214012146, 0.01677422970533371, 0.011305919848382473, 0.00889584794640541]",success
facebook_bart,TENOSYNOVITIS IN THE HAND,ca3e753dc4af10f394ed6adededb67cd,high severity,0.5365551114082336,"['high severity', 'critical', 'medium severity', 'low severity', 'moderate severity']","[0.5365551114082336, 0.19626623392105103, 0.12594036757946014, 0.08226966112852097, 0.05896865949034691]",success
facebook_bart,CA MAMA RIGHT,a149f31e1cdee9968fd44c5c382038d1,critical,0.43687671422958374,"['critical', 'medium severity', 'moderate severity', 'high severity', 'low severity']","[0.43687671422958374, 0.20679722726345062, 0.1594330221414566, 0.12125864624977112, 0.07563444972038269]",success
facebook_bart,RIGHT ANKLE INJURY.,d74b9eb6eeacd5c013a67ca4fb2d1f82,medium severity,0.27960526943206787,"['medium severity', 'critical', 'low severity', 'moderate severity', 'high severity']","[0.27960526943206787, 0.18948455154895782, 0.18757390975952148, 0.18247517943382263, 0.1608610302209854]",success
facebook_bart,ESIONS ON EYELIDS.,340ec295fa3d2998ab3cd45c7f667e40,high severity,0.45872047543525696,"['high severity', 'critical', 'medium severity', 'moderate severity', 'low severity']","[0.45872047543525696, 0.2960154712200165, 0.10043296217918396, 0.08308017253875732, 0.0617508701980114]",success
facebook_bart,ARTERIOVENOUS MALFORMATION,54598e509dce58be4433af33105c72f8,high severity,0.6846295595169067,"['high severity', 'critical', 'medium severity', 'low severity', 'moderate severity']","[0.6846295595169067, 0.18792323768138885, 0.07111982256174088, 0.03402998298406601, 0.022297436371445656]",success
facebook_bart,RIGHT BREAST PYDERMAL CYST,031af850b62c7d7e1525f10b5472084a,high severity,0.4139900207519531,"['high severity', 'moderate severity', 'medium severity', 'critical', 'low severity']","[0.4139900207519531, 0.23837599158287048, 0.18280567228794098, 0.1099725067615509, 0.05485578626394272]",success
facebook_bart,RIGHT EYE PTERGYGUM.,776b8035e128d62d85a124589154fe51,medium severity,0.27942782640457153,"['medium severity', 'critical', 'moderate severity', 'low severity', 'high severity']","[0.27942782640457153, 0.25544241070747375, 0.2263927161693573, 0.13006436824798584, 0.108672596514225]",success
facebook_bart,OTITIS MEDIA WITH EFUSION WITH SECUNARY HYPOAUSIA,f6026ad7721efc6adf30a3ae5d0a34e2,high severity,0.7267067432403564,"['high severity', 'critical', 'medium severity', 'low severity', 'moderate severity']","[0.7267067432403564, 0.11805454641580582, 0.10867797583341599, 0.02407328225672245, 0.022487489506602287]",success
facebook_bart,CHRONIC SINUSITIS,2ed3c5ba6891d520ea271dec9f8a94c9,high severity,0.53428715467453,"['high severity', 'critical', 'medium severity', 'low severity', 'moderate severity']","[0.53428715467453, 0.42885667085647583, 0.020031986758112907, 0.009293261915445328, 0.007530920207500458]",success
facebook_bart,LEFT HIP ARTHROSIS,b755cd33224c7e21f0805675c00a9f90,high severity,0.43771597743034363,"['high severity', 'critical', 'medium severity', 'moderate severity', 'low severity']","[0.43771597743034363, 0.23010462522506714, 0.1555698662996292, 0.09402064234018326, 0.08258893340826035]",success
facebook_bart,REDUNDANT FORESPUCE,4e63ab4c533e0d154767baf9f014ffe4,high severity,0.8535692691802979,"['high severity', 'critical', 'low severity', 'medium severity', 'moderate severity']","[0.8535692691802979, 0.12775635719299316, 0.009911355562508106, 0.004463381599634886, 0.004299585707485676]",success
facebook_bart,CHEST DEFORMITY,29bd81ba88a34af262d2deccd081827b,high severity,0.3255414366722107,"['high severity', 'critical', 'medium severity', 'low severity', 'moderate severity']","[0.3255414366722107, 0.3226170837879181, 0.15702229738235474, 0.10700970143079758, 0.0878094732761383]",success
facebook_bart,LARYNGEAL STRIDOR,167a05266df7091d06f5c8704a89950d,low severity,0.48361697793006897,"['low severity', 'high severity', 'moderate severity', 'critical', 'medium severity']","[0.48361697793006897, 0.3115825355052948, 0.1363126039505005, 0.043728090822696686, 0.024759728461503983]",success
facebook_bart,VENOUS INSUFFICIENCY,919714499527ffa48372092f49c2bb61,high severity,0.8869925141334534,"['high severity', 'critical', 'low severity', 'medium severity', 'moderate severity']","[0.8869925141334534, 0.03697887435555458, 0.029794136062264442, 0.026782305911183357, 0.019452180713415146]",success
facebook_bart,SENIL CATARACT,6de49d7b9b49a26a2d781c2e65f256c3,high severity,0.47504401206970215,"['high severity', 'critical', 'medium severity', 'moderate severity', 'low severity']","[0.47504401206970215, 0.2623863220214844, 0.12088368833065033, 0.07873837649822235, 0.06294761598110199]",success
facebook_bart,EPIGASTRIC HERNIA,3f2a5c01677bdc62b2c696ebb186cd18,high severity,0.583824098110199,"['high severity', 'critical', 'medium severity', 'low severity', 'moderate severity']","[0.583824098110199, 0.21362577378749847, 0.10980354249477386, 0.04671243950724602, 0.046034205704927444]",success
facebook_bart,LISFRANC FRACTURE,d05861b82b599e55d99a35a1cc9f639e,medium severity,0.2385118156671524,"['medium severity', 'high severity', 'critical', 'moderate severity', 'low severity']","[0.2385118156671524, 0.23534904420375824, 0.23369407653808594, 0.15928812325000763, 0.1331569105386734]",success
facebook_bart,MENTAL RETARDATION,3d2d88600cf3db08f0eb627b061990af,critical,0.2668870687484741,"['critical', 'high severity', 'medium severity', 'moderate severity', 'low severity']","[0.2668870687484741, 0.22084616124629974, 0.21231292188167572, 0.1515531837940216, 0.1484006643295288]",success
facebook_bart,CA BASOCELLULAR OD,dc06d59bafe16135ddebe4878f3d05d9,high severity,0.35028472542762756,"['high severity', 'medium severity', 'low severity', 'critical', 'moderate severity']","[0.35028472542762756, 0.22516518831253052, 0.180439755320549, 0.16850602626800537, 0.07560427486896515]",success
facebook_bart,SENIL CATARACT.,8e420224a2ea13087b061d57e000ca7f,high severity,0.47804173827171326,"['high severity', 'critical', 'medium severity', 'moderate severity', 'low severity']","[0.47804173827171326, 0.2510976791381836, 0.12031722068786621, 0.07986605912446976, 0.07067723572254181]",success
facebook_bart,NISTAGMUS,e90893dc086aaa8f6652095081e38c9a,medium severity,0.2227621227502823,"['medium severity', 'moderate severity', 'critical', 'low severity', 'high severity']","[0.2227621227502823, 0.21607975661754608, 0.21123382449150085, 0.17929400503635406, 0.1706302911043167]",success
facebook_bart,G3A1P1 EMB TO TERM,59fc6124f4d118b16cba091c5b17aa66,moderate severity,0.537335216999054,"['moderate severity', 'medium severity', 'high severity', 'critical', 'low severity']","[0.537335216999054, 0.27861517667770386, 0.08292848616838455, 0.07597218453884125, 0.025149039924144745]",success
facebook_bart,PANCREATITIS,42b0c66e1e051e2bd858ed1d54e5b523,low severity,0.28001120686531067,"['low severity', 'medium severity', 'moderate severity', 'high severity', 'critical']","[0.28001120686531067, 0.22462916374206543, 0.1727311909198761, 0.17221564054489136, 0.15041276812553406]",success
facebook_bart,HYPERHYDROSIS,b2a5f4e39b7d21a15b3c54851d39c818,high severity,0.8110064268112183,"['high severity', 'critical', 'medium severity', 'low severity', 'moderate severity']","[0.8110064268112183, 0.10764098912477493, 0.046673767268657684, 0.017904894426465034, 0.016773954033851624]",success
facebook_bart,CARIES,df9bb6a8f14cb2f8784d7f1b4ab59a48,critical,0.4179234206676483,"['critical', 'high severity', 'medium severity', 'low severity', 'moderate severity']","[0.4179234206676483, 0.29535651206970215, 0.11909745633602142, 0.09037718176841736, 0.07724542915821075]",success
facebook_bart,OMPHALOCELE,be7f97197067f6aec2521fcce9d142cd,high severity,0.5791252255439758,"['high severity', 'medium severity', 'critical', 'low severity', 'moderate severity']","[0.5791252255439758, 0.157274067401886, 0.10431481897830963, 0.0979040339589119, 0.06138181313872337]",success
facebook_bart,PEDICULATE POLYP.,451bb5318986e474fc438db5700c298b,critical,0.35710814595222473,"['critical', 'high severity', 'moderate severity', 'medium severity', 'low severity']","[0.35710814595222473, 0.3331674039363861, 0.1335688680410385, 0.10732165724039078, 0.06883394718170166]",success
facebook_bart,SX CARPAL TUNNEL,3ea5621aba10fbf0b0b4b9db6b44600f,critical,0.3715364336967468,"['critical', 'moderate severity', 'medium severity', 'high severity', 'low severity']","[0.3715364336967468, 0.19081851840019226, 0.18577533960342407, 0.15291573107242584, 0.0989539846777916]",success
facebook_bart,"ABNORMAL VAGINAL AND UTERINE HEMORRHAGE, NO",2158593a541ca45445cc7e89c735d9b1,moderate severity,0.426067590713501,"['moderate severity', 'low severity', 'medium severity', 'critical', 'high severity']","[0.426067590713501, 0.41095349192619324, 0.12902021408081055, 0.026425790041685104, 0.007532929070293903]",success
facebook_bart,SEVERE AORTIC STENOSIS.,517f37c068fd99d4e31f935091e8ee3c,high severity,0.7485403418540955,"['high severity', 'critical', 'low severity', 'moderate severity', 'medium severity']","[0.7485403418540955, 0.2339659184217453, 0.007891842164099216, 0.005650443956255913, 0.00395144522190094]",success
facebook_bart,EVENTRATION,b0a27b059d84874a015818e55fb2f22f,critical,0.4462446868419647,"['critical', 'medium severity', 'moderate severity', 'high severity', 'low severity']","[0.4462446868419647, 0.17078961431980133, 0.1527264565229416, 0.12678952515125275, 0.10344978421926498]",success
facebook_bart,TERATOMA,f0ba8c5dcb50c71b8682e8ca5d8dd4ae,high severity,0.4349058270454407,"['high severity', 'critical', 'medium severity', 'low severity', 'moderate severity']","[0.4349058270454407, 0.29498329758644104, 0.09795012325048447, 0.08728721737861633, 0.08487358689308167]",success
facebook_bart,BENIGN LIPOMATOUS SKIN AND TEA TUMOR,4369c70ddafd75f33b00ccd1b6fdbe8e,moderate severity,0.4632726311683655,"['moderate severity', 'high severity', 'medium severity', 'critical', 'low severity']","[0.4632726311683655, 0.19988910853862762, 0.15353137254714966, 0.10138758271932602, 0.08191929757595062]",success
facebook_bart,DYSMENORRHEA,efd3d528a13dacea3c6edcfcb534a993,high severity,0.4251096546649933,"['high severity', 'moderate severity', 'critical', 'low severity', 'medium severity']","[0.4251096546649933, 0.32725727558135986, 0.1141604632139206, 0.07512006908655167, 0.05835249647498131]",success
facebook_bart,PNEUMONIA,048216a4db64a955084b5240ee1a1a40,high severity,0.269523024559021,"['high severity', 'critical', 'medium severity', 'moderate severity', 'low severity']","[0.269523024559021, 0.2512047588825226, 0.23774711787700653, 0.1214737594127655, 0.12005134671926498]",success
facebook_bart,MENINGIOMA OF THE BASE OF THE SKULL,0462f3c58e5847cc2068090217553683,medium severity,0.5058753490447998,"['medium severity', 'high severity', 'moderate severity', 'critical', 'low severity']","[0.5058753490447998, 0.28000757098197937, 0.13019020855426788, 0.07110108435153961, 0.0128257991746068]",success
facebook_bart,TERM PREGNANCY,9942ecddd21d7a28a3c9296293ef2d17,medium severity,0.5864500403404236,"['medium severity', 'high severity', 'critical', 'moderate severity', 'low severity']","[0.5864500403404236, 0.18027746677398682, 0.1514386236667633, 0.05244632437825203, 0.029387541115283966]",success
facebook_bart,MENORRHAGIA,60cf5504cbcecbb6df3ffc1c2419d360,medium severity,0.44361668825149536,"['medium severity', 'moderate severity', 'low severity', 'high severity', 'critical']","[0.44361668825149536, 0.3478105664253235, 0.10371968150138855, 0.06999946385622025, 0.034853506833314896]",success
facebook_bart,CERVIX CARCINOMA.,64ec2f9e3e33ca00ba3c1227d0f3136f,high severity,0.5820851922035217,"['high severity', 'critical', 'medium severity', 'low severity', 'moderate severity']","[0.5820851922035217, 0.20198234915733337, 0.12233540415763855, 0.057186972349882126, 0.036410119384527206]",success
facebook_bart,ACHILLES TENDON RUPTURE,78fca1756990543793c48ed8e311ab93,high severity,0.6960539817810059,"['high severity', 'medium severity', 'critical', 'moderate severity', 'low severity']","[0.6960539817810059, 0.1537351906299591, 0.07530108839273453, 0.04820763319730759, 0.026702117174863815]",success
facebook_bart,DYSPEPSIA,006bd5bd143c947b956d8fed948b2a7e,low severity,0.4798312783241272,"['low severity', 'high severity', 'critical', 'medium severity', 'moderate severity']","[0.4798312783241272, 0.2504197657108307, 0.113920196890831, 0.09648998081684113, 0.05933881178498268]",success
facebook_bart,LEFT MALAR BASIC CELLULAR AC,b3531fcef86d6162ab57c7bc5ceac44f,moderate severity,0.4740224778652191,"['moderate severity', 'medium severity', 'critical', 'low severity', 'high severity']","[0.4740224778652191, 0.3389137387275696, 0.07890305668115616, 0.06956326961517334, 0.038597431033849716]",success
facebook_bart,FINGERS N HAMMER,ed74c266921c1b72be4e4625f4f36f5d,high severity,0.6788577437400818,"['high severity', 'critical', 'medium severity', 'moderate severity', 'low severity']","[0.6788577437400818, 0.17108750343322754, 0.0754663273692131, 0.037670157849788666, 0.03691825270652771]",success
facebook_bart,BENIGN LEFT BREAST TUMOR,2d0b43477a1cacc9742496659353561b,high severity,0.3385384678840637,"['high severity', 'moderate severity', 'medium severity', 'critical', 'low severity']","[0.3385384678840637, 0.20735937356948853, 0.1900598704814911, 0.16943833231925964, 0.09460397064685822]",success
facebook_bart,"NODLODS N MEDIASTINO, HILIARES.",094dddf78b8774e110b5369314b599f7,moderate severity,0.3651789128780365,"['moderate severity', 'high severity', 'medium severity', 'low severity', 'critical']","[0.3651789128780365, 0.3060084581375122, 0.1719985455274582, 0.09298548102378845, 0.06382863968610764]",success
facebook_bart,DILATACYCYST OF THE CHOLEDOCUS,b777c69817679323be9f5f67b87ccde3,high severity,0.5151301622390747,"['high severity', 'critical', 'medium severity', 'low severity', 'moderate severity']","[0.5151301622390747, 0.2305525243282318, 0.11674255132675171, 0.07754732668399811, 0.060027431696653366]",success
facebook_bart,TUBAL LIGATION BY LAPAROSCOPY.,fbcfd280e225da0a63aeea2a86c429d7,critical,0.290790319442749,"['critical', 'high severity', 'medium severity', 'moderate severity', 'low severity']","[0.290790319442749, 0.2693524658679962, 0.19027353823184967, 0.1423427313566208, 0.10724092274904251]",success
facebook_bart,CARPAL TUNNEL.,f7b2a6239a25fe5d3a04955630c67b9e,critical,0.3787072002887726,"['critical', 'moderate severity', 'medium severity', 'low severity', 'high severity']","[0.3787072002887726, 0.20263543725013733, 0.18579240143299103, 0.12351754307746887, 0.10934747755527496]",success
facebook_bart,SEPTAL DEVIATION CORNETAL HYPERTROPHY,50b8d067705437fddefbf8d31cf38c26,high severity,0.788669764995575,"['high severity', 'critical', 'medium severity', 'low severity', 'moderate severity']","[0.788669764995575, 0.10725057870149612, 0.05458419397473335, 0.02555910311639309, 0.023936297744512558]",success
facebook_bart,BICEPS TENDON INJURY,872127c0cab87daa7a971e0f26877057,high severity,0.591937243938446,"['high severity', 'medium severity', 'critical', 'moderate severity', 'low severity']","[0.591937243938446, 0.169065460562706, 0.11244121193885803, 0.07133159786462784, 0.05522448942065239]",success
facebook_bart,CA DE MAMA RIGHT,76d492ebbfbb0ca973ee75e6552f55b6,critical,0.4543379545211792,"['critical', 'medium severity', 'moderate severity', 'high severity', 'low severity']","[0.4543379545211792, 0.1784658133983612, 0.166219100356102, 0.12244439125061035, 0.07853272557258606]",success
facebook_bart,DENTAL TREATMENT,ebb0107e37680594a688f3a119814062,critical,0.29846280813217163,"['critical', 'medium severity', 'moderate severity', 'high severity', 'low severity']","[0.29846280813217163, 0.25471341609954834, 0.19449737668037415, 0.16437819600105286, 0.08794815093278885]",success
facebook_bart,CONGENITAL HIP DISLOCATION,97400b3624462953952e35550510da40,critical,0.5370290875434875,"['critical', 'high severity', 'medium severity', 'moderate severity', 'low severity']","[0.5370290875434875, 0.20975220203399658, 0.11980684101581573, 0.06894255429506302, 0.0644693523645401]",success
facebook_bart,ANTERIOR CRUCIATED LIGAMENT INJURY,2a6e853eafe7fa4ec4e3e6c96e580c17,high severity,0.3799242675304413,"['high severity', 'critical', 'low severity', 'moderate severity', 'medium severity']","[0.3799242675304413, 0.3533130884170532, 0.12729834020137787, 0.10274428129196167, 0.036719948053359985]",success
facebook_bart,RECURRENT PILONIDAL CYST,13a0576c03835c0b2b9dbcac6ca26f7e,low severity,0.32500237226486206,"['low severity', 'high severity', 'critical', 'medium severity', 'moderate severity']","[0.32500237226486206, 0.25743985176086426, 0.1782921850681305, 0.12374355643987656, 0.11552203446626663]",success
facebook_bart,NCONDROMA VERSUS BONE CYST,b474db28e881fcbd9782c99350d306f4,critical,0.36292874813079834,"['critical', 'high severity', 'medium severity', 'moderate severity', 'low severity']","[0.36292874813079834, 0.28899940848350525, 0.15105220675468445, 0.10645784437656403, 0.09056181460618973]",success
facebook_bart,VERTIGO,5fa5dfda8f5ae5a7f0e2f5a1855bc56d,critical,0.3105819523334503,"['critical', 'high severity', 'medium severity', 'moderate severity', 'low severity']","[0.3105819523334503, 0.24494445323944092, 0.1884760856628418, 0.1378304660320282, 0.11816710978746414]",success
facebook_bart,SQUAMOCELLULAR CA IN LEFT UPPER EYELID,a9e94a7476706bb16795b36af6c06235,critical,0.3460376262664795,"['critical', 'medium severity', 'high severity', 'moderate severity', 'low severity']","[0.3460376262664795, 0.22198781371116638, 0.20500685274600983, 0.12121836096048355, 0.10574941337108612]",success
facebook_bart,SUBCARINAL PATHOLOGICAL GANGLIA,f5b5b38966e2af7b2375dcfb52243943,high severity,0.4545392692089081,"['high severity', 'critical', 'medium severity', 'moderate severity', 'low severity']","[0.4545392692089081, 0.24033799767494202, 0.17566266655921936, 0.07435660064220428, 0.05510342866182327]",success
facebook_bart,FACIAL TRAUMA,4ed66d8f21365d8940a4b3abfa2c7caf,critical,0.46390533447265625,"['critical', 'high severity', 'moderate severity', 'medium severity', 'low severity']","[0.46390533447265625, 0.1863231211900711, 0.14709289371967316, 0.13838781416416168, 0.06429077684879303]",success
facebook_bart,LEFT KNEE ARTHROSIS,3bb86a8061a09b91fa5a39caa9038af9,high severity,0.3725413680076599,"['high severity', 'critical', 'medium severity', 'moderate severity', 'low severity']","[0.3725413680076599, 0.25558996200561523, 0.18211732804775238, 0.12034835666418076, 0.0694030299782753]",success
facebook_bart,RECTAL POLYP,570e3a553af20f0c9e4e73a728697f35,critical,0.37380728125572205,"['critical', 'high severity', 'medium severity', 'moderate severity', 'low severity']","[0.37380728125572205, 0.29522740840911865, 0.1484145224094391, 0.09143120050430298, 0.09111954271793365]",success
facebook_bart,WARM DOUGH,12915aa8494970f6ff286eb86a0a415d,moderate severity,0.5387275218963623,"['moderate severity', 'medium severity', 'critical', 'low severity', 'high severity']","[0.5387275218963623, 0.24651160836219788, 0.10439985245466232, 0.07870345562696457, 0.03165759518742561]",success
facebook_bart,"UMBILICAL HERNIA, BILATERAL INGUINAL, BILATERAL HALLUX LESION AND TUMOR IN LEFT ANKLE",2a251d5d5c93cb11a01f8817664612bf,high severity,0.6320546269416809,"['high severity', 'critical', 'medium severity', 'moderate severity', 'low severity']","[0.6320546269416809, 0.21324241161346436, 0.09042070060968399, 0.037111688405275345, 0.02717060223221779]",success
facebook_bart,GASTROESOPHAGEAL REFLUX,26efe63ff71211a89f7b647b69a89534,high severity,0.3904326856136322,"['high severity', 'critical', 'medium severity', 'moderate severity', 'low severity']","[0.3904326856136322, 0.25385820865631104, 0.15530075132846832, 0.1109200045466423, 0.08948832005262375]",success
facebook_bart,ROTATOR Cuff INJURY,46be4911ed8d3077f214ba57b4526ada,high severity,0.38011959195137024,"['high severity', 'critical', 'medium severity', 'moderate severity', 'low severity']","[0.38011959195137024, 0.3434768617153168, 0.1439943015575409, 0.07618976384401321, 0.056219495832920074]",success
facebook_bart,IRRITABLE COLON,b28e6e7fd92c0afdd40637ede206e180,high severity,0.6049498319625854,"['high severity', 'critical', 'medium severity', 'moderate severity', 'low severity']","[0.6049498319625854, 0.3392203748226166, 0.028121009469032288, 0.014907939359545708, 0.012800858356058598]",success
facebook_bart,INTERVAGINAL SEPTUM,2dc334373d2e2760e25d0ad413ff0310,high severity,0.2756137549877167,"['high severity', 'moderate severity', 'medium severity', 'critical', 'low severity']","[0.2756137549877167, 0.26363351941108704, 0.23462849855422974, 0.13215988874435425, 0.09396431595087051]",success
facebook_bart,ACL INJURY,35480767921945819b5c268a581d447f,high severity,0.28073808550834656,"['high severity', 'medium severity', 'critical', 'moderate severity', 'low severity']","[0.28073808550834656, 0.22953882813453674, 0.21507909893989563, 0.15341952443122864, 0.12122444063425064]",success
facebook_bart,ATROPHY OF THE EDENTOOL ALVEOLAR FRIEND,12c8c169672c8b3b638dd85642a1fec4,critical,0.4511461853981018,"['critical', 'moderate severity', 'medium severity', 'low severity', 'high severity']","[0.4511461853981018, 0.19504447281360626, 0.1840910166501999, 0.08510643988847733, 0.08461189270019531]",success
facebook_bart,ADENOID HYPERTROPHY + EUSTACHIAN TUB DYSFUNCTION,df066f6a308ad5bc938a2f0431cab1d1,high severity,0.45450806617736816,"['high severity', 'critical', 'medium severity', 'moderate severity', 'low severity']","[0.45450806617736816, 0.21167005598545074, 0.17020289599895477, 0.09971392899751663, 0.06390506774187088]",success
facebook_bart,MARFAN SD,2b9488789a77a333981eb21521ceff89,moderate severity,0.4002348780632019,"['moderate severity', 'medium severity', 'high severity', 'critical', 'low severity']","[0.4002348780632019, 0.20983931422233582, 0.1550409197807312, 0.1211460754275322, 0.11373874545097351]",success
facebook_bart,FOCAL EPILEPSY,b31ef13c2e9e81b1b4458d61640c3b9e,critical,0.47943660616874695,"['critical', 'moderate severity', 'medium severity', 'high severity', 'low severity']","[0.47943660616874695, 0.22031672298908234, 0.1244451031088829, 0.11566806584596634, 0.06013347953557968]",success
facebook_bart,HUMERO FX,e17e9ffd3982738411ad7fefdcf0cd4d,medium severity,0.40852484107017517,"['medium severity', 'moderate severity', 'high severity', 'low severity', 'critical']","[0.40852484107017517, 0.365464985370636, 0.1281539797782898, 0.05377229303121567, 0.04408396780490875]",success
facebook_bart,ANKLE SPRAINED,7d52e1bd418955916e9522bd12564fc0,high severity,0.39887112379074097,"['high severity', 'critical', 'medium severity', 'moderate severity', 'low severity']","[0.39887112379074097, 0.29765626788139343, 0.14545504748821259, 0.08091729134321213, 0.07710032910108566]",success
facebook_bart,DX SD OF BILATERAL CARPAL TUNNEL,f5a42d5664ca1f3f76b4add47f354e1f,low severity,0.7305108904838562,"['low severity', 'medium severity', 'critical', 'moderate severity', 'high severity']","[0.7305108904838562, 0.11885138601064682, 0.05184471607208252, 0.05083329975605011, 0.04795964062213898]",success
facebook_bart,LISFRANC LUCOFRACTURE,3e24c75b962a3101b75c67aecb3ec85f,critical,0.3884870409965515,"['critical', 'medium severity', 'moderate severity', 'high severity', 'low severity']","[0.3884870409965515, 0.19362525641918182, 0.16441521048545837, 0.1606639325618744, 0.09280848503112793]",success
facebook_bart,INFLAMMATORY CHANGES ABOUT THE FORESPUCE,ed9d5e1d07e009ad227deb0fad1298a4,critical,0.43281739950180054,"['critical', 'medium severity', 'high severity', 'moderate severity', 'low severity']","[0.43281739950180054, 0.20062267780303955, 0.17124396562576294, 0.1313517987728119, 0.0639641135931015]",success
facebook_bart,COVERAGE DEFECT IN LEFT FOOT TRAUMA,f2cc6902c55f5b66b893fdfcac2685ff,critical,0.42859941720962524,"['critical', 'high severity', 'medium severity', 'moderate severity', 'low severity']","[0.42859941720962524, 0.26122066378593445, 0.16184942424297333, 0.10016456246376038, 0.04816591739654541]",success
facebook_bart,SCARS ON FACE,a5b0db3baf3b324817037cb0a0f2c241,high severity,0.4538363516330719,"['high severity', 'critical', 'medium severity', 'moderate severity', 'low severity']","[0.4538363516330719, 0.22206629812717438, 0.1821373850107193, 0.09028154611587524, 0.05167842656373978]",success
facebook_bart,LIPOMA IN LEFT INGUINAL REGION,6c81741492289854d421ac5a430b1196,critical,0.3047569990158081,"['critical', 'medium severity', 'moderate severity', 'high severity', 'low severity']","[0.3047569990158081, 0.2489914894104004, 0.18100591003894806, 0.15435576438903809, 0.11088985204696655]",success
facebook_bart,LEFT KNEE MENISCUS INJURY,6d4e6bfa883f975d7115896d7297edcc,high severity,0.35352829098701477,"['high severity', 'medium severity', 'moderate severity', 'low severity', 'critical']","[0.35352829098701477, 0.2020225077867508, 0.18096010386943817, 0.1363345831632614, 0.12715455889701843]",success
facebook_bart,PERINATAL HYPOXIA,8c9ade07d8f481fee0946b5d31ab72d5,high severity,0.7181856632232666,"['high severity', 'critical', 'medium severity', 'low severity', 'moderate severity']","[0.7181856632232666, 0.0952325165271759, 0.08371763676404953, 0.07234383374452591, 0.030520306900143623]",success
facebook_bart,COMPLETE AV BLOCK,a3106ab156d391cda341786abd1c56b7,high severity,0.4384433925151825,"['high severity', 'critical', 'medium severity', 'low severity', 'moderate severity']","[0.4384433925151825, 0.40419554710388184, 0.08440990746021271, 0.04837047681212425, 0.024580681696534157]",success
facebook_bart,INC,38924f2227ebf15f4bdc6dca5c5eca91,high severity,0.3881291449069977,"['high severity', 'critical', 'medium severity', 'low severity', 'moderate severity']","[0.3881291449069977, 0.2815074026584625, 0.14866027235984802, 0.11243218928575516, 0.06927092373371124]",success
facebook_bart,MOUTH INJURIES,3d9ed8965a39b2be24830d150275fc5d,high severity,0.31049302220344543,"['high severity', 'critical', 'medium severity', 'moderate severity', 'low severity']","[0.31049302220344543, 0.26472553610801697, 0.2197316735982895, 0.11874564737081528, 0.08630412817001343]",success
facebook_bart,POP PECTUS EXCAVATUM,ab461887f574e0cd4836d4aa7ad6022a,high severity,0.47656378149986267,"['high severity', 'medium severity', 'critical', 'moderate severity', 'low severity']","[0.47656378149986267, 0.18554185330867767, 0.17438800632953644, 0.087385393679142, 0.07612099498510361]",success
facebook_bart,HUMEROUS PAIN,47dd21fd31cc92543291244b9178bb2c,high severity,0.8105545043945312,"['high severity', 'critical', 'medium severity', 'moderate severity', 'low severity']","[0.8105545043945312, 0.09788062423467636, 0.057455796748399734, 0.01831282116472721, 0.015796294435858727]",success
facebook_bart,OVARIAN CYST,1124ebbdc9c50c0cc86cabea8cecc723,high severity,0.4986797273159027,"['high severity', 'critical', 'medium severity', 'low severity', 'moderate severity']","[0.4986797273159027, 0.21037717163562775, 0.13910382986068726, 0.07897304743528366, 0.07286619395017624]",success
facebook_bart,HYDROSALPINGX,b2c968d362677067fa190581b778ce03,high severity,0.7063930630683899,"['high severity', 'critical', 'medium severity', 'low severity', 'moderate severity']","[0.7063930630683899, 0.1261175572872162, 0.08969336748123169, 0.04028800502419472, 0.037508074194192886]",success
facebook_bart,CHRONIC PELVIC ABDOMINAL PAIN,03f900937a7d29698b81a65d1beeaebf,high severity,0.5226542949676514,"['high severity', 'critical', 'medium severity', 'moderate severity', 'low severity']","[0.5226542949676514, 0.34052470326423645, 0.06873396784067154, 0.03543231636285782, 0.032654769718647]",success
facebook_bart,TUMOR IN RIGHT TIBIA,5cf2e80417c740166565b3e45f87b177,high severity,0.39651572704315186,"['high severity', 'critical', 'medium severity', 'low severity', 'moderate severity']","[0.39651572704315186, 0.388277143239975, 0.09968799352645874, 0.058780934661626816, 0.05673821270465851]",success
facebook_bart,SUBMUCOUS MYOMA,6faf21a037c61c1c8469def1eb24cb71,high severity,0.37135279178619385,"['high severity', 'medium severity', 'critical', 'low severity', 'moderate severity']","[0.37135279178619385, 0.27314722537994385, 0.21421891450881958, 0.07502060383558273, 0.06626041978597641]",success
facebook_bart,LEFT INTERNAL CAROTIFDA ANEURYSM.,57d9f06263c78e55f5e80beb410d8038,moderate severity,0.3013027310371399,"['moderate severity', 'critical', 'medium severity', 'high severity', 'low severity']","[0.3013027310371399, 0.2872408330440521, 0.21919573843479156, 0.10264156758785248, 0.08961914479732513]",success
facebook_bart,DYSPEPIA,4c2a7bcf28fe34dd6083f925c70517ed,low severity,0.26245415210723877,"['low severity', 'high severity', 'medium severity', 'critical', 'moderate severity']","[0.26245415210723877, 0.22059306502342224, 0.20043475925922394, 0.18287402391433716, 0.1336440145969391]",success
facebook_bart,SEQUELAE OF PROLONGED INTUBATION -.,0f411d5bb4555572bcf97fe88a2e2c1b,critical,0.3124866187572479,"['critical', 'medium severity', 'high severity', 'moderate severity', 'low severity']","[0.3124866187572479, 0.23852835595607758, 0.18934771418571472, 0.17436820268630981, 0.08526915311813354]",success
facebook_bart,ACHALASIA,84272e7af27ae0ea5ddb72e75b7ee87f,critical,0.3447111248970032,"['critical', 'high severity', 'medium severity', 'moderate severity', 'low severity']","[0.3447111248970032, 0.22250725328922272, 0.2017505168914795, 0.14911450445652008, 0.08191665261983871]",success
facebook_bart,GER DISEASE,74ec3a62431113641d2319fe86818f4e,high severity,0.40752652287483215,"['high severity', 'critical', 'medium severity', 'low severity', 'moderate severity']","[0.40752652287483215, 0.32714083790779114, 0.12028580158948898, 0.08356720209121704, 0.06147967278957367]",success
facebook_bart,TRIGGER FINGERS,ba5c68f63aee8a045b8c7c3ac31a6bbf,critical,0.3587341904640198,"['critical', 'high severity', 'medium severity', 'moderate severity', 'low severity']","[0.3587341904640198, 0.3484024405479431, 0.14252817630767822, 0.09377501904964447, 0.056560222059488297]",success
facebook_bart,RIGHT TIBIA OSTEOMYELITIS,00746d936262e0d57f0c8b6df0084642,high severity,0.5095610618591309,"['high severity', 'critical', 'low severity', 'medium severity', 'moderate severity']","[0.5095610618591309, 0.164747953414917, 0.13272130489349365, 0.10236525535583496, 0.09060443192720413]",success
facebook_bart,INSTABILITY OF THE M.T.F.,015e2129ae67b40a111a8e9d00e62187,critical,0.356941282749176,"['critical', 'medium severity', 'high severity', 'moderate severity', 'low severity']","[0.356941282749176, 0.22849620878696442, 0.19757957756519318, 0.1526840180158615, 0.06429895758628845]",success
facebook_bart,LINGUAL FRENUM,91db4469b9e5e68636dc9612a7d6ba79,medium severity,0.3718562126159668,"['medium severity', 'moderate severity', 'critical', 'low severity', 'high severity']","[0.3718562126159668, 0.2299540638923645, 0.18860864639282227, 0.1487475335597992, 0.06083352863788605]",success
facebook_bart,ACHILLES TENDON INJURY,0d7314f0a4f5c04fb89cf4e4099a0a09,high severity,0.7029208540916443,"['high severity', 'medium severity', 'critical', 'low severity', 'moderate severity']","[0.7029208540916443, 0.11533655971288681, 0.0964215025305748, 0.04724711552262306, 0.03807392343878746]",success
facebook_bart,MELANOCYTIC NEVUS RIGHT FOOT,cd249057589691ff730bc99c13ca6e40,high severity,0.34797292947769165,"['high severity', 'medium severity', 'critical', 'moderate severity', 'low severity']","[0.34797292947769165, 0.23898561298847198, 0.20259949564933777, 0.18081022799015045, 0.02963167056441307]",success
facebook_bart,BILATERAL HALLUX VALGUS,d49875481acbb89a573d8f28ad69f554,medium severity,0.3965505361557007,"['medium severity', 'high severity', 'moderate severity', 'critical', 'low severity']","[0.3965505361557007, 0.22781093418598175, 0.16922864317893982, 0.13895392417907715, 0.06745591014623642]",success
facebook_bart,MASS IN RIGHT FOREARM,49b4078c7fd10b42ae71a324998f1804,high severity,0.6033861637115479,"['high severity', 'critical', 'medium severity', 'moderate severity', 'low severity']","[0.6033861637115479, 0.19535644352436066, 0.1342824548482895, 0.052736736834049225, 0.014238175004720688]",success
facebook_bart,DISC HERNIATION L3-L4,ecdbe07789f8fe53c2bf9c8ea3e2cd99,low severity,0.3000961244106293,"['low severity', 'medium severity', 'critical', 'moderate severity', 'high severity']","[0.3000961244106293, 0.2848778963088989, 0.16156575083732605, 0.1464191973209381, 0.10704100131988525]",success
facebook_bart,RECTAL BLEEDING ON STUDY,a5a75f1e53b4662fec6f7d74e82d824e,high severity,0.45237013697624207,"['high severity', 'critical', 'medium severity', 'low severity', 'moderate severity']","[0.45237013697624207, 0.32493582367897034, 0.09827324748039246, 0.08011428266763687, 0.04430650174617767]",success
facebook_bart,GONADAL VENOUS INSUFFICIENCY,0af9d8df1a2a7f2d94ee183330f40563,low severity,0.6274336576461792,"['low severity', 'high severity', 'medium severity', 'moderate severity', 'critical']","[0.6274336576461792, 0.21855176985263824, 0.0687052458524704, 0.04902956634759903, 0.036279741674661636]",success
facebook_bart,UTI,da27879e30558b04b126a78b69684334,critical,0.3041559159755707,"['critical', 'high severity', 'medium severity', 'low severity', 'moderate severity']","[0.3041559159755707, 0.24116593599319458, 0.1910393089056015, 0.13855253159999847, 0.12508632242679596]",success
facebook_bart,RIGHT UNDESCENT TESTICLE,e07e0ad733490a6d793f564d5ad10abf,low severity,0.8703742623329163,"['low severity', 'moderate severity', 'medium severity', 'critical', 'high severity']","[0.8703742623329163, 0.07802554965019226, 0.033982910215854645, 0.00898220855742693, 0.008634977042675018]",success
facebook_bart,CHOLECYST LITHIASIS,3fdd1b1a8485a3d525ff218516fd9d97,high severity,0.40388429164886475,"['high severity', 'critical', 'medium severity', 'low severity', 'moderate severity']","[0.40388429164886475, 0.26848357915878296, 0.16306599974632263, 0.10239003598690033, 0.062176089733839035]",success
facebook_bart,BASE CELLULAR CA SKIN FACE,81d0c5dedb2bcc8be2e7631667907244,critical,0.3519168496131897,"['critical', 'medium severity', 'high severity', 'moderate severity', 'low severity']","[0.3519168496131897, 0.21622641384601593, 0.17615906894207, 0.15885691344738007, 0.09684066474437714]",success
facebook_bart,UNDESCENDED TESTICLE,b062283572efc4bc2161daaaaf46e773,low severity,0.9550806283950806,"['low severity', 'medium severity', 'moderate severity', 'high severity', 'critical']","[0.9550806283950806, 0.016334591433405876, 0.01632275991141796, 0.007547273766249418, 0.004714773967862129]",success
facebook_bart,POP ASTROCYTOMA,1789d37c9c40d489b8f3a6e9e20e5211,critical,0.3035247027873993,"['critical', 'high severity', 'medium severity', 'moderate severity', 'low severity']","[0.3035247027873993, 0.2479785829782486, 0.21168944239616394, 0.13154184818267822, 0.10526539385318756]",success
facebook_bart,CROPNIC COUGH.,356d9575f2bf2ca3d3b3f1c89bbc37e5,critical,0.5591580867767334,"['critical', 'high severity', 'medium severity', 'moderate severity', 'low severity']","[0.5591580867767334, 0.19941668212413788, 0.11168263852596283, 0.0653223991394043, 0.06442021578550339]",success
facebook_bart,ACUTE APPENDICITIS.,a6a06d8d4cea6ee7d4a61caf1237ab8d,high severity,0.4435870945453644,"['high severity', 'critical', 'medium severity', 'low severity', 'moderate severity']","[0.4435870945453644, 0.33605146408081055, 0.10353885591030121, 0.08004643768072128, 0.03677608445286751]",success
facebook_bart,HYPERTROPHY OF ADENOIDS AND ORNETS.,0f57f3d5156f4f545f878f95fd12f499,high severity,0.8531773686408997,"['high severity', 'critical', 'medium severity', 'moderate severity', 'low severity']","[0.8531773686408997, 0.07932823151350021, 0.03653085604310036, 0.01867719180881977, 0.012286401353776455]",success
facebook_bart,BILATERAL METATARSALGIA BY METATARSUS PLUES 2-3-4 BILATERAL,54f1797d53ff2c2b8e760b6805596510,high severity,0.3525054156780243,"['high severity', 'critical', 'medium severity', 'moderate severity', 'low severity']","[0.3525054156780243, 0.30686184763908386, 0.19745762646198273, 0.08027970045804977, 0.06289536505937576]",success
facebook_bart,CHRONIC DIARRHEA,a6cddd09df6ac6d5d51a596d8aa1b04d,high severity,0.5307705998420715,"['high severity', 'critical', 'medium severity', 'low severity', 'moderate severity']","[0.5307705998420715, 0.425374299287796, 0.020460478961467743, 0.013039568439126015, 0.010355080477893353]",success
facebook_bart,SD CARPAL TUNNEL,0d604279553113881f56c59ef06da94b,critical,0.33662205934524536,"['critical', 'high severity', 'medium severity', 'moderate severity', 'low severity']","[0.33662205934524536, 0.22032280266284943, 0.19262243807315826, 0.1321507692337036, 0.11828190088272095]",success
facebook_bart,G2P0 EMB TO TERM,9aab28056d95572daba1c4ee35398601,moderate severity,0.6461661458015442,"['moderate severity', 'medium severity', 'low severity', 'critical', 'high severity']","[0.6461661458015442, 0.14975903928279877, 0.10665720701217651, 0.059786614030599594, 0.03763092681765556]",success
facebook_bart,FISTULECTOMY AND HEMORRHOIDECTOMY,f34a8a2f6e8769605ff54c1b5f29f802,high severity,0.43689289689064026,"['high severity', 'critical', 'medium severity', 'moderate severity', 'low severity']","[0.43689289689064026, 0.25722211599349976, 0.15236297249794006, 0.09097089618444443, 0.06255103647708893]",success
facebook_bart,EYELID PTOSIS,80d5ae0acb614e0179793e058892d94a,high severity,0.4043741226196289,"['high severity', 'critical', 'low severity', 'medium severity', 'moderate severity']","[0.4043741226196289, 0.2305411398410797, 0.18757344782352448, 0.12682761251926422, 0.05068362504243851]",success
facebook_bart,REDUNDANT BRAKE,f469d775de629882a44d4777dbcab27c,high severity,0.7879181504249573,"['high severity', 'critical', 'low severity', 'medium severity', 'moderate severity']","[0.7879181504249573, 0.092487633228302, 0.08888939768075943, 0.017731204628944397, 0.012973602861166]",success
facebook_bart,BILATERAL CATARACT,4254f8b1398b617889a1fa682163cd99,medium severity,0.3863389492034912,"['medium severity', 'moderate severity', 'low severity', 'high severity', 'critical']","[0.3863389492034912, 0.30554017424583435, 0.11267118901014328, 0.10068804770708084, 0.0947616696357727]",success
facebook_bart,SEPTAL DEVIATION,403a2eba231f3151c818c4edc21a76b5,high severity,0.429511159658432,"['high severity', 'critical', 'low severity', 'medium severity', 'moderate severity']","[0.429511159658432, 0.22418849170207977, 0.14867474138736725, 0.12947863340377808, 0.06814691424369812]",success
facebook_bart,G2C1 EAT,c98310be40d2a584a7997e67df5ab52b,medium severity,0.2983262836933136,"['medium severity', 'high severity', 'critical', 'low severity', 'moderate severity']","[0.2983262836933136, 0.23864705860614777, 0.18158723413944244, 0.14090228080749512, 0.1405370980501175]",success
facebook_bart,CARPAL TUNNEL SYNDROME,30997cec6f515d0e5090941099f16585,critical,0.4082311987876892,"['critical', 'high severity', 'medium severity', 'moderate severity', 'low severity']","[0.4082311987876892, 0.2872905433177948, 0.15973974764347076, 0.08629950135946274, 0.058438993990421295]",success
facebook_bart,"NEUROSENSORY HEARING HEARING, WITHOUT OTHER SPECIFICATIONS",a3697a460b2a458a077783704e9fad72,moderate severity,0.2587662935256958,"['moderate severity', 'low severity', 'medium severity', 'critical', 'high severity']","[0.2587662935256958, 0.24474692344665527, 0.23905274271965027, 0.1387106478214264, 0.11872338503599167]",success
facebook_bart,BILATERAL VARICOCELE,14e73b3bba54152b9ff0ee6b84ebd218,moderate severity,0.3373413383960724,"['moderate severity', 'low severity', 'medium severity', 'high severity', 'critical']","[0.3373413383960724, 0.3020864427089691, 0.1721770316362381, 0.11361410468816757, 0.07478106766939163]",success
facebook_bart,ANEMIA IN STUDY,9f5b76a180f007ca73360dc54bf43159,high severity,0.3626744747161865,"['high severity', 'critical', 'low severity', 'medium severity', 'moderate severity']","[0.3626744747161865, 0.21160730719566345, 0.16426074504852295, 0.14458653330802917, 0.11687090992927551]",success
facebook_bart,ANAL CONDYLOMAS.,33de989950f09e14a872854844de0244,critical,0.2859158217906952,"['critical', 'moderate severity', 'medium severity', 'low severity', 'high severity']","[0.2859158217906952, 0.2452903389930725, 0.1849711388349533, 0.14626061916351318, 0.13756200671195984]",success
facebook_bart,GYNECOMASTIA,155c8a45432f67028d9e776307f1a24f,critical,0.30854374170303345,"['critical', 'medium severity', 'high severity', 'moderate severity', 'low severity']","[0.30854374170303345, 0.21748805046081543, 0.2053435742855072, 0.16643716394901276, 0.10218742489814758]",success
facebook_bart,DENTAL SEPTIC FOCUS,241e1d5a0970d45a36b2a57089986ad9,critical,0.4007209241390228,"['critical', 'high severity', 'medium severity', 'moderate severity', 'low severity']","[0.4007209241390228, 0.22820743918418884, 0.16434238851070404, 0.11800965666770935, 0.08871958404779434]",success
facebook_bart,"LEFT RETINAL TUMOR, IMPLANTABLE CATHETER",9b97c5b7dfb813e9b4b3f44390898a2c,high severity,0.34092721343040466,"['high severity', 'critical', 'moderate severity', 'medium severity', 'low severity']","[0.34092721343040466, 0.20878589153289795, 0.19820091128349304, 0.16430383920669556, 0.08778209984302521]",success
facebook_bart,HYDROSALPINX,ca0684667be385f54e8de835b48b5af2,high severity,0.5986697673797607,"['high severity', 'critical', 'medium severity', 'low severity', 'moderate severity']","[0.5986697673797607, 0.14332197606563568, 0.13480228185653687, 0.06424868106842041, 0.058957308530807495]",success
facebook_bart,LOWER MAXILLARY PERIPROSTHETIC INFLAMMATION,f813d09d51024615f43021942b604b22,low severity,0.547818660736084,"['low severity', 'moderate severity', 'medium severity', 'critical', 'high severity']","[0.547818660736084, 0.19753910601139069, 0.15184836089611053, 0.08226615935564041, 0.02052779495716095]",success
facebook_bart,LEFT EYE PALPEBRAL TUMOR,ab43235d83ed11a2203016751a68ee66,high severity,0.3249061107635498,"['high severity', 'critical', 'medium severity', 'moderate severity', 'low severity']","[0.3249061107635498, 0.24422265589237213, 0.20870010554790497, 0.14590993523597717, 0.07626121491193771]",success
facebook_bart,MEDIAL MENISCUS INJURY LEFT KNEE,5de28563a182cdd6790274c6694a9dc7,medium severity,0.3927401900291443,"['medium severity', 'high severity', 'moderate severity', 'low severity', 'critical']","[0.3927401900291443, 0.230849951505661, 0.18256941437721252, 0.11044549196958542, 0.08339491486549377]",success
facebook_bart,RIGHT EYE TUMOR,166d5ec235327eaac2dd233a27206166,high severity,0.36039888858795166,"['high severity', 'critical', 'medium severity', 'moderate severity', 'low severity']","[0.36039888858795166, 0.33975252509117126, 0.14818845689296722, 0.08823619782924652, 0.06342390924692154]",success
facebook_bart,POP CADAVERAL KIDNEY TRANSPLANTATION,a657254b46d561a38b51ba88fe1362d5,critical,0.38232770562171936,"['critical', 'moderate severity', 'medium severity', 'high severity', 'low severity']","[0.38232770562171936, 0.26741257309913635, 0.15308260917663574, 0.12504826486110687, 0.07212886214256287]",success
facebook_bart,SPINE TRAUMA,e9c180ba91df09880a502a4146d74f0e,critical,0.332631915807724,"['critical', 'high severity', 'medium severity', 'moderate severity', 'low severity']","[0.332631915807724, 0.26413023471832275, 0.20168855786323547, 0.11969523876905441, 0.08185406774282455]",success
facebook_bart,Cleft PALATE,1c742c84a6067d1d59ffe0001bd1a3d6,low severity,0.4350121319293976,"['low severity', 'moderate severity', 'medium severity', 'critical', 'high severity']","[0.4350121319293976, 0.34941789507865906, 0.18215875327587128, 0.018448758870363235, 0.014962461777031422]",success
facebook_bart,BILATERAL Cleft LIP.,985eabbf88235f79fa7d6aa55fc5fb7c,moderate severity,0.37017133831977844,"['moderate severity', 'medium severity', 'low severity', 'high severity', 'critical']","[0.37017133831977844, 0.34937044978141785, 0.20537973940372467, 0.042741600424051285, 0.032336898148059845]",success
facebook_bart,CRACKING AND SHOVING,605ff4206fe38bea49b34f443ccc54bb,high severity,0.4020783603191376,"['high severity', 'critical', 'medium severity', 'moderate severity', 'low severity']","[0.4020783603191376, 0.3460122048854828, 0.13229809701442719, 0.07181120663881302, 0.04780018329620361]",success
facebook_bart,EARLY UBERTAD,c1537f44550fda3edf8416ebd7e74afc,high severity,0.3292616009712219,"['high severity', 'medium severity', 'critical', 'low severity', 'moderate severity']","[0.3292616009712219, 0.25824034214019775, 0.1662852168083191, 0.15562601387500763, 0.090586818754673]",success
facebook_bart,MEDIASTINAL MASS,a0bfca01c4b6a92bd3dece10e6ed0bb9,high severity,0.50932377576828,"['high severity', 'moderate severity', 'medium severity', 'critical', 'low severity']","[0.50932377576828, 0.29587849974632263, 0.12300921976566315, 0.06615562736988068, 0.005632943473756313]",success
facebook_bart,TUMOR IN FRONTAL BONE,ce8e37616f4b0ef061bb34dc04cb526b,high severity,0.39407670497894287,"['high severity', 'critical', 'medium severity', 'moderate severity', 'low severity']","[0.39407670497894287, 0.29405349493026733, 0.14872804284095764, 0.09886020421981812, 0.06428161263465881]",success
facebook_bart,TIBIAL EPILO FRACTURE,8a24102a6b20f015dda102e5a6b79a6f,high severity,0.7794243693351746,"['high severity', 'critical', 'medium severity', 'low severity', 'moderate severity']","[0.7794243693351746, 0.12428784370422363, 0.03781601041555405, 0.03504950553178787, 0.023422272875905037]",success
facebook_bart,GANGLION TENOSYNOVITIS,4638d053e12a248da30f88ff330f5958,high severity,0.5867283940315247,"['high severity', 'critical', 'medium severity', 'low severity', 'moderate severity']","[0.5867283940315247, 0.18540292978286743, 0.11304129660129547, 0.06579754501581192, 0.049029815942049026]",success
facebook_bart,CBC LIP,02c4bb053e90287371364a4d3fbccdc7,low severity,0.24906253814697266,"['low severity', 'medium severity', 'critical', 'moderate severity', 'high severity']","[0.24906253814697266, 0.2330315262079239, 0.20878064632415771, 0.17936712503433228, 0.12975819408893585]",success
facebook_bart,GASTROESOPHAGEAL REFUGE,f0f3a927e21058e6356ea0542029e72f,high severity,0.3548552691936493,"['high severity', 'critical', 'medium severity', 'moderate severity', 'low severity']","[0.3548552691936493, 0.3286379873752594, 0.15358145534992218, 0.09175797551870346, 0.07116729021072388]",success
facebook_bart,POP FX M SUP LEFT,4660c7078b06bb6a66fe4250873096d8,critical,0.3065029978752136,"['critical', 'medium severity', 'moderate severity', 'high severity', 'low severity']","[0.3065029978752136, 0.24273724853992462, 0.22391323745250702, 0.1202327087521553, 0.10661377757787704]",success
facebook_bart,NEUROMAS OF AMPUTATED STUMMP,4173fc980feebc773ab46701e1bb071a,critical,0.283069372177124,"['critical', 'medium severity', 'high severity', 'moderate severity', 'low severity']","[0.283069372177124, 0.24548271298408508, 0.2219119369983673, 0.1759641468524933, 0.07357184588909149]",success
facebook_bart,POP OSTEOS FX RIGHT HAND,a59a0f189f35b78fac6486fbc85a9581,critical,0.379451721906662,"['critical', 'medium severity', 'moderate severity', 'high severity', 'low severity']","[0.379451721906662, 0.17641232907772064, 0.16092152893543243, 0.15977780520915985, 0.12343662977218628]",success
facebook_bart,SQUAMOCELLULAR CA LOWER LIP,32f93c59d5f6753a81dc01542fbda05e,low severity,0.270265132188797,"['low severity', 'medium severity', 'critical', 'moderate severity', 'high severity']","[0.270265132188797, 0.22956813871860504, 0.20398418605327606, 0.17987100780010223, 0.11631155759096146]",success
facebook_bart,LEFT VARUUS EQUINUS,d1c249dae1fa95a7d478e812a9d17e05,moderate severity,0.5175886154174805,"['moderate severity', 'medium severity', 'low severity', 'high severity', 'critical']","[0.5175886154174805, 0.2124822437763214, 0.18337510526180267, 0.045849695801734924, 0.04070434346795082]",success
facebook_bart,GOLD ANTRAL FISTULA,d078462c93d5f0c8ac65d550e8b4aeb8,high severity,0.35972341895103455,"['high severity', 'critical', 'medium severity', 'moderate severity', 'low severity']","[0.35972341895103455, 0.30888161063194275, 0.1336403638124466, 0.13030406832695007, 0.06745057553052902]",success
facebook_bart,BREAST NODULE ENF FIBROCYSTIC,5445d9a08112e26d57e0f51416987dda,critical,0.37107792496681213,"['critical', 'high severity', 'medium severity', 'moderate severity', 'low severity']","[0.37107792496681213, 0.22321340441703796, 0.19664832949638367, 0.11947009712457657, 0.08959025889635086]",success
facebook_bart,SEIZURES,afe4226099a8cf67766260cf9714b09e,high severity,0.39007335901260376,"['high severity', 'critical', 'medium severity', 'moderate severity', 'low severity']","[0.39007335901260376, 0.3405606746673584, 0.12085758149623871, 0.08814073354005814, 0.06036758795380592]",success
facebook_bart,TYMPAN PERFORATION,61e3013bac998052e13f190116ba59af,critical,0.33430537581443787,"['critical', 'medium severity', 'moderate severity', 'low severity', 'high severity']","[0.33430537581443787, 0.21452538669109344, 0.18629615008831024, 0.14465095102787018, 0.12022214382886887]",success
facebook_bart,GASTROINTESTINAL SYMPTOMS,6958f1134e41ebf440db4307d4b56726,high severity,0.28090590238571167,"['high severity', 'critical', 'low severity', 'medium severity', 'moderate severity']","[0.28090590238571167, 0.23981140553951263, 0.1664997935295105, 0.1594008505344391, 0.1533820480108261]",success
facebook_bart,LOWER LEFT EYELID TUMOR,a941d5521934896453ffcb9bddb7c952,low severity,0.7200206518173218,"['low severity', 'medium severity', 'critical', 'moderate severity', 'high severity']","[0.7200206518173218, 0.10133669525384903, 0.08004288375377655, 0.06397745013237, 0.034622251987457275]",success
facebook_bart,CLAVICLE FRACTURE,638199fbaa9618494b6af0c696dcfbf5,critical,0.45258691906929016,"['critical', 'high severity', 'medium severity', 'moderate severity', 'low severity']","[0.45258691906929016, 0.1900268942117691, 0.16047817468643188, 0.11875468492507935, 0.07815336436033249]",success
facebook_bart,LEFT HIP INJURY,407112c5df7020b02249e626ad874144,high severity,0.3511751592159271,"['high severity', 'medium severity', 'critical', 'moderate severity', 'low severity']","[0.3511751592159271, 0.21046142280101776, 0.1795918196439743, 0.13029028475284576, 0.12848131358623505]",success
facebook_bart,NASAL DEFORMITY,5d8923b799a957325fb9b5b2e8731d2b,critical,0.3225177228450775,"['critical', 'high severity', 'low severity', 'medium severity', 'moderate severity']","[0.3225177228450775, 0.29224693775177, 0.1979123204946518, 0.11513037234544754, 0.07219258695840836]",success
facebook_bart,LIVE DONOR KIDNEY TX,992286cba701e6107b1d91929d8ea269,critical,0.346866637468338,"['critical', 'medium severity', 'moderate severity', 'high severity', 'low severity']","[0.346866637468338, 0.20238910615444183, 0.19842751324176788, 0.13677047193050385, 0.11554627865552902]",success
facebook_bart,OTOSCLEROSIS OD.,0ce971bd8cce50bc59fcc476993af908,low severity,0.546383798122406,"['low severity', 'high severity', 'medium severity', 'critical', 'moderate severity']","[0.546383798122406, 0.20488621294498444, 0.13850386440753937, 0.07482074201107025, 0.03540530800819397]",success
facebook_bart,TENOSYNOVITIS OF THE RIGHT WRIST,b34d478ed8b26daddf8805cfcfc4fd23,high severity,0.51697838306427,"['high severity', 'critical', 'medium severity', 'low severity', 'moderate severity']","[0.51697838306427, 0.32465970516204834, 0.0644192025065422, 0.059895459562540054, 0.0340472087264061]",success
facebook_bart,SUSPECTED PARKINSON,5f113f6fcfb1b7670fa8b189155a7ee4,high severity,0.40840670466423035,"['high severity', 'critical', 'medium severity', 'moderate severity', 'low severity']","[0.40840670466423035, 0.2990982234477997, 0.192404642701149, 0.06110166013240814, 0.03898876532912254]",success
facebook_bart,FEMUR SHORTENING,7425b7a11151fdbcd86bb4643b9a3a67,high severity,0.31896495819091797,"['high severity', 'critical', 'medium severity', 'moderate severity', 'low severity']","[0.31896495819091797, 0.3027811646461487, 0.16631853580474854, 0.10717430710792542, 0.10476104170084]",success
facebook_bart,CA SKIN,f9c77be50a98adbf5db5d8be45260afe,critical,0.2879858911037445,"['critical', 'medium severity', 'high severity', 'moderate severity', 'low severity']","[0.2879858911037445, 0.23687511682510376, 0.21115902066230774, 0.15082372725009918, 0.1131562814116478]",success
facebook_bart,COMPLEX RIGHT KNEE INJURY,54292f429c896facbf1bbb91b839da06,high severity,0.7141807079315186,"['high severity', 'critical', 'medium severity', 'low severity', 'moderate severity']","[0.7141807079315186, 0.16499567031860352, 0.06479009985923767, 0.03713636472821236, 0.018897151574492455]",success
facebook_bart,MAXILLOFACIAL SURGERY,a61faff3dde50cda9f0023d02e6d502c,high severity,0.8263020515441895,"['high severity', 'critical', 'medium severity', 'low severity', 'moderate severity']","[0.8263020515441895, 0.10711390525102615, 0.02733851596713066, 0.02015821635723114, 0.019087379798293114]",success
facebook_bart,CLEFT LIP AND PALATE,5124ff22be849bfbe3376716807b231a,critical,0.3922007381916046,"['critical', 'medium severity', 'high severity', 'moderate severity', 'low severity']","[0.3922007381916046, 0.24882394075393677, 0.14595745503902435, 0.12804082036018372, 0.08497704565525055]",success
facebook_bart,RIGHT FRONT SQUAMOCELLULAR CA.,38c150c13f8c8a0f1f0772ac75700c19,critical,0.35982683300971985,"['critical', 'medium severity', 'moderate severity', 'high severity', 'low severity']","[0.35982683300971985, 0.20285819470882416, 0.18230748176574707, 0.15976066887378693, 0.09524685889482498]",success
facebook_bart,CORNETAL HYPETTROPHY,05dc24c280cd96bd12e13eaca54ca34b,high severity,0.5068169236183167,"['high severity', 'critical', 'medium severity', 'moderate severity', 'low severity']","[0.5068169236183167, 0.285041481256485, 0.10744181275367737, 0.06063295155763626, 0.04006680101156235]",success
facebook_bart,ESOPHAGITIS.,d6eef8e3ebb07600325b0d4a0afd161f,high severity,0.28058353066444397,"['high severity', 'critical', 'low severity', 'medium severity', 'moderate severity']","[0.28058353066444397, 0.20850393176078796, 0.19014690816402435, 0.1651592254638672, 0.15560634434223175]",success
facebook_bart,HAND BONE FRACTURE,f1f61aaf2b8af6a0e7bbe4a5c6a7a5f8,critical,0.3824404776096344,"['critical', 'medium severity', 'high severity', 'moderate severity', 'low severity']","[0.3824404776096344, 0.21255627274513245, 0.18483145534992218, 0.13988323509693146, 0.08028855174779892]",success
facebook_bart,ANXIETY DISORDER,7cf3e3f18370675e6f18914f27396659,high severity,0.3192731440067291,"['high severity', 'critical', 'medium severity', 'moderate severity', 'low severity']","[0.3192731440067291, 0.30827078223228455, 0.18448126316070557, 0.1141958087682724, 0.07377903163433075]",success
facebook_bart,"PHIMOSIS, POSTERIOR URETHRAL VALVES.",32f125616fe7d6acbcc6e52a06e9f98d,low severity,0.47581347823143005,"['low severity', 'moderate severity', 'medium severity', 'critical', 'high severity']","[0.47581347823143005, 0.3868955969810486, 0.09752751886844635, 0.030363578349351883, 0.009399852715432644]",success
facebook_bart,CA COLON,55b1eb927aae09c4d4813de1cef0edbd,critical,0.3259265124797821,"['critical', 'medium severity', 'high severity', 'moderate severity', 'low severity']","[0.3259265124797821, 0.23228786885738373, 0.18443234264850616, 0.16287338733673096, 0.09447988867759705]",success
facebook_bart,HANDS HYPERHYDROSIS,f7b3fc2f9a483242f80b4a433821403b,high severity,0.6934621930122375,"['high severity', 'critical', 'medium severity', 'low severity', 'moderate severity']","[0.6934621930122375, 0.133089080452919, 0.08197751641273499, 0.046200335025787354, 0.04527083784341812]",success
facebook_bart,LEFT HAND TUMOR,dc3490fad9cfb906139ee3ff4eb8479a,high severity,0.35487470030784607,"['high severity', 'critical', 'medium severity', 'moderate severity', 'low severity']","[0.35487470030784607, 0.29931673407554626, 0.15805655717849731, 0.10459811240434647, 0.0831538587808609]",success
facebook_bart,GER-ESOPHAGITIS?,5745795401d41ae4a9b560d4fd44a584,high severity,0.4013568162918091,"['high severity', 'critical', 'medium severity', 'low severity', 'moderate severity']","[0.4013568162918091, 0.28041496872901917, 0.13552260398864746, 0.13118208944797516, 0.05152353271842003]",success
facebook_bart,TONSILLA TUMOR,52c53c8fc9914a5933c1108ae46663fa,high severity,0.7439042329788208,"['high severity', 'critical', 'low severity', 'medium severity', 'moderate severity']","[0.7439042329788208, 0.1723390370607376, 0.03653596714138985, 0.030236536636948586, 0.01698426716029644]",success
facebook_bart,ANTERIOR CRUCIATED LIGAMENT RUPTURE,681bb4beb3845bb01c7c6e6929cd2c4b,critical,0.41652363538742065,"['critical', 'high severity', 'moderate severity', 'medium severity', 'low severity']","[0.41652363538742065, 0.3828268349170685, 0.10266672074794769, 0.05159042030572891, 0.046392377465963364]",success
facebook_bart,ABDOMINAL EVENTRATION,e26ac2f63826995e23ca0919dca97866,high severity,0.7677372097969055,"['high severity', 'critical', 'low severity', 'medium severity', 'moderate severity']","[0.7677372097969055, 0.17963281273841858, 0.02103230729699135, 0.017006766051054, 0.014590908773243427]",success
facebook_bart,ABDOMINAL PAIN-GER,e8daad45d3d892878b725ea31964b5a1,high severity,0.4785290062427521,"['high severity', 'medium severity', 'critical', 'moderate severity', 'low severity']","[0.4785290062427521, 0.17948374152183533, 0.15579818189144135, 0.09384645521640778, 0.09234269708395004]",success
facebook_bart,LEFT HAND CARPAL TUNNEL,1ca843a710f18ecd12ab56b65b287d25,critical,0.39894095063209534,"['critical', 'medium severity', 'moderate severity', 'high severity', 'low severity']","[0.39894095063209534, 0.19039541482925415, 0.17704717814922333, 0.13188444077968597, 0.101732037961483]",success
facebook_bart,METATARSALGIA,d377877c19a63e683bd3c5e386bc6d5a,high severity,0.593159019947052,"['high severity', 'medium severity', 'critical', 'moderate severity', 'low severity']","[0.593159019947052, 0.21769018471240997, 0.1447158008813858, 0.02776479348540306, 0.016670171171426773]",success
facebook_bart,LEFT HAND CARPAL TUNNEL SYNDROME,6640af46686324755ca24be5639b9ba7,critical,0.41525721549987793,"['critical', 'high severity', 'medium severity', 'moderate severity', 'low severity']","[0.41525721549987793, 0.31459808349609375, 0.14707501232624054, 0.07854065299034119, 0.044528983533382416]",success
facebook_bart,RIGHT HAND CARPAL TUNNEL SYNDROME,9d377cc23472d9bea074726aba6e4b53,critical,0.41273489594459534,"['critical', 'high severity', 'medium severity', 'moderate severity', 'low severity']","[0.41273489594459534, 0.30047959089279175, 0.1520376056432724, 0.08358915895223618, 0.05115874111652374]",success
facebook_bart,RIGHT NASAL MASS,3835aa550f0327c176462f92e934c09e,high severity,0.4450834095478058,"['high severity', 'critical', 'medium severity', 'moderate severity', 'low severity']","[0.4450834095478058, 0.22882424294948578, 0.15149536728858948, 0.10785066336393356, 0.06674633920192719]",success
facebook_bart,REDUCED RIGHT CUBA AND RADIUS FRACTURE,6a3d26440f38d9c52a933ddb2760657b,critical,0.3097091317176819,"['critical', 'moderate severity', 'medium severity', 'low severity', 'high severity']","[0.3097091317176819, 0.3002806305885315, 0.20164452493190765, 0.13705094158649445, 0.051314689218997955]",success
facebook_bart,ESOPHAGITIS,9c334cd3621cf4a97cd8edf6122bd0d6,high severity,0.3625043034553528,"['high severity', 'critical', 'medium severity', 'low severity', 'moderate severity']","[0.3625043034553528, 0.21037741005420685, 0.15839152038097382, 0.14646410942077637, 0.12226271629333496]",success
facebook_bart,LUMBALGIA TO STUDY,cbe3acaf7c9c0916041cd74651c853a8,low severity,0.45465317368507385,"['low severity', 'medium severity', 'moderate severity', 'high severity', 'critical']","[0.45465317368507385, 0.25714394450187683, 0.13978420197963715, 0.0821675956249237, 0.06625115126371384]",success
facebook_bart,ENDOVASCULAR THERAPY LEFT BRACHIAL CYST,f07f5e8166882efc53a8d7a36b940d19,medium severity,0.27260953187942505,"['medium severity', 'critical', 'high severity', 'moderate severity', 'low severity']","[0.27260953187942505, 0.20825839042663574, 0.19992685317993164, 0.16665266454219818, 0.15255260467529297]",success
facebook_bart,GE REFLUX,f4bc1e05762af7e380cd72afd4b890c1,critical,0.3929803669452667,"['critical', 'medium severity', 'moderate severity', 'high severity', 'low severity']","[0.3929803669452667, 0.19302713871002197, 0.1797003448009491, 0.1440275013446808, 0.09026472270488739]",success
facebook_bart,PROSTATIC HYPERPLASIA,ea2f64a52daf6d46d397ce8bf09d4c18,high severity,0.8337516784667969,"['high severity', 'critical', 'medium severity', 'moderate severity', 'low severity']","[0.8337516784667969, 0.06582997739315033, 0.05961063504219055, 0.0204550102353096, 0.020352676510810852]",success
facebook_bart,FX RIGHT FEMUR,c736c181c95e7a99f764bcce65b1bdec,moderate severity,0.5625867247581482,"['moderate severity', 'medium severity', 'critical', 'high severity', 'low severity']","[0.5625867247581482, 0.16703274846076965, 0.15753790736198425, 0.06993380934000015, 0.04290884733200073]",success
facebook_bart,"OSTEOCHONDROMA, HEMANGIOMA",5857c53d2bee5473bf802c1ca23b8f09,high severity,0.3399147689342499,"['high severity', 'critical', 'medium severity', 'moderate severity', 'low severity']","[0.3399147689342499, 0.3274657130241394, 0.19618186354637146, 0.06822138279676437, 0.06821630150079727]",success
facebook_bart,OVARIAN TUMOR,b1120c47ff2ae048cc11d0aa586cb3c1,high severity,0.651686429977417,"['high severity', 'critical', 'medium severity', 'moderate severity', 'low severity']","[0.651686429977417, 0.23323920369148254, 0.052009496837854385, 0.03180424124002457, 0.031260695308446884]",success
facebook_bart,"CIRRHOSIS, ESOPHAGEAL VARICES.",d0e4721f4a9979fc090420bb0d098375,high severity,0.5058212280273438,"['high severity', 'critical', 'medium severity', 'low severity', 'moderate severity']","[0.5058212280273438, 0.21948467195034027, 0.14318330585956573, 0.06603439897298813, 0.06547641009092331]",success
facebook_bart,MESENTERIC DENOPATHIES.,55bc548884f03cc1a7e37d90b7fdebdc,moderate severity,0.488046258687973,"['moderate severity', 'medium severity', 'low severity', 'critical', 'high severity']","[0.488046258687973, 0.3332659900188446, 0.08653423190116882, 0.06219311058521271, 0.029960352927446365]",success
facebook_bart,REPEATED URINARY INFECTION,26c3fc7533378592da03311c14bacf12,high severity,0.5267295241355896,"['high severity', 'critical', 'medium severity', 'moderate severity', 'low severity']","[0.5267295241355896, 0.27328354120254517, 0.12452272325754166, 0.04540051892399788, 0.03006371483206749]",success
facebook_bart,ANAL CHANNEL AC.,043223c6c6c4901b2fe3e7e5b160d155,critical,0.2925300896167755,"['critical', 'medium severity', 'moderate severity', 'high severity', 'low severity']","[0.2925300896167755, 0.2212580442428589, 0.212560772895813, 0.15718823671340942, 0.11646288633346558]",success
facebook_bart,GASTRIC CA.,85aa1c2200b96fe196544745a2901b4a,high severity,0.36686086654663086,"['high severity', 'critical', 'medium severity', 'moderate severity', 'low severity']","[0.36686086654663086, 0.26032719016075134, 0.18858632445335388, 0.10859562456607819, 0.07563000917434692]",success
facebook_bart,ACID PEPTIC DISEASE.,7a0a4c5b3e20f6791e0350b9a3533d88,high severity,0.6172968745231628,"['high severity', 'critical', 'medium severity', 'low severity', 'moderate severity']","[0.6172968745231628, 0.1741510033607483, 0.10137496143579483, 0.0581105574965477, 0.04906662553548813]",success
facebook_bart,POLYARTHRALGIES.,a119c6a398e795fb517933bc0e7ff02f,critical,0.2954898178577423,"['critical', 'medium severity', 'moderate severity', 'high severity', 'low severity']","[0.2954898178577423, 0.22720478475093842, 0.18632416427135468, 0.17214128375053406, 0.11883997917175293]",success
facebook_bart,SENSATION OF COVERED HATES.,dd1d8752697f90d268eca047c648cec8,critical,0.3222582936286926,"['critical', 'high severity', 'medium severity', 'moderate severity', 'low severity']","[0.3222582936286926, 0.2739156186580658, 0.19844764471054077, 0.14632229506969452, 0.05905613303184509]",success
facebook_bart,CRISIS OF ABSENCE.,1c7968be06224fd89221ff86712b7543,critical,0.6675163507461548,"['critical', 'high severity', 'medium severity', 'moderate severity', 'low severity']","[0.6675163507461548, 0.18572215735912323, 0.0757327526807785, 0.04382287710905075, 0.027205869555473328]",success
facebook_bart,CHOLELITHIASIS.,7806da3d4c3a58d59099f89dd64d601e,low severity,0.2908245623111725,"['low severity', 'high severity', 'critical', 'medium severity', 'moderate severity']","[0.2908245623111725, 0.2810716927051544, 0.18198135495185852, 0.15746425092220306, 0.08865806460380554]",success
facebook_bart,CHOLECYSTITIS-CHOLEDOCOLITIASIS,bf62cf0638a56d7aa2264a404e6e0ccb,high severity,0.253891259431839,"['high severity', 'critical', 'medium severity', 'low severity', 'moderate severity']","[0.253891259431839, 0.21850904822349548, 0.1923975646495819, 0.18587660789489746, 0.14932550489902496]",success
facebook_bart,ENDOMETRIOSIS.,03210189db2269058c94d6fe315a4112,high severity,0.4535689353942871,"['high severity', 'critical', 'medium severity', 'moderate severity', 'low severity']","[0.4535689353942871, 0.20121799409389496, 0.15389230847358704, 0.09894797950983047, 0.09237273782491684]",success
facebook_bart,CA OF PANCREAS.,e2e8d5ff28d7f4c440eaf675d660c943,high severity,0.3340317904949188,"['high severity', 'medium severity', 'critical', 'moderate severity', 'low severity']","[0.3340317904949188, 0.2157997488975525, 0.20677900314331055, 0.12593914568424225, 0.11745031177997589]",success
facebook_bart,LEFT KNEE ESION,b32698958617db503f8cdf3208721b02,high severity,0.4068470895290375,"['high severity', 'critical', 'medium severity', 'low severity', 'moderate severity']","[0.4068470895290375, 0.27232828736305237, 0.15711168944835663, 0.09083681553602219, 0.07287614047527313]",success
facebook_bart,PROSTATE HYPERPLASIA,0f33781b3a24f05c23941cd5ad4e5838,high severity,0.729970395565033,"['high severity', 'medium severity', 'critical', 'moderate severity', 'low severity']","[0.729970395565033, 0.11277792602777481, 0.08464346081018448, 0.03764495253562927, 0.034963276237249374]",success
facebook_bart,BRACHIAL PLEXUS INJURY,b7eda43bcd55c61d237aed07df587e5e,low severity,0.3456558585166931,"['low severity', 'high severity', 'medium severity', 'moderate severity', 'critical']","[0.3456558585166931, 0.3034944534301758, 0.1371079534292221, 0.11651359498500824, 0.09722816944122314]",success
facebook_bart,"CERVICAL DISCOPATHY, NARROW CEVICAL CANAL.",5c1af0d8954e231557dfda8d588fe531,critical,0.39107298851013184,"['critical', 'high severity', 'medium severity', 'moderate severity', 'low severity']","[0.39107298851013184, 0.3323811888694763, 0.13532708585262299, 0.07289338111877441, 0.06832534819841385]",success
facebook_bart,RIGHT KNEE LIGAMENT INJURY,1fb7fb8f485879d7ab3093c6019edd34,high severity,0.2746264636516571,"['high severity', 'medium severity', 'critical', 'moderate severity', 'low severity']","[0.2746264636516571, 0.26319190859794617, 0.18277622759342194, 0.16304276883602142, 0.11636266112327576]",success
facebook_bart,DEGENERATIVE LUMBAR SPINE INJURY,dcd50d62d36f9dcf50a1896cf6f29f2f,moderate severity,0.2987428903579712,"['moderate severity', 'low severity', 'high severity', 'medium severity', 'critical']","[0.2987428903579712, 0.2644880712032318, 0.22190865874290466, 0.12947988510131836, 0.0853804424405098]",success
facebook_bart,RECURRENT URINARY TRACT INFECTION,dcd071f7c9122a0ab235809abf30bd72,critical,0.476541668176651,"['critical', 'high severity', 'medium severity', 'moderate severity', 'low severity']","[0.476541668176651, 0.2749912440776825, 0.12507463991641998, 0.07486392557621002, 0.04852853715419769]",success
facebook_bart,BILATERAL HIP ARTHROSIS,29980dee2b772e76bbde6b4eb8b9cc62,medium severity,0.3788600265979767,"['medium severity', 'high severity', 'moderate severity', 'critical', 'low severity']","[0.3788600265979767, 0.22426362335681915, 0.1960868388414383, 0.12121248990297318, 0.07957708090543747]",success
facebook_bart,ABOMINAL PAIN IN STUDY,8efbc717f73d9b218e948d4a1828b24e,high severity,0.7738946080207825,"['high severity', 'critical', 'medium severity', 'low severity', 'moderate severity']","[0.7738946080207825, 0.12800036370754242, 0.04101886972784996, 0.036768924444913864, 0.02031719870865345]",success
facebook_bart,NASAL BASIC CELLULAR AC,f5222e8c792dfff7d03bb316e8b064ca,critical,0.297110378742218,"['critical', 'moderate severity', 'low severity', 'medium severity', 'high severity']","[0.297110378742218, 0.21870410442352295, 0.20919132232666016, 0.20885172486305237, 0.06614243984222412]",success
facebook_bart,CERVIAL PAIN,97c7cbae4fdf50ce4a72846e56c54b4e,critical,0.5828416347503662,"['critical', 'high severity', 'medium severity', 'moderate severity', 'low severity']","[0.5828416347503662, 0.1951124370098114, 0.08195742219686508, 0.07684749364852905, 0.06324099749326706]",success
facebook_bart,NECK MASS,08df9f9945332e5c08e24a1ad2e55c4e,high severity,0.36462172865867615,"['high severity', 'critical', 'medium severity', 'moderate severity', 'low severity']","[0.36462172865867615, 0.24827459454536438, 0.22779472172260284, 0.10275013744831085, 0.05655883997678757]",success
facebook_bart,CORNETAL HYPERTROPHY.,4e47091572da70757e01a00c93bbb1ea,high severity,0.7666492462158203,"['high severity', 'critical', 'medium severity', 'moderate severity', 'low severity']","[0.7666492462158203, 0.13037408888339996, 0.05662130191922188, 0.030102374032139778, 0.016252953559160233]",success
facebook_bart,SD ROTATOR Cuff. RIGHT,7d34f516846916f41820b56e5934175f,high severity,0.3223852813243866,"['high severity', 'critical', 'medium severity', 'moderate severity', 'low severity']","[0.3223852813243866, 0.286085307598114, 0.17966873943805695, 0.11283139884471893, 0.09902931749820709]",success
facebook_bart,PIERRE ROBAN SEQUENCE,bf974897be34e778bd35bf7939b3c401,high severity,0.4477679133415222,"['high severity', 'critical', 'medium severity', 'moderate severity', 'low severity']","[0.4477679133415222, 0.2699189782142639, 0.13678941130638123, 0.08340015262365341, 0.06212354078888893]",success
facebook_bart,TMJ DYSFUNCTION,99468b019a4ed857cfcde0507740ead8,high severity,0.3518729507923126,"['high severity', 'critical', 'medium severity', 'low severity', 'moderate severity']","[0.3518729507923126, 0.2235766500234604, 0.19924791157245636, 0.11903664469718933, 0.10626588761806488]",success
facebook_bart,DER HYDROCELE/PHIMOSIS,0c6bbb108482e28cac64fec5c0541ac8,moderate severity,0.3825436234474182,"['moderate severity', 'low severity', 'high severity', 'medium severity', 'critical']","[0.3825436234474182, 0.23219706118106842, 0.14558908343315125, 0.12280134856700897, 0.11686886101961136]",success
facebook_bart,URETHRAL INJURY,e17f8263101790a068f09f1d4b5a118b,high severity,0.6832447052001953,"['high severity', 'critical', 'medium severity', 'low severity', 'moderate severity']","[0.6832447052001953, 0.10584733635187149, 0.09760767966508865, 0.06446962803602219, 0.04883067309856415]",success
facebook_bart,ELBOW FRACTURE,8d91e5f22d846a7694fb2961de4257e6,critical,0.2894437909126282,"['critical', 'medium severity', 'low severity', 'moderate severity', 'high severity']","[0.2894437909126282, 0.2324606478214264, 0.17205126583576202, 0.1623440980911255, 0.14370018243789673]",success
facebook_bart,WRIST FIBROCARTILAGE,c66ad7a1090c763b4b763af2b102e44e,critical,0.4519805312156677,"['critical', 'medium severity', 'moderate severity', 'high severity', 'low severity']","[0.4519805312156677, 0.16791677474975586, 0.15354569256305695, 0.1432652473449707, 0.08329174667596817]",success
facebook_bart,CHRONIC TONSILLITIS,375af805b5205613bc39c28199c5a1f4,high severity,0.5705376863479614,"['high severity', 'critical', 'medium severity', 'low severity', 'moderate severity']","[0.5705376863479614, 0.4037958085536957, 0.01283915713429451, 0.007392869330942631, 0.005434466525912285]",success
facebook_bart,RIGHT INGUINAL HERNIA,926418a1e5f9305534ea0239f9c7a133,critical,0.2986595928668976,"['critical', 'medium severity', 'high severity', 'moderate severity', 'low severity']","[0.2986595928668976, 0.2581961452960968, 0.19598211348056793, 0.15626707673072815, 0.09089507907629013]",success
facebook_bart,METATARSAL SHORTENING,6dfd815e4285038bf51cc17790cd113d,critical,0.41298195719718933,"['critical', 'high severity', 'medium severity', 'low severity', 'moderate severity']","[0.41298195719718933, 0.2438402622938156, 0.19792227447032928, 0.07293566316366196, 0.07231984287500381]",success
facebook_bart,PERSISTENT DUCTUS ARTERIOSUS,466c8e0c78629ea07477d957d3fffe83,high severity,0.518946647644043,"['high severity', 'critical', 'moderate severity', 'medium severity', 'low severity']","[0.518946647644043, 0.2807612121105194, 0.08963092416524887, 0.06163853779435158, 0.04902267828583717]",success
facebook_bart,LUMBALGIA,5f5094c79a94580825883084d3a46e73,low severity,0.3033082187175751,"['low severity', 'medium severity', 'high severity', 'moderate severity', 'critical']","[0.3033082187175751, 0.2984558045864105, 0.18479105830192566, 0.1160210371017456, 0.09742385149002075]",success
facebook_bart,ASUBMAXILLARY VEIN MALFORMATION,e0895bbeb67ad6061425eff34c265dae,medium severity,0.42699840664863586,"['medium severity', 'high severity', 'critical', 'low severity', 'moderate severity']","[0.42699840664863586, 0.3636218309402466, 0.07507956773042679, 0.07322622835636139, 0.06107402220368385]",success
facebook_bart,PALMAR HYPERHYDROSIS,279a1e889daea5ddaf15838e1e87acbf,high severity,0.6750824451446533,"['high severity', 'critical', 'medium severity', 'moderate severity', 'low severity']","[0.6750824451446533, 0.1179240345954895, 0.09807301312685013, 0.06681287288665771, 0.04210765287280083]",success
facebook_bart,EPIDERMAL CYST,908e2300cb9a1a9e8dc147a12355d184,moderate severity,0.477397620677948,"['moderate severity', 'high severity', 'medium severity', 'low severity', 'critical']","[0.477397620677948, 0.2066095471382141, 0.20475967228412628, 0.07284083217382431, 0.0383923165500164]",success
facebook_bart,LUMBAR DISC HERNIATION,2b282ce58ad517733bf6316d96b0a49e,low severity,0.36088815331459045,"['low severity', 'moderate severity', 'medium severity', 'high severity', 'critical']","[0.36088815331459045, 0.3132828176021576, 0.21299968659877777, 0.0834946408867836, 0.02933475933969021]",success
facebook_bart,HIP PAIN,86253c9bc8f74c82f458b7997630448e,high severity,0.5638642907142639,"['high severity', 'critical', 'medium severity', 'moderate severity', 'low severity']","[0.5638642907142639, 0.16918650269508362, 0.13615204393863678, 0.06831222772598267, 0.06248493865132332]",success
facebook_bart,VESICOVAGINAL FISTULA,a8df3ac12c1c4e8fda156ba3d8af33ca,high severity,0.7610225081443787,"['high severity', 'critical', 'medium severity', 'low severity', 'moderate severity']","[0.7610225081443787, 0.15922757983207703, 0.03528174012899399, 0.024076875299215317, 0.020391302183270454]",success
facebook_bart,RIGHT INGUINAL HERNIA,926418a1e5f9305534ea0239f9c7a133,critical,0.2986595928668976,"['critical', 'medium severity', 'high severity', 'moderate severity', 'low severity']","[0.2986595928668976, 0.2581961452960968, 0.19598211348056793, 0.15626707673072815, 0.09089507907629013]",success
facebook_bart,THYROGLOSSUS FISTULA,f95f8b8d71f190ef1e70a2cb2d2d761d,high severity,0.6793653964996338,"['high severity', 'critical', 'medium severity', 'low severity', 'moderate severity']","[0.6793653964996338, 0.1932055801153183, 0.06333590298891068, 0.03853805735707283, 0.025555012747645378]",success
facebook_bart,POP CLAVICLE FRACTURE,5dba76e96722a45681109343622a4a19,critical,0.43126222491264343,"['critical', 'high severity', 'medium severity', 'moderate severity', 'low severity']","[0.43126222491264343, 0.1831328272819519, 0.17275802791118622, 0.12498409301042557, 0.08786290884017944]",success
facebook_bart,REPEATED UTI,da6fbff6280225e67e863edd772fc8cc,high severity,0.5093851089477539,"['high severity', 'critical', 'medium severity', 'moderate severity', 'low severity']","[0.5093851089477539, 0.27575626969337463, 0.11823079735040665, 0.0542542040348053, 0.04237363860011101]",success
facebook_bart,PTERYGION OD,94464b6cdcd10aad90ba61ade15ef45a,high severity,0.313682496547699,"['high severity', 'low severity', 'medium severity', 'critical', 'moderate severity']","[0.313682496547699, 0.2735726237297058, 0.1541212648153305, 0.13068212568759918, 0.1279415488243103]",success
facebook_bart,MYOMATOSIS,9ed3fa71719e653b3b8cdbbc592e5ee4,medium severity,0.35805752873420715,"['medium severity', 'moderate severity', 'low severity', 'high severity', 'critical']","[0.35805752873420715, 0.26200446486473083, 0.1393597573041916, 0.13656413555145264, 0.10401411354541779]",success
facebook_bart,LEFT INGUINAL HERNIA. RIGHT HALLUX OSTOCONDRAL LESION,b6bb92ea7ab974ae37f29ce8cfcd58be,medium severity,0.34245753288269043,"['medium severity', 'low severity', 'moderate severity', 'critical', 'high severity']","[0.34245753288269043, 0.19742001593112946, 0.1801796704530716, 0.1488882452249527, 0.13105453550815582]",success
facebook_bart,SEPTOM DEVIATION,b12f59a77bd1bbe010ddad596029cffb,high severity,0.3451412618160248,"['high severity', 'critical', 'low severity', 'medium severity', 'moderate severity']","[0.3451412618160248, 0.2593451142311096, 0.1883939504623413, 0.1254621148109436, 0.08165761083364487]",success
facebook_bart,L4L5 RADICULOPATHY,88cba0b46d8a565bb265a6b3457753de,low severity,0.3212415277957916,"['low severity', 'high severity', 'medium severity', 'critical', 'moderate severity']","[0.3212415277957916, 0.25994163751602173, 0.20910878479480743, 0.10832372307777405, 0.10138428956270218]",success
facebook_bart,RADIO FRACTURE,df9ea5be3b91359020e5198f2c5f989c,critical,0.3869534730911255,"['critical', 'medium severity', 'moderate severity', 'high severity', 'low severity']","[0.3869534730911255, 0.19405414164066315, 0.18130631744861603, 0.1486961394548416, 0.08898996561765671]",success
facebook_bart,LEFT FACIAL PARALYSIS,a5fbef1298cdcdf1551c9c4131e2ef71,high severity,0.31211578845977783,"['high severity', 'medium severity', 'critical', 'moderate severity', 'low severity']","[0.31211578845977783, 0.23789997398853302, 0.18393366038799286, 0.15064311027526855, 0.11540749669075012]",success
facebook_bart,"ADENOAMIGDALECTOMY, TURBINOPLASTY.",c4894c5dc27ed8d765aa1161f32654b8,high severity,0.5769094228744507,"['high severity', 'critical', 'medium severity', 'low severity', 'moderate severity']","[0.5769094228744507, 0.22567053139209747, 0.11575489491224289, 0.04254236817359924, 0.03912279009819031]",success
facebook_bart,"PTERIGION, SYMBLEPHARON OD",7a011b0298266714f0336a47771420d2,critical,0.28826838731765747,"['critical', 'medium severity', 'moderate severity', 'high severity', 'low severity']","[0.28826838731765747, 0.2460869699716568, 0.22390487790107727, 0.12672458589076996, 0.11501524597406387]",success
facebook_bart,POP CERVICAL SPINE FIXATION,00ef1479567f3a4fc52fbeadddd0edfd,critical,0.46788841485977173,"['critical', 'moderate severity', 'medium severity', 'high severity', 'low severity']","[0.46788841485977173, 0.16484619677066803, 0.16014599800109863, 0.10783052444458008, 0.09928885102272034]",success
facebook_bart,LEFT KIDNEY LITIASIS,44b215c91b8b02dae637184976da32a5,critical,0.33449071645736694,"['critical', 'high severity', 'medium severity', 'low severity', 'moderate severity']","[0.33449071645736694, 0.21077758073806763, 0.19918127357959747, 0.14435632526874542, 0.11119409650564194]",success
facebook_bart,HYPOAUSIA,d451a64138329bf8b5cdab9ab2871ce2,high severity,0.651432991027832,"['high severity', 'medium severity', 'critical', 'low severity', 'moderate severity']","[0.651432991027832, 0.13149365782737732, 0.11607960611581802, 0.06140849366784096, 0.039585262537002563]",success
facebook_bart,NASAL POLYPS.,3a5e2dc9e1785da571deb9009e940c96,critical,0.410666286945343,"['critical', 'moderate severity', 'medium severity', 'low severity', 'high severity']","[0.410666286945343, 0.16884617507457733, 0.16831153631210327, 0.1285390704870224, 0.1236368715763092]",success
facebook_bart,FX LEFT PERONE,a8628138accef5a622f5c25744606aad,critical,0.2879275679588318,"['critical', 'medium severity', 'moderate severity', 'high severity', 'low severity']","[0.2879275679588318, 0.2237914651632309, 0.19856508076190948, 0.14673708379268646, 0.1429787576198578]",success
facebook_bart,LEFT ANKLE SPRAIN,10c5a19ce0c88df94f6af355e71e8b3e,high severity,0.2802659869194031,"['high severity', 'critical', 'medium severity', 'moderate severity', 'low severity']","[0.2802659869194031, 0.26030102372169495, 0.18676185607910156, 0.1456190049648285, 0.1270521730184555]",success
facebook_bart,FALLS,f2715d60e72dcd0184af326115c6f727,high severity,0.4500943720340729,"['high severity', 'critical', 'low severity', 'medium severity', 'moderate severity']","[0.4500943720340729, 0.27730047702789307, 0.16782286763191223, 0.07105756551027298, 0.03372468054294586]",success
facebook_bart,LEFT ANKLE,87dd5ac66d66724b06fac5e64ba80991,critical,0.2659144401550293,"['critical', 'medium severity', 'moderate severity', 'low severity', 'high severity']","[0.2659144401550293, 0.2495272308588028, 0.17124399542808533, 0.16109442710876465, 0.15221984684467316]",success
facebook_bart,DERIVED GIANT BIFRONTAL ARACHNOID CYST,a1e6484ca7e1521bf77de4dfbb219b2d,high severity,0.8230770230293274,"['high severity', 'critical', 'low severity', 'medium severity', 'moderate severity']","[0.8230770230293274, 0.11954011023044586, 0.023367399349808693, 0.021245988085865974, 0.012769381515681744]",success
facebook_bart,DIFFUSE STEM TUMOR,17740de5709fbd781140cd449203e79d,high severity,0.39784011244773865,"['high severity', 'critical', 'low severity', 'medium severity', 'moderate severity']","[0.39784011244773865, 0.3270229995250702, 0.10747635364532471, 0.10186650604009628, 0.06579401344060898]",success
facebook_bart,RECURRING BREAST CYST.,17e210d31e1cb6f850515ed2ca431abc,critical,0.37206271290779114,"['critical', 'high severity', 'medium severity', 'moderate severity', 'low severity']","[0.37206271290779114, 0.3378797173500061, 0.14650191366672516, 0.07989835739135742, 0.06365726888179779]",success
facebook_bart,CARPAL TUNNEL SX,320ed95b0ca05c669f87a02e4664bce1,medium severity,0.2603197991847992,"['medium severity', 'moderate severity', 'critical', 'high severity', 'low severity']","[0.2603197991847992, 0.25040075182914734, 0.2089715301990509, 0.1445634961128235, 0.1357443630695343]",success
facebook_bart,FEMUR POP FX SEQUELS,69a76624f820a8fe8196e312aa66958b,critical,0.3683178126811981,"['critical', 'high severity', 'moderate severity', 'medium severity', 'low severity']","[0.3683178126811981, 0.18604378402233124, 0.18503914773464203, 0.1726682186126709, 0.08793105185031891]",success
facebook_bart,AORTA RECOARTTION,d75d567ab7780adc216de9849adfd714,critical,0.34775474667549133,"['critical', 'high severity', 'medium severity', 'moderate severity', 'low severity']","[0.34775474667549133, 0.20397797226905823, 0.16629189252853394, 0.14397694170475006, 0.13799838721752167]",success
facebook_bart,ABDOMINAL MIGRAINE,2bbeec7072d0200c667603a59f1ad16d,high severity,0.510392963886261,"['high severity', 'critical', 'medium severity', 'moderate severity', 'low severity']","[0.510392963886261, 0.19263730943202972, 0.16814303398132324, 0.07441301643848419, 0.054413724690675735]",success
facebook_bart,ILEAL BAG,0384e0c6e1da2f50eae15412b0cadc9f,critical,0.27517756819725037,"['critical', 'medium severity', 'high severity', 'low severity', 'moderate severity']","[0.27517756819725037, 0.23040537536144257, 0.17581512033939362, 0.16276763379573822, 0.15583428740501404]",success
facebook_bart,CONGENITAL ATRESIA OF CHOHANA,00f705583864932ecd967c01a1d8573d,critical,0.4563564956188202,"['critical', 'high severity', 'medium severity', 'moderate severity', 'low severity']","[0.4563564956188202, 0.2610495984554291, 0.15361040830612183, 0.07531234622001648, 0.05367108806967735]",success
facebook_bart,ECR TENDINITIS,263c777c76d6b884c5076b8f0c2eaa45,low severity,0.40727755427360535,"['low severity', 'moderate severity', 'medium severity', 'critical', 'high severity']","[0.40727755427360535, 0.30943766236305237, 0.14329656958580017, 0.07265356183052063, 0.0673346221446991]",success
facebook_bart,SUPERNUMERARY TOOTH,06667909ab7ea61c256eedcec596c5a9,high severity,0.40565064549446106,"['high severity', 'moderate severity', 'medium severity', 'critical', 'low severity']","[0.40565064549446106, 0.20804813504219055, 0.16733711957931519, 0.1548210084438324, 0.06414308398962021]",success
facebook_bart,TONSILLA HYPERTROPHY,181e7ad86190a45bd8f51a5d55b7f2da,high severity,0.8581900000572205,"['high severity', 'critical', 'medium severity', 'low severity', 'moderate severity']","[0.8581900000572205, 0.07246583700180054, 0.03456057235598564, 0.0218849815428257, 0.012898633256554604]",success
facebook_bart,RIGHT KNEE MENISCUS LESOIN,d75f07cad26c9a55dcbbc4d5911ca2c7,high severity,0.4423280954360962,"['high severity', 'medium severity', 'moderate severity', 'low severity', 'critical']","[0.4423280954360962, 0.20644797384738922, 0.16302232444286346, 0.14125153422355652, 0.04695006087422371]",success
facebook_bart,PROSTATIC HYPERTROPHY,fe5445a792a0d99bbc9aff44795def80,high severity,0.8406792283058167,"['high severity', 'critical', 'medium severity', 'low severity', 'moderate severity']","[0.8406792283058167, 0.07190288603305817, 0.05529479309916496, 0.016515223309397697, 0.015607860870659351]",success
facebook_bart,LEFT KNEE MENISCAL INJURY,9612f4ee0835ff9c20fc56bdfcc032d8,medium severity,0.3343275189399719,"['medium severity', 'moderate severity', 'high severity', 'low severity', 'critical']","[0.3343275189399719, 0.2978672683238983, 0.19058683514595032, 0.12859222292900085, 0.048626162111759186]",success
facebook_bart,OVARIAN TUMOR,b1120c47ff2ae048cc11d0aa586cb3c1,high severity,0.651686429977417,"['high severity', 'critical', 'medium severity', 'moderate severity', 'low severity']","[0.651686429977417, 0.23323920369148254, 0.052009448409080505, 0.03180424124002457, 0.031260695308446884]",success
facebook_bart,PERIANAL INJURIES,4cdefd3fd4ca88bd48788adbbd70717a,low severity,0.4768456518650055,"['low severity', 'moderate severity', 'medium severity', 'critical', 'high severity']","[0.4768456518650055, 0.3318849503993988, 0.1858072727918625, 0.0037733863573521376, 0.001688716234639287]",success
facebook_bart,PILONIDAL CYST,815f0f3bd0307f640825d8f19023aeed,low severity,0.3594471514225006,"['low severity', 'high severity', 'moderate severity', 'medium severity', 'critical']","[0.3594471514225006, 0.23749157786369324, 0.22958658635616302, 0.10217473655939102, 0.07130001485347748]",success
facebook_bart,MEDIASTINAL GANGLIA N STUDY,da80422fd5489ea8b30a85b78eed2539,critical,0.2802695035934448,"['critical', 'moderate severity', 'high severity', 'medium severity', 'low severity']","[0.2802695035934448, 0.26100850105285645, 0.20576877892017365, 0.18265607953071594, 0.07029714435338974]",success
facebook_bart,HEMATURIA,c1a80abe0c6dd88bfde0fd7e2839faa0,high severity,0.4297938942909241,"['high severity', 'critical', 'medium severity', 'moderate severity', 'low severity']","[0.4297938942909241, 0.24386532604694366, 0.18686729669570923, 0.09383989870548248, 0.04563361778855324]",success
facebook_bart,LARYNGEAL PAPILLOMATOSIS.,d3a2d70dd3692660e00d5aaf0d0e1484,low severity,0.69581139087677,"['low severity', 'moderate severity', 'medium severity', 'high severity', 'critical']","[0.69581139087677, 0.13199473917484283, 0.07227394729852676, 0.06897106766700745, 0.030948836356401443]",success
facebook_bart,ODONTOGENOUS TUMOR,55b512e1247bc2f436b7a0f65e4f3e7a,low severity,0.6136851906776428,"['low severity', 'high severity', 'critical', 'medium severity', 'moderate severity']","[0.6136851906776428, 0.19237135350704193, 0.13938555121421814, 0.033290475606918335, 0.02126755379140377]",success
facebook_bart,VENOUS INSUFFICIENCY.,53623207f44d8f9d7277f1615de188a1,high severity,0.8569865226745605,"['high severity', 'critical', 'low severity', 'medium severity', 'moderate severity']","[0.8569865226745605, 0.06234920769929886, 0.031035324558615685, 0.02940846048295498, 0.020220546051859856]",success
facebook_bart,NASAL OBSTRUCTION.,4670766ac48d0981ed49664eed243f67,high severity,0.3556806445121765,"['high severity', 'critical', 'medium severity', 'moderate severity', 'low severity']","[0.3556806445121765, 0.3165057599544525, 0.13830327987670898, 0.09507843106985092, 0.09443195909261703]",success
facebook_bart,LEFT SCAPULAR INJURY,7cf1ab92a6d16ff64f666786141e7c91,low severity,0.6737226843833923,"['low severity', 'moderate severity', 'high severity', 'medium severity', 'critical']","[0.6737226843833923, 0.116323322057724, 0.0945645123720169, 0.059665367007255554, 0.05572414770722389]",success
facebook_bart,LEFT RETINAL DETACHMENT,594f161dd22a128bbed62d08fc6480c8,critical,0.34512487053871155,"['critical', 'medium severity', 'moderate severity', 'high severity', 'low severity']","[0.34512487053871155, 0.21003374457359314, 0.16972661018371582, 0.16685627400875092, 0.10825852304697037]",success
facebook_bart,EMETIC SYNDROME IN STUDY,ac909e292160edbab54857eacff4b749,moderate severity,0.4810974895954132,"['moderate severity', 'high severity', 'critical', 'medium severity', 'low severity']","[0.4810974895954132, 0.1949661374092102, 0.1454787254333496, 0.14419884979724884, 0.034258853644132614]",success
facebook_bart,URINARY INCONTINENCE,7e14c69b94688b61ee2c72e2a886c8e2,critical,0.3036747872829437,"['critical', 'medium severity', 'high severity', 'moderate severity', 'low severity']","[0.3036747872829437, 0.2769857943058014, 0.1640903353691101, 0.14217419922351837, 0.11307486146688461]",success
facebook_bart,SYNDACTYLY,95c89a6de4b98a9e08998823f802e7c0,moderate severity,0.4060283303260803,"['moderate severity', 'medium severity', 'critical', 'high severity', 'low severity']","[0.4060283303260803, 0.19163627922534943, 0.15751054883003235, 0.14235898852348328, 0.10246583819389343]",success
facebook_bart,GASTRITIS + GERD,2984724322b95f06570a0ae60d8e583c,high severity,0.3209927976131439,"['high severity', 'critical', 'medium severity', 'moderate severity', 'low severity']","[0.3209927976131439, 0.21935711801052094, 0.20025606453418732, 0.1343618482351303, 0.12503217160701752]",success
facebook_bart,PENIAL HYPOSPADIA + RIGHT CRYPTORCHIDIA,d4757115b575fa5658f85090a89a2713,high severity,0.6361528635025024,"['high severity', 'critical', 'medium severity', 'moderate severity', 'low severity']","[0.6361528635025024, 0.15838497877120972, 0.11522971093654633, 0.0502505823969841, 0.03998184576630592]",success
facebook_bart,FXT LEFT CUBE AND RADIO,8ab7c7bb42e511f07f261f2e2b1a0ab1,critical,0.37259534001350403,"['critical', 'medium severity', 'moderate severity', 'high severity', 'low severity']","[0.37259534001350403, 0.20462028682231903, 0.16934841871261597, 0.14464224874973297, 0.10879367589950562]",success
facebook_bart,RIGHT KNEE ARTHRALGY,21a8a8d0538fb984f2acf4c4c2403110,critical,0.378150075674057,"['critical', 'medium severity', 'high severity', 'moderate severity', 'low severity']","[0.378150075674057, 0.21798908710479736, 0.18727843463420868, 0.14105869829654694, 0.07552369683980942]",success
facebook_bart,CONTROL,c861cd34025f9002df5912d623326130,critical,0.5460954308509827,"['critical', 'medium severity', 'high severity', 'moderate severity', 'low severity']","[0.5460954308509827, 0.14678139984607697, 0.12818938493728638, 0.11811356991529465, 0.060820259153842926]",success
facebook_bart,LEFT HAND FINGER DEFORMITY,3832bbca2b5c4fc10a846d0a5cd0a8ed,critical,0.35425078868865967,"['critical', 'high severity', 'medium severity', 'moderate severity', 'low severity']","[0.35425078868865967, 0.29163238406181335, 0.17989064753055573, 0.11113277822732925, 0.0630934089422226]",success
facebook_bart,ADENOIDECTOIMA TONSILLECTOMY,dd8e19268c84febf0f08e0427bc04a1f,high severity,0.4230496883392334,"['high severity', 'critical', 'medium severity', 'low severity', 'moderate severity']","[0.4230496883392334, 0.3408951461315155, 0.09920584410429001, 0.07365382462739944, 0.06319548934698105]",success
facebook_bart,IDIOPATHIC SCOLIOSIS,c8910508eaf36b73b81d08f4f2f16c72,critical,0.25350916385650635,"['critical', 'low severity', 'medium severity', 'high severity', 'moderate severity']","[0.25350916385650635, 0.22048769891262054, 0.19826838374137878, 0.19511538743972778, 0.13261941075325012]",success
facebook_bart,POP OF RA MAS OTS OF RADIO AND CUBITO,d7c76c980fd66543ae8f085fa2291a8e,critical,0.4570333659648895,"['critical', 'medium severity', 'moderate severity', 'high severity', 'low severity']","[0.4570333659648895, 0.17658311128616333, 0.14912346005439758, 0.12719371914863586, 0.0900663360953331]",success
facebook_bart,NECK HEMANGIOMA |,9eb9ccde6be720d6e77fe639ae65855b,critical,0.328273743391037,"['critical', 'high severity', 'medium severity', 'moderate severity', 'low severity']","[0.328273743391037, 0.30368664860725403, 0.20639006793498993, 0.08613678067922592, 0.07551272958517075]",success
facebook_bart,CA THYROID,9da397de8a3d86ef7bdfadc03c61a246,high severity,0.3621220588684082,"['high severity', 'low severity', 'medium severity', 'critical', 'moderate severity']","[0.3621220588684082, 0.24095025658607483, 0.16594694554805756, 0.14676964282989502, 0.0842110887169838]",success
facebook_bart,FRACTURE 5 LEFT METACARPAL,df054b5a2b41b3cdbe3c5f31c5adf661,medium severity,0.5321569442749023,"['medium severity', 'moderate severity', 'high severity', 'low severity', 'critical']","[0.5321569442749023, 0.3071715235710144, 0.11676111072301865, 0.02778620272874832, 0.016124224290251732]",success
facebook_bart,"HYPERTROPHY TONSILLS, CORNTES AND ADENOIDS",102e1fb53fddb6a2220a227f63e3376d,high severity,0.8941154479980469,"['high severity', 'critical', 'medium severity', 'low severity', 'moderate severity']","[0.8941154479980469, 0.06694503128528595, 0.020028725266456604, 0.010391123592853546, 0.008519682101905346]",success
facebook_bart,RIGHT HAND INDEX NEUROMA,57c4dc4daf0e15ccccfdb585674eb400,critical,0.27656984329223633,"['critical', 'moderate severity', 'medium severity', 'low severity', 'high severity']","[0.27656984329223633, 0.2631194293498993, 0.26132169365882874, 0.11583954095840454, 0.0831495150923729]",success
facebook_bart,HYPERTROPHY OF ADENOID AND CORNETS,e71740517508cf170aa8738f3af31484,high severity,0.8983500599861145,"['high severity', 'critical', 'medium severity', 'low severity', 'moderate severity']","[0.8983500599861145, 0.055236779153347015, 0.024073561653494835, 0.011514779180288315, 0.010824843309819698]",success
facebook_bart,HAMMER TOES BOTH FEET,86bc2dc6356e2023a1c4a0e7bd608dc9,high severity,0.7810096144676208,"['high severity', 'critical', 'medium severity', 'low severity', 'moderate severity']","[0.7810096144676208, 0.15201540291309357, 0.034468669444322586, 0.01936204358935356, 0.013144269585609436]",success
facebook_bart,BRANCHIAL CYST,ffc2999b14c04fbf4d2056b5d2e457a9,high severity,0.32505151629447937,"['high severity', 'critical', 'medium severity', 'moderate severity', 'low severity']","[0.32505151629447937, 0.2122412919998169, 0.17712019383907318, 0.17171761393547058, 0.11386939138174057]",success
facebook_bart,POP SEVERE LEFT HAND TRAUMA,cc7066dbadf9448c8acf56346fd2eede,high severity,0.8462005257606506,"['high severity', 'critical', 'moderate severity', 'medium severity', 'low severity']","[0.8462005257606506, 0.0847606435418129, 0.025574907660484314, 0.022859355434775352, 0.02060462348163128]",success
facebook_bart,LEFT EAR TRAUMA,4e3fe6f35832ecafd6aad761181abce6,critical,0.3885452449321747,"['critical', 'high severity', 'medium severity', 'moderate severity', 'low severity']","[0.3885452449321747, 0.2260793298482895, 0.20165956020355225, 0.10270190238952637, 0.0810139998793602]",success
facebook_bart,BILIARY TRACT STENT,36babddbcb469d31400fb8e93f736918,critical,0.26485276222229004,"['critical', 'medium severity', 'moderate severity', 'high severity', 'low severity']","[0.26485276222229004, 0.22242125868797302, 0.1945345550775528, 0.1837196797132492, 0.13447172939777374]",success
facebook_bart,RIGHT HYDROCELE,eff80be9981593517942622c26a52a0c,high severity,0.4510304033756256,"['high severity', 'moderate severity', 'low severity', 'medium severity', 'critical']","[0.4510304033756256, 0.17047744989395142, 0.1440550982952118, 0.13791778683662415, 0.09651924669742584]",success
facebook_bart,LEFT HAND INJURY,69b07e9feba8d94e987579e0e3a77390,high severity,0.3479459583759308,"['high severity', 'medium severity', 'critical', 'moderate severity', 'low severity']","[0.3479459583759308, 0.21938884258270264, 0.2115241438150406, 0.13435761630535126, 0.08678339421749115]",success
facebook_bart,UNDESCENDED TESTICLES,80b346fecea368b33c9322a7ea25cca5,low severity,0.9540943503379822,"['low severity', 'moderate severity', 'medium severity', 'critical', 'high severity']","[0.9540943503379822, 0.0175364688038826, 0.0159609317779541, 0.006492575164884329, 0.005915657617151737]",success
facebook_bart,"VARICOCELE, PHIMOSIS",2b60da94512399a4558d64281b9b6aac,moderate severity,0.5312976241111755,"['moderate severity', 'low severity', 'medium severity', 'critical', 'high severity']","[0.5312976241111755, 0.16831658780574799, 0.14075469970703125, 0.12612485885620117, 0.033506326377391815]",success
facebook_bart,RIGHT ROTATOR Cuff INJURY,f48d70b58bda387c8d94197d60681ec3,high severity,0.34054023027420044,"['high severity', 'critical', 'medium severity', 'moderate severity', 'low severity']","[0.34054023027420044, 0.33055275678634644, 0.17729125916957855, 0.09209471940994263, 0.059521131217479706]",success
facebook_bart,NECK HEMANGIOMA,18d9d2fc4e8fe9d414ae7e9c73a29036,high severity,0.3179638981819153,"['high severity', 'critical', 'medium severity', 'low severity', 'moderate severity']","[0.3179638981819153, 0.3093552887439728, 0.21055085957050323, 0.08345513045787811, 0.07867483049631119]",success
facebook_bart,VAGINAL ANO FISTULA.,009442c3dba6bc902644e1b71b94aa65,high severity,0.5868249535560608,"['high severity', 'low severity', 'critical', 'medium severity', 'moderate severity']","[0.5868249535560608, 0.19958436489105225, 0.09976866096258163, 0.06811843067407608, 0.04570353776216507]",success
facebook_bart,HALLUX RIGID,d1dfced053bd3abab88b54cb4d07fbea,high severity,0.4235387444496155,"['high severity', 'critical', 'medium severity', 'moderate severity', 'low severity']","[0.4235387444496155, 0.1961335986852646, 0.15622535347938538, 0.11946269869804382, 0.10463958978652954]",success
facebook_bart,BREAST HYPERTROPHY,b5994fb2634fcdc23c3f175f4def559a,high severity,0.8558617830276489,"['high severity', 'critical', 'medium severity', 'low severity', 'moderate severity']","[0.8558617830276489, 0.07856415212154388, 0.03888097032904625, 0.014482798054814339, 0.01221031229943037]",success
facebook_bart,BILATERAL EQUINOVAR FOOT.,96d7d6f93cb5d52ac1118a57f9e2f7aa,moderate severity,0.5334441661834717,"['moderate severity', 'medium severity', 'critical', 'low severity', 'high severity']","[0.5334441661834717, 0.29935604333877563, 0.08120043575763702, 0.06256077438592911, 0.02343856729567051]",success
facebook_bart,CONGENITAL CATARACT,0e1f1f134dc06e3c2b124ccab03e6e73,critical,0.5990095138549805,"['critical', 'high severity', 'medium severity', 'moderate severity', 'low severity']","[0.5990095138549805, 0.18307329714298248, 0.10437297075986862, 0.06803024560213089, 0.04551393538713455]",success
facebook_bart,BILIARY TRACT DILATION,0072c3fb7db1739d020615c32eeea079,critical,0.33753857016563416,"['critical', 'high severity', 'medium severity', 'moderate severity', 'low severity']","[0.33753857016563416, 0.2887740433216095, 0.1716073453426361, 0.11261598020792007, 0.08946410566568375]",success
facebook_bart,GROWTH ALTERATION,2aae3523365ec195d766cf650a872363,critical,0.42049098014831543,"['critical', 'moderate severity', 'medium severity', 'high severity', 'low severity']","[0.42049098014831543, 0.19617551565170288, 0.1794714778661728, 0.11110427230596542, 0.09275779128074646]",success
facebook_bart,GRADE III TONSILLA HYPERTROPHY + ADENOIDS,af9e0ddfba5530f33e332fffdb149f90,high severity,0.5976831912994385,"['high severity', 'medium severity', 'critical', 'moderate severity', 'low severity']","[0.5976831912994385, 0.1468416005373001, 0.10239291191101074, 0.08034002780914307, 0.07274225354194641]",success
facebook_bart,RECTUM TUMOR,96d7ecfb83671de1f92b2f9b38cd4c5a,high severity,0.5659408569335938,"['high severity', 'critical', 'medium severity', 'low severity', 'moderate severity']","[0.5659408569335938, 0.31534871459007263, 0.06112629175186157, 0.02994588576257229, 0.027638232335448265]",success
facebook_bart,LEFT PELVIC PAIN,371e5e2186cf0c7b6e954d4f52da0e45,high severity,0.5139915943145752,"['high severity', 'critical', 'medium severity', 'moderate severity', 'low severity']","[0.5139915943145752, 0.1654367446899414, 0.14704278111457825, 0.08844684809446335, 0.08508194237947464]",success
facebook_bart,LUNG METASTASIS,6f6d754243ecd1bc9eb67dddc35d6bd0,high severity,0.5029720067977905,"['high severity', 'medium severity', 'low severity', 'critical', 'moderate severity']","[0.5029720067977905, 0.2836431562900543, 0.1036667749285698, 0.06828128546476364, 0.041436728090047836]",success
facebook_bart,HVDB,29e923c3b50fcccac67ee74b5d791272,high severity,0.4508308172225952,"['high severity', 'medium severity', 'critical', 'low severity', 'moderate severity']","[0.4508308172225952, 0.21691696345806122, 0.12748682498931885, 0.1215922012925148, 0.08317317068576813]",success
facebook_bart,VASECTOMY,08118905e07bc36b6cc5b34bada2d50f,high severity,0.503757119178772,"['high severity', 'critical', 'medium severity', 'low severity', 'moderate severity']","[0.503757119178772, 0.22687457501888275, 0.09772410988807678, 0.0969528779387474, 0.0746913030743599]",success
facebook_bart,PERIPHERAL VENOUS INSUFFICIENCY.,a9ce75b17fb53e9aae501cdab60d0219,low severity,0.4687504768371582,"['low severity', 'moderate severity', 'medium severity', 'high severity', 'critical']","[0.4687504768371582, 0.20357340574264526, 0.16996639966964722, 0.09475940465927124, 0.06295023113489151]",success
facebook_bart,"CORNETAL HYPERTROPHY, DEVIATED TBIQUE.",2495a2249beb3cfd55432eb783602fc7,high severity,0.8155210614204407,"['high severity', 'critical', 'medium severity', 'low severity', 'moderate severity']","[0.8155210614204407, 0.11572747677564621, 0.03588632494211197, 0.023778468370437622, 0.00908663123846054]",success
facebook_bart,ADENOMIOSIS.,ffbdadcddbb8a6cd4c4f12b5295dfae2,high severity,0.36641669273376465,"['high severity', 'critical', 'medium severity', 'moderate severity', 'low severity']","[0.36641669273376465, 0.25035491585731506, 0.14134618639945984, 0.12314236909151077, 0.11873981356620789]",success
facebook_bart,KNEE MNISCUS INJURY,f55d3806dbcf57ba4b88954a1ba6a8b8,high severity,0.26314759254455566,"['high severity', 'low severity', 'medium severity', 'moderate severity', 'critical']","[0.26314759254455566, 0.19759170711040497, 0.18934665620326996, 0.17762993276119232, 0.1722840666770935]",success
facebook_bart,CONDUCTIVE HEARING HEARING,280a398426a9526f2f50bfa88f2d8633,critical,0.38505005836486816,"['critical', 'moderate severity', 'medium severity', 'low severity', 'high severity']","[0.38505005836486816, 0.20618997514247894, 0.17723669111728668, 0.16615751385688782, 0.06536570936441422]",success
facebook_bart,ALTERATION IN MEMORY,3160c7cb94d25145ddb4d62e9d8de5e0,critical,0.3926549255847931,"['critical', 'medium severity', 'moderate severity', 'high severity', 'low severity']","[0.3926549255847931, 0.21385520696640015, 0.16241589188575745, 0.1571190059185028, 0.07395496964454651]",success
facebook_bart,LIPOMA ON BACK,e1c5c45168b6134d1bf9e8f6b8c455b1,critical,0.30151063203811646,"['critical', 'high severity', 'medium severity', 'moderate severity', 'low severity']","[0.30151063203811646, 0.22124768793582916, 0.20711340010166168, 0.13794828951358795, 0.13218005001544952]",success
facebook_bart,COLON AND RECTUM POLYP,be676f4bae25b717a8f1ad4c24fe9e90,critical,0.39412522315979004,"['critical', 'high severity', 'medium severity', 'moderate severity', 'low severity']","[0.39412522315979004, 0.2428554892539978, 0.16964228451251984, 0.11434207856655121, 0.07903493195772171]",success
facebook_bart,LARYNGEAL PAPILLOMATIOSIS,58f44123440f55a15bf30cac5a81d98d,low severity,0.7261943817138672,"['low severity', 'moderate severity', 'medium severity', 'high severity', 'critical']","[0.7261943817138672, 0.08487258106470108, 0.08313967287540436, 0.059708382934331894, 0.046084992587566376]",success
facebook_bart,HEPPATOCARCINOMA,c088cffcfb3da4474492af5d9bc36f34,high severity,0.8269472122192383,"['high severity', 'critical', 'medium severity', 'moderate severity', 'low severity']","[0.8269472122192383, 0.08639372885227203, 0.048396483063697815, 0.019795019179582596, 0.018467454239726067]",success
facebook_bart,THORACOLUMBAR INJURY,03ac27a2f48409ce7812455e87f21e63,high severity,0.743046224117279,"['high severity', 'critical', 'medium severity', 'low severity', 'moderate severity']","[0.743046224117279, 0.12817230820655823, 0.05977635085582733, 0.03695455193519592, 0.032050520181655884]",success
facebook_bart,LEFT EYE CATARACT,aa0aedd8245265b9519c21eae11b6061,critical,0.4561103582382202,"['critical', 'medium severity', 'high severity', 'moderate severity', 'low severity']","[0.4561103582382202, 0.18223625421524048, 0.15644648671150208, 0.12430954724550247, 0.08089730888605118]",success
facebook_bart,TO SCAMOCELLULA,ba34cbdf36465ed90b25a7e1eaaba776,critical,0.4510260820388794,"['critical', 'high severity', 'medium severity', 'low severity', 'moderate severity']","[0.4510260820388794, 0.3904052674770355, 0.09996728599071503, 0.03371870145201683, 0.024882663041353226]",success
facebook_bart,CIRRHOSIS CHILD A X CHRONIC HEPATITIS C 1B,8cd1efdd3da112db92445aa24e0f3742,high severity,0.6175661683082581,"['high severity', 'critical', 'medium severity', 'moderate severity', 'low severity']","[0.6175661683082581, 0.2678080201148987, 0.0683622807264328, 0.025911087170243263, 0.02035251073539257]",success
facebook_bart,OVARIAN MASS,efa8edb32924731e72d3967a945629f6,high severity,0.4406827390193939,"['high severity', 'critical', 'medium severity', 'moderate severity', 'low severity']","[0.4406827390193939, 0.31635215878486633, 0.1501968801021576, 0.05957748368382454, 0.03319070488214493]",success
facebook_bart,GANGLION WRIST,5addc1b7848ba8b0f8324dc3e23b2a50,critical,0.34475645422935486,"['critical', 'medium severity', 'high severity', 'moderate severity', 'low severity']","[0.34475645422935486, 0.19202911853790283, 0.1911451369524002, 0.16116085648536682, 0.11090843379497528]",success
facebook_bart,HEPATOCARCINOMA,12d568a8608894272bb579bb5f06c5c8,high severity,0.7506056427955627,"['high severity', 'critical', 'medium severity', 'moderate severity', 'low severity']","[0.7506056427955627, 0.12029746919870377, 0.06804656237363815, 0.03232123330235481, 0.028729140758514404]",success
facebook_bart,TRAUMA TO THE RIGHT SHOULDER,441d1f3bf1a0967943e2193ecf85d993,critical,0.4011096656322479,"['critical', 'medium severity', 'moderate severity', 'high severity', 'low severity']","[0.4011096656322479, 0.18214952945709229, 0.1770230233669281, 0.14168976247310638, 0.09802796691656113]",success
facebook_bart,TOE MASS,c3bc6adee9fd6c25774aaf0ac9ea10ec,high severity,0.8675268292427063,"['high severity', 'critical', 'medium severity', 'low severity', 'moderate severity']","[0.8675268292427063, 0.05953866243362427, 0.05247814953327179, 0.011318711563944817, 0.009137658402323723]",success
facebook_bart,RIGHT ANKLE TRAUMA,6093c06e16628d3ba4fff79c6ad8b30f,critical,0.3307042717933655,"['critical', 'medium severity', 'moderate severity', 'low severity', 'high severity']","[0.3307042717933655, 0.217052161693573, 0.171770840883255, 0.15631233155727386, 0.12416037917137146]",success
facebook_bart,PAIN IN RIGHT SHOULDER,ee4bf5539891237a0c4a3955c7e39921,high severity,0.2857522964477539,"['high severity', 'medium severity', 'critical', 'moderate severity', 'low severity']","[0.2857522964477539, 0.23883701860904694, 0.21826878190040588, 0.138841912150383, 0.11830005049705505]",success
facebook_bart,ADENOID HYPERTROPHY,769fe4543d2cd23b1f82e17bdb37a05d,high severity,0.705130398273468,"['high severity', 'low severity', 'critical', 'medium severity', 'moderate severity']","[0.705130398273468, 0.0930323526263237, 0.09083765745162964, 0.0755573958158493, 0.03544217720627785]",success
facebook_bart,TRAUMA WITH URETHRAL Narrowness,e6f567bbffa058b0a637ebdcec9eade5,low severity,0.7769700884819031,"['low severity', 'high severity', 'moderate severity', 'critical', 'medium severity']","[0.7769700884819031, 0.06976731866598129, 0.055764779448509216, 0.04952671751379967, 0.04797110706567764]",success
facebook_bart,BREAST NODULE,8f3dc3622284de2486e2e8594b031c0b,critical,0.3453045189380646,"['critical', 'medium severity', 'moderate severity', 'low severity', 'high severity']","[0.3453045189380646, 0.22378869354724884, 0.16816192865371704, 0.14686675369739532, 0.11587808281183243]",success
facebook_bart,TRAUMATIC INTERVETEBRAL DISC RUPTURE T6-T7,85f829a9d2ffeb55762358ea17079e88,high severity,0.6180093288421631,"['high severity', 'medium severity', 'critical', 'moderate severity', 'low severity']","[0.6180093288421631, 0.1951637715101242, 0.13653379678726196, 0.029069306328892708, 0.02122383378446102]",success
facebook_bart,INFLAMMATORY DISEASE CERVIX UTERINE,e91f4ef1c72be2b2daf80133fed7c639,high severity,0.3038390278816223,"['high severity', 'critical', 'medium severity', 'moderate severity', 'low severity']","[0.3038390278816223, 0.2459864616394043, 0.23983363807201385, 0.11679475754499435, 0.09354609251022339]",success
facebook_bart,ABDOMINAL WALL GRANULOMA,0e29653da7012b6b85ba1d9e627ae97a,critical,0.30773016810417175,"['critical', 'high severity', 'medium severity', 'low severity', 'moderate severity']","[0.30773016810417175, 0.28767889738082886, 0.17367473244667053, 0.11853598058223724, 0.11238019168376923]",success
facebook_bart,SUBARACHNOID HEMORRHAGE,f17c033b2eb2bdaabf05e5fe7ae70588,low severity,0.8667594194412231,"['low severity', 'critical', 'moderate severity', 'medium severity', 'high severity']","[0.8667594194412231, 0.06824304163455963, 0.02942524664103985, 0.02115357294678688, 0.014418715611100197]",success
facebook_bart,HERRNIA AND INTERVERTEBRAL DISC,f8e01803e40de6f8793e7edb1e19c344,moderate severity,0.6218506693840027,"['moderate severity', 'medium severity', 'high severity', 'critical', 'low severity']","[0.6218506693840027, 0.20123054087162018, 0.0875973328948021, 0.07243453711271286, 0.016886930912733078]",success
facebook_bart,LEFT KNEE INJURY,4d6f33ae3bb9d6a194d2b6a9856017df,high severity,0.3318593204021454,"['high severity', 'medium severity', 'critical', 'moderate severity', 'low severity']","[0.3318593204021454, 0.2363801896572113, 0.2018880546092987, 0.13933703303337097, 0.09053534269332886]",success
facebook_bart,"LATERAL EPICONDILITIS, RADIAL NERVE COMPRESSION",09b6050dc1e2c1e764c1a4ca832eec7a,high severity,0.7030577659606934,"['high severity', 'critical', 'medium severity', 'low severity', 'moderate severity']","[0.7030577659606934, 0.1272263079881668, 0.09063220024108887, 0.05297373607754707, 0.026109976693987846]",success
facebook_bart,FIBROTIC ANAL STENOSIS,716c23a5b6fb0c22f70c7436dfeef6aa,critical,0.28587886691093445,"['critical', 'medium severity', 'high severity', 'moderate severity', 'low severity']","[0.28587886691093445, 0.21226175129413605, 0.20312176644802094, 0.17440280318260193, 0.12433479726314545]",success
facebook_bart,LONG UPPER LABIAL FRENUM,fa8404476080d4ddba8f5e3db7f0daf1,high severity,0.33200201392173767,"['high severity', 'medium severity', 'low severity', 'critical', 'moderate severity']","[0.33200201392173767, 0.2170838862657547, 0.17695489525794983, 0.1568225473165512, 0.11713667958974838]",success
facebook_bart,SD CARPAL TRNEL,3f876b99cc90f7b9c04087677a95b857,critical,0.29199284315109253,"['critical', 'high severity', 'medium severity', 'low severity', 'moderate severity']","[0.29199284315109253, 0.26875850558280945, 0.21967273950576782, 0.11067536473274231, 0.1089005395770073]",success
facebook_bart,EMB FINISHED,a4a2507bd5bb71a890d11c5203a64049,moderate severity,0.5431650876998901,"['moderate severity', 'critical', 'medium severity', 'low severity', 'high severity']","[0.5431650876998901, 0.17275087535381317, 0.14917926490306854, 0.07458369433879852, 0.06032111123204231]",success
facebook_bart,VARICOCELE.,e3dee3acb67c0357cf6b23aae837475d,moderate severity,0.49805259704589844,"['moderate severity', 'critical', 'high severity', 'low severity', 'medium severity']","[0.49805259704589844, 0.22711943089962006, 0.1623239815235138, 0.06124735623598099, 0.051256634294986725]",success
facebook_bart,CA OF TONGUE.,507f929e44419a1ec3d1708470ed344b,critical,0.3046025037765503,"['critical', 'high severity', 'medium severity', 'low severity', 'moderate severity']","[0.3046025037765503, 0.2890523374080658, 0.1843857616186142, 0.11245334148406982, 0.1095060408115387]",success
facebook_bart,HYPERTROPHY OF THE NASAL CORNETS,a52a424619380a6c563d64fa925c06ef,high severity,0.9058548808097839,"['high severity', 'critical', 'medium severity', 'low severity', 'moderate severity']","[0.9058548808097839, 0.05801146849989891, 0.01896839775145054, 0.010185584425926208, 0.006979614030569792]",success
facebook_bart,CATARACT.,46533cf2fd42b653665c9ee03638f1cb,critical,0.3388248085975647,"['critical', 'medium severity', 'high severity', 'moderate severity', 'low severity']","[0.3388248085975647, 0.21558943390846252, 0.19098292291164398, 0.15117467939853668, 0.10342811793088913]",success
facebook_bart,3RD FINGER DEFORMITY OF THE RIGHT HAND,6ed47ec00a5a5ba3030c5aeac64c66ff,critical,0.3228853642940521,"['critical', 'high severity', 'medium severity', 'moderate severity', 'low severity']","[0.3228853642940521, 0.3115111291408539, 0.18995903432369232, 0.10338257253170013, 0.07226188480854034]",success
facebook_bart,ITERATIVE CESAREA,da395a6710928156662a0227b1018526,critical,0.39464399218559265,"['critical', 'high severity', 'moderate severity', 'medium severity', 'low severity']","[0.39464399218559265, 0.24605117738246918, 0.1452821046113968, 0.134959414601326, 0.0790632888674736]",success
facebook_bart,TERM EMB.,8ae0a3f79bbfb852e4523aa6a3403ead,moderate severity,0.4639738202095032,"['moderate severity', 'medium severity', 'high severity', 'critical', 'low severity']","[0.4639738202095032, 0.3725806474685669, 0.08731791377067566, 0.057820722460746765, 0.018306853249669075]",success
facebook_bart,EXPIATORY TRACT OBSTRUCTION,c91b1d4033ea9ae229e417f86a10e9ce,critical,0.3974553644657135,"['critical', 'high severity', 'medium severity', 'moderate severity', 'low severity']","[0.3974553644657135, 0.28903335332870483, 0.15194448828697205, 0.10569656640291214, 0.0558701790869236]",success
facebook_bart,CONVULSIVE DS.,1b5b2e0e8255b8f6d5a02e24cd33e41a,moderate severity,0.3462110757827759,"['moderate severity', 'low severity', 'high severity', 'medium severity', 'critical']","[0.3462110757827759, 0.3113320767879486, 0.15860620141029358, 0.1199704259634018, 0.06388013064861298]",success
facebook_bart,SINUSITIS,e9502c06cde4fe19757f19ee8363d9b7,high severity,0.5848291516304016,"['high severity', 'critical', 'low severity', 'medium severity', 'moderate severity']","[0.5848291516304016, 0.22884207963943481, 0.07568119466304779, 0.07216279208660126, 0.0384848490357399]",success
facebook_bart,FONTAL BONE FRACTURE,9fa10d0828a4470865133e7abe98d3d0,critical,0.3817359209060669,"['critical', 'medium severity', 'moderate severity', 'high severity', 'low severity']","[0.3817359209060669, 0.21049033105373383, 0.16314519941806793, 0.14762449264526367, 0.09700410813093185]",success
facebook_bart,PANCREATIC INSUFF,4280e850e09c3367c3ddb08dd503225e,low severity,0.7327606678009033,"['low severity', 'high severity', 'critical', 'medium severity', 'moderate severity']","[0.7327606678009033, 0.1330680251121521, 0.06017715111374855, 0.03807014599442482, 0.03592396900057793]",success
facebook_bart,EYELID MASS LOWER RIGHT EYE,20b61cecc22230ccba4695292977127a,critical,0.2550613582134247,"['critical', 'medium severity', 'high severity', 'low severity', 'moderate severity']","[0.2550613582134247, 0.24030058085918427, 0.18942855298519135, 0.18142257630825043, 0.1337868869304657]",success
facebook_bart,FEMORO ACETABULA IMPEGINATION,f077dd19651ee0b5af21cffde0221d26,critical,0.4591469168663025,"['critical', 'high severity', 'medium severity', 'moderate severity', 'low severity']","[0.4591469168663025, 0.1949479579925537, 0.1572910100221634, 0.1082843467593193, 0.0803297683596611]",success
facebook_bart,CERVICAL + BACK LIPOMA,fbd355d8cd0ca8e3267c8127ed782911,high severity,0.474620521068573,"['high severity', 'critical', 'medium severity', 'moderate severity', 'low severity']","[0.474620521068573, 0.25072285532951355, 0.14277377724647522, 0.08192950487136841, 0.049953293055295944]",success
facebook_bart,RETINOBLASTOMA.,9eb2609f494699fec0a400c7881dda56,high severity,0.4872775375843048,"['high severity', 'critical', 'medium severity', 'low severity', 'moderate severity']","[0.4872775375843048, 0.3042779266834259, 0.10023679584264755, 0.06697427481412888, 0.04123346880078316]",success
facebook_bart,C5C6 DYSCOPATHY,d9adcafeff9b3c0c0ab9a2f6261e0e24,low severity,0.31637799739837646,"['low severity', 'critical', 'medium severity', 'high severity', 'moderate severity']","[0.31637799739837646, 0.22704370319843292, 0.1783144474029541, 0.16923217475414276, 0.10903158783912659]",success
facebook_bart,LEFT COMPLEX ANNEXUAL INJURY,9ece575fe5cae97662b4ec4ef27b2195,high severity,0.6621890664100647,"['high severity', 'critical', 'low severity', 'medium severity', 'moderate severity']","[0.6621890664100647, 0.2292565256357193, 0.04436198249459267, 0.03770788013935089, 0.02648458257317543]",success
facebook_bart,FEMORO ACETABULAR IMPEGINATION,df8434c3d0b62f8fb0233cf88ad8abcd,critical,0.3407849073410034,"['critical', 'moderate severity', 'high severity', 'medium severity', 'low severity']","[0.3407849073410034, 0.24252040684223175, 0.17216280102729797, 0.15612336993217468, 0.08840849995613098]",success
facebook_bart,RIGHT KNEE ACL INJURY,d8475529031c1eb48a1bc852643f3b31,high severity,0.3420259356498718,"['high severity', 'critical', 'medium severity', 'moderate severity', 'low severity']","[0.3420259356498718, 0.25132644176483154, 0.20705540478229523, 0.12187203764915466, 0.07772022485733032]",success
facebook_bart,PELVIC VARICES.,d6d0e28bda8280a56b88026653700060,high severity,0.43166202306747437,"['high severity', 'critical', 'medium severity', 'moderate severity', 'low severity']","[0.43166202306747437, 0.27761733531951904, 0.10533934831619263, 0.09868765622377396, 0.08669360727071762]",success
facebook_bart,LEFT FEMUR FX,ad53c88c0906068feb768490f2a4df8f,critical,0.2924899160861969,"['critical', 'medium severity', 'moderate severity', 'high severity', 'low severity']","[0.2924899160861969, 0.23724958300590515, 0.2356836348772049, 0.1526414304971695, 0.08193541318178177]",success
facebook_bart,"CATARACT, OI GLAUCOMA",27131072c5c95e152f5c33ee9bc30575,high severity,0.39382126927375793,"['high severity', 'critical', 'medium severity', 'low severity', 'moderate severity']","[0.39382126927375793, 0.24682903289794922, 0.20148049294948578, 0.11627957224845886, 0.04158962517976761]",success
facebook_bart,FX ANT TIBIA LEFT,4a3d10100fd187406aa4b68f062c018a,medium severity,0.24746498465538025,"['medium severity', 'critical', 'high severity', 'low severity', 'moderate severity']","[0.24746498465538025, 0.23951081931591034, 0.23536266386508942, 0.14281225204467773, 0.13484926521778107]",success
facebook_bart,TIBIA FRACTURE.,95bd16ef3ab1fcbf1280f4d58bd49303,high severity,0.33205077052116394,"['high severity', 'critical', 'medium severity', 'low severity', 'moderate severity']","[0.33205077052116394, 0.2553093731403351, 0.17299014329910278, 0.1571458876132965, 0.08250384032726288]",success
facebook_bart,NARROW CHANNEL,42931814b24eb672eee917caf550a82b,medium severity,0.2618401050567627,"['medium severity', 'critical', 'moderate severity', 'low severity', 'high severity']","[0.2618401050567627, 0.21679645776748657, 0.1946493238210678, 0.17398148775100708, 0.15273258090019226]",success
facebook_bart,TUMOR OF UNCERTAIN BEHAVIOR IN THE RIGHT SHOULDER,961ecfbbeb82edb540bb67a423725b3a,high severity,0.6815693974494934,"['high severity', 'medium severity', 'critical', 'moderate severity', 'low severity']","[0.6815693974494934, 0.12393596023321152, 0.10279390960931778, 0.04636925086379051, 0.04533151909708977]",success
facebook_bart,SENIL CATARACT LEFT EYE,07d3663401c59fd9976b14ce986a923f,critical,0.3904954791069031,"['critical', 'high severity', 'medium severity', 'moderate severity', 'low severity']","[0.3904954791069031, 0.24617932736873627, 0.17967236042022705, 0.10438957810401917, 0.07926327735185623]",success
facebook_bart,USPRAUMBILICAL AND PARAMEDIAN EPIGASTRIC HERNIAS,359dedfb210335e70b6cdf3dee97d36f,high severity,0.6189364194869995,"['high severity', 'critical', 'medium severity', 'moderate severity', 'low severity']","[0.6189364194869995, 0.16272133588790894, 0.09370964020490646, 0.0888000875711441, 0.035832542926073074]",success
facebook_bart,NASAL SEPTUM DEVIATION,6e5b9e9a217f41c0f52b566b02c4c375,high severity,0.3227086663246155,"['high severity', 'critical', 'low severity', 'medium severity', 'moderate severity']","[0.3227086663246155, 0.3151761293411255, 0.14699824154376984, 0.12964004278182983, 0.0854768380522728]",success
facebook_bart,FACIAL ASYMMETRY,56e0aceadb3161b8569d7f489bfa4e17,critical,0.3782237768173218,"['critical', 'moderate severity', 'medium severity', 'low severity', 'high severity']","[0.3782237768173218, 0.2582949101924896, 0.1872263252735138, 0.10526428371667862, 0.07099064439535141]",success
facebook_bart,SARCOMA.,35c42997d83d38d1060c36840f2ba8b0,critical,0.3556124269962311,"['critical', 'high severity', 'medium severity', 'moderate severity', 'low severity']","[0.3556124269962311, 0.24173685908317566, 0.17730143666267395, 0.13985762000083923, 0.08549166470766068]",success
facebook_bart,ARTERIOVENUS MALFORMATION.,84f8056e00f089df1c156b75998c6e13,medium severity,0.4067070186138153,"['medium severity', 'high severity', 'critical', 'moderate severity', 'low severity']","[0.4067070186138153, 0.25192350149154663, 0.1602739542722702, 0.12225841730833054, 0.05883704870939255]",success
facebook_bart,MENISCUS INJURY IN KNEE,8ac59191703febef520c11a54fb2ccb7,moderate severity,0.4974807798862457,"['moderate severity', 'medium severity', 'low severity', 'high severity', 'critical']","[0.4974807798862457, 0.2750586271286011, 0.1870899796485901, 0.03162703290581703, 0.008743555285036564]",success
facebook_bart,CA DE MAMA LEFT.,6c1a10268e3cbb3bf5e5b1c36fd204e2,medium severity,0.2962854206562042,"['medium severity', 'critical', 'high severity', 'moderate severity', 'low severity']","[0.2962854206562042, 0.2598026692867279, 0.21118363738059998, 0.13515910506248474, 0.09756916016340256]",success
facebook_bart,BREAST CANCER,b9e8d4363438fb8176a31e0a17df01d6,critical,0.458112508058548,"['critical', 'high severity', 'medium severity', 'moderate severity', 'low severity']","[0.458112508058548, 0.3332735598087311, 0.10506536066532135, 0.0547211617231369, 0.048827365040779114]",success
facebook_bart,PANCREATITIS.,56176075eec92e3935fd8e7419df16f1,low severity,0.28859540820121765,"['low severity', 'medium severity', 'moderate severity', 'high severity', 'critical']","[0.28859540820121765, 0.2218465507030487, 0.19020681083202362, 0.15213488042354584, 0.14721640944480896]",success
facebook_bart,PROSTATE ADENOCARCINOMA,6de883421867980bca40ff11845f737e,high severity,0.38309282064437866,"['high severity', 'critical', 'medium severity', 'moderate severity', 'low severity']","[0.38309282064437866, 0.21981340646743774, 0.20076915621757507, 0.11116735637187958, 0.08515726029872894]",success
facebook_bart,ANORECTAL FISTULA,953c634fd1bc9ef85fd13132a817f6bb,high severity,0.5387753844261169,"['high severity', 'critical', 'low severity', 'medium severity', 'moderate severity']","[0.5387753844261169, 0.2305796593427658, 0.10303767025470734, 0.07372311502695084, 0.05388413369655609]",success
facebook_bart,AORTIC STENOSIS,442a50c3c200726d577e9d519efcb7b1,high severity,0.678569495677948,"['high severity', 'critical', 'medium severity', 'low severity', 'moderate severity']","[0.678569495677948, 0.1926063448190689, 0.05857484042644501, 0.03983300179243088, 0.03041636012494564]",success
facebook_bart,LEFT EAR PIERCING,4a25cb3db2e7249e09c7f34a33ccd5bf,high severity,0.409709632396698,"['high severity', 'critical', 'medium severity', 'moderate severity', 'low severity']","[0.409709632396698, 0.26281580328941345, 0.16219425201416016, 0.10304952412843704, 0.06223078817129135]",success
facebook_bart,ULNAR NERVE INJURY,5782e87c20f03169f9478a45dc57908c,low severity,0.7289502024650574,"['low severity', 'high severity', 'critical', 'medium severity', 'moderate severity']","[0.7289502024650574, 0.19079451262950897, 0.03214393928647041, 0.02890075370669365, 0.01921059563755989]",success
facebook_bart,RETAINED ABORTION,b56ccd2bf905eb5daca4e1fa2788356b,high severity,0.2859135866165161,"['high severity', 'critical', 'medium severity', 'moderate severity', 'low severity']","[0.2859135866165161, 0.24770957231521606, 0.230737566947937, 0.15466304123401642, 0.08097627758979797]",success
facebook_bart,LUMBAR RADICULOPATHY/CARPAL TUNNEL HAND DR,12e1affcad7d536f1ecfcf9caaf47d99,critical,0.3269740045070648,"['critical', 'high severity', 'medium severity', 'moderate severity', 'low severity']","[0.3269740045070648, 0.28481143712997437, 0.18679368495941162, 0.11866017431020737, 0.08276069164276123]",success
facebook_bart,DISC HERNIATION L4 L5,3e5abe181d9de7ff6b42fcce093f130f,low severity,0.411511093378067,"['low severity', 'medium severity', 'moderate severity', 'critical', 'high severity']","[0.411511093378067, 0.25809645652770996, 0.1411970853805542, 0.09967127442359924, 0.08952410519123077]",success
facebook_bart,SLEEP APNEA,9b2b389b05e6314b104751ece9265698,low severity,0.3278472125530243,"['low severity', 'medium severity', 'moderate severity', 'critical', 'high severity']","[0.3278472125530243, 0.2379734218120575, 0.22211898863315582, 0.12450476735830307, 0.08755562454462051]",success
facebook_bart,FORKED TONGUE,6ab2b70d0a3d4c88c851b62272e78e49,high severity,0.4580157995223999,"['high severity', 'critical', 'medium severity', 'moderate severity', 'low severity']","[0.4580157995223999, 0.3170897364616394, 0.1233804002404213, 0.05491616204380989, 0.04659787937998772]",success
facebook_bart,SCHATZKI RING,792d36f73352e6338177b5b74eb6e3a4,critical,0.33593320846557617,"['critical', 'high severity', 'medium severity', 'moderate severity', 'low severity']","[0.33593320846557617, 0.20933368802070618, 0.17836728692054749, 0.1615600734949112, 0.11480583250522614]",success
facebook_bart,"REPEATED TONSILLITIS, TONSILLA HYPERTROPHY, ADENOIDS, CORNETS",4392fd2ece3e798f198269612ff40cd1,high severity,0.5731806755065918,"['high severity', 'critical', 'medium severity', 'low severity', 'moderate severity']","[0.5731806755065918, 0.2908681631088257, 0.07242649793624878, 0.03754820302128792, 0.02597644366323948]",success
facebook_bart,"EPIDURAL HEMATOMA, FEMUR FRACTURE",bee5efb0cba8a8f2b3f66c931e845421,critical,0.2893654406070709,"['critical', 'moderate severity', 'medium severity', 'high severity', 'low severity']","[0.2893654406070709, 0.25256794691085815, 0.1964106261730194, 0.15748535096645355, 0.10417064279317856]",success
facebook_bart,COGNITIVE DEFICIT.,287eb18b784d13392ff6c5735f2e41a0,critical,0.3249019980430603,"['critical', 'high severity', 'medium severity', 'moderate severity', 'low severity']","[0.3249019980430603, 0.26588499546051025, 0.17131443321704865, 0.12453780323266983, 0.11336074769496918]",success
facebook_bart,ESOPHAGEAL ATRESIA.,fa03a0a6159014e3000ee88d6866dd86,high severity,0.8517552614212036,"['high severity', 'critical', 'medium severity', 'low severity', 'moderate severity']","[0.8517552614212036, 0.0730130597949028, 0.04883471503853798, 0.013398836366832256, 0.01299817580729723]",success
facebook_bart,G1P0 EMB TERM DCP,4c92ca9338ce5793a81daae0a3c21fe4,moderate severity,0.5211072564125061,"['moderate severity', 'medium severity', 'low severity', 'critical', 'high severity']","[0.5211072564125061, 0.31215983629226685, 0.10356254875659943, 0.03474494069814682, 0.02842540852725506]",success
facebook_bart,SION OF MENISCUS AND KNEE LIGAMENTS,06baf24362dfa6063c69f80aa39c4319,high severity,0.6499756574630737,"['high severity', 'critical', 'medium severity', 'moderate severity', 'low severity']","[0.6499756574630737, 0.12749356031417847, 0.11868204176425934, 0.05437322333455086, 0.04947546124458313]",success
facebook_bart,PITUITARY MICROADENOMA,a5711aced6e6158412986ef51da3ae62,high severity,0.3466639220714569,"['high severity', 'critical', 'medium severity', 'moderate severity', 'low severity']","[0.3466639220714569, 0.3077044188976288, 0.20203986763954163, 0.09354496747255325, 0.05004683509469032]",success
facebook_bart,NASAL FRACTURE,71eaad65af501d63beae79fa1cecc222,critical,0.43660253286361694,"['critical', 'high severity', 'medium severity', 'moderate severity', 'low severity']","[0.43660253286361694, 0.15027353167533875, 0.146402508020401, 0.14264552295207977, 0.12407591938972473]",success
facebook_bart,HYDRONEPHROSIS,2efe0aecb8a98e4e4a6ec0e12a5226dc,high severity,0.7305691838264465,"['high severity', 'critical', 'medium severity', 'low severity', 'moderate severity']","[0.7305691838264465, 0.12831231951713562, 0.061894334852695465, 0.05155867338180542, 0.027665521949529648]",success
facebook_bart,HIATAL HERNIA,b2ad435479727d0199d65f457b4e6888,high severity,0.7514363527297974,"['high severity', 'critical', 'medium severity', 'low severity', 'moderate severity']","[0.7514363527297974, 0.12817731499671936, 0.055276643484830856, 0.03689613193273544, 0.028213609009981155]",success
facebook_bart,URETHRAL Stricture,c4b245bb7d14c17626a773c34238ab0f,high severity,0.778937816619873,"['high severity', 'critical', 'low severity', 'medium severity', 'moderate severity']","[0.778937816619873, 0.16930614411830902, 0.019595565274357796, 0.018323499709367752, 0.013836993835866451]",success
facebook_bart,HISTORY OF PILE INGESTION,c766fc05854f4787eef9eb09971df022,critical,0.3163919448852539,"['critical', 'low severity', 'high severity', 'medium severity', 'moderate severity']","[0.3163919448852539, 0.22839176654815674, 0.18044574558734894, 0.1767016500234604, 0.09806893020868301]",success
facebook_bart,BARTHOLINE CYST,f3d2eeff4d4a621501e95bcfbc72f926,high severity,0.44905340671539307,"['high severity', 'critical', 'medium severity', 'moderate severity', 'low severity']","[0.44905340671539307, 0.18599724769592285, 0.17584888637065887, 0.10805241763591766, 0.08104804903268814]",success
facebook_bart,PAPILLOMATOUS LESION,08f9d6d6d2590fb74d8cf72753a77b00,high severity,0.795054018497467,"['high severity', 'critical', 'medium severity', 'low severity', 'moderate severity']","[0.795054018497467, 0.14239080250263214, 0.03220989555120468, 0.0180782750248909, 0.012267063371837139]",success
facebook_bart,H INGUINAL LEFT,4ee2d32207c5e9d87cf06c1619400d63,high severity,0.28594452142715454,"['high severity', 'medium severity', 'critical', 'low severity', 'moderate severity']","[0.28594452142715454, 0.2267938107252121, 0.1927049607038498, 0.1541154831647873, 0.14044123888015747]",success
facebook_bart,LEFT VARICOCELE,f3d50eda8f13165a63c076a347bc94c8,moderate severity,0.5864792466163635,"['moderate severity', 'low severity', 'medium severity', 'high severity', 'critical']","[0.5864792466163635, 0.14381161332130432, 0.09955335408449173, 0.08961818367242813, 0.0805375799536705]",success
facebook_bart,LEFT LEG VENOUS INSUFFICIENCY,22a0f96ac33f120f48049185ddad4ca8,low severity,0.7518084645271301,"['low severity', 'medium severity', 'moderate severity', 'high severity', 'critical']","[0.7518084645271301, 0.07981057465076447, 0.07781177014112473, 0.05908116325736046, 0.031488049775362015]",success
facebook_bart,LENS DISPLACED,a502674b558e3b0343953fdeafeedacc,critical,0.4491208791732788,"['critical', 'high severity', 'medium severity', 'low severity', 'moderate severity']","[0.4491208791732788, 0.3279055655002594, 0.10350870341062546, 0.0779268741607666, 0.04153798148036003]",success
facebook_bart,LEFT HAND CARPAL TUNNEL RELEASE,695ddd7bacd2f3c4b3a504286c5dd755,critical,0.43074679374694824,"['critical', 'medium severity', 'moderate severity', 'high severity', 'low severity']","[0.43074679374694824, 0.1786176711320877, 0.15508225560188293, 0.14592860639095306, 0.08962464332580566]",success
facebook_bart,GASTRIC POLYP/,0b29b8ff4169d5fc0d5e9fe11615c6ee,high severity,0.3538558781147003,"['high severity', 'critical', 'medium severity', 'moderate severity', 'low severity']","[0.3538558781147003, 0.333882600069046, 0.1393352448940277, 0.09765291959047318, 0.07527333498001099]",success
facebook_bart,THYROGLOSSAL CYST,2e2ea1764900113d9bc9d58170169b68,high severity,0.7371518611907959,"['high severity', 'critical', 'medium severity', 'low severity', 'moderate severity']","[0.7371518611907959, 0.11394026130437851, 0.0844767615199089, 0.037005361169576645, 0.02742578834295273]",success
facebook_bart,UMBILICAL HERNIA*/RIGHT INGUINAL/RIGHT HYDROCELE,5f53c0d4fd1d16a706b0c0f06d9640d4,critical,0.31588149070739746,"['critical', 'medium severity', 'moderate severity', 'high severity', 'low severity']","[0.31588149070739746, 0.2801207900047302, 0.1982552707195282, 0.13604912161827087, 0.06969330459833145]",success
facebook_bart,RIGHT HEMITORAX INJURIES,d5f0a3e058518d5f03c9a1c45f5c8060,high severity,0.3327024281024933,"['high severity', 'medium severity', 'critical', 'moderate severity', 'low severity']","[0.3327024281024933, 0.23458483815193176, 0.20124582946300507, 0.1386876255273819, 0.09277927875518799]",success
facebook_bart,SEVERE GER,d892e597b5f9242cf6e9586249daf00c,high severity,0.7268637418746948,"['high severity', 'critical', 'low severity', 'moderate severity', 'medium severity']","[0.7268637418746948, 0.23995570838451385, 0.014390753582119942, 0.010500853881239891, 0.008288917131721973]",success
facebook_bart,BONE METASTASIS,ebaba3860dd74dfb74e3a89fc3bde8a4,high severity,0.5385507345199585,"['high severity', 'critical', 'medium severity', 'moderate severity', 'low severity']","[0.5385507345199585, 0.1894770711660385, 0.17200851440429688, 0.06060267612338066, 0.039360981434583664]",success
facebook_bart,SPINA BIFIDA,1e7c92752c13e7669b2bbf3d051ef4a8,high severity,0.5078032612800598,"['high severity', 'critical', 'medium severity', 'low severity', 'moderate severity']","[0.5078032612800598, 0.20310629904270172, 0.1452379822731018, 0.10494005680084229, 0.038912463933229446]",success
facebook_bart,BILATERAL AND UMBILICAL INGUINAL HERNIORRHAPHY BY LAPAROSCOPY,88b370b97ddaacd7151762268aefffc8,medium severity,0.35148757696151733,"['medium severity', 'high severity', 'critical', 'moderate severity', 'low severity']","[0.35148757696151733, 0.1988903135061264, 0.19446833431720734, 0.15944106876850128, 0.09571269899606705]",success
facebook_bart,UNFAVORABLE AESTHETIC CHANGES IN THE PENIS,efa79ece91f98d906341da69399e171c,high severity,0.6772243976593018,"['high severity', 'critical', 'medium severity', 'low severity', 'moderate severity']","[0.6772243976593018, 0.12656481564044952, 0.10162724554538727, 0.05680924654006958, 0.03777430206537247]",success
facebook_bart,SYMPTOMATIC EPIGASTRIC HERNIA AND UMBILICAL HERNIA,ca8906dbafcafcbfd04f250557f3a3c2,moderate severity,0.6316664218902588,"['moderate severity', 'medium severity', 'critical', 'high severity', 'low severity']","[0.6316664218902588, 0.15574705600738525, 0.09083177149295807, 0.07976667582988739, 0.04198802262544632]",success
facebook_bart,SCAPHHOID FRACTURE OF RIGHT WRIST,ccb64aad5d356ca91149bc50501664c0,high severity,0.6827614307403564,"['high severity', 'critical', 'low severity', 'medium severity', 'moderate severity']","[0.6827614307403564, 0.1586008369922638, 0.08980090916156769, 0.04686227813363075, 0.02197454869747162]",success
facebook_bart,REDUNDANT FORESPUCI,430d399a7ccb0fbace53531d6e660b1e,high severity,0.8001903295516968,"['high severity', 'critical', 'low severity', 'moderate severity', 'medium severity']","[0.8001903295516968, 0.17427131533622742, 0.015483729541301727, 0.005395136773586273, 0.0046595134772360325]",success
facebook_bart,SUBLINGUAL FRENUM,9f3b2d08cdd9ff8aa499b4652e1d542f,critical,0.3660733699798584,"['critical', 'moderate severity', 'medium severity', 'high severity', 'low severity']","[0.3660733699798584, 0.23110663890838623, 0.20774629712104797, 0.10901709645986557, 0.0860566645860672]",success
facebook_bart,BASAL CELLULAR CASE LOWER RIGHT EYELID,175936f0892a3bf1698eed5b5851ab00,low severity,0.5237913727760315,"['low severity', 'medium severity', 'critical', 'moderate severity', 'high severity']","[0.5237913727760315, 0.15279068052768707, 0.1397804468870163, 0.11144787818193436, 0.0721895769238472]",success
facebook_bart,RUPTURE OF RIGHT ANKLE LIGAMENTS,2c2eca40b0c5f1a46b7fb71efd7bff1c,critical,0.41556212306022644,"['critical', 'high severity', 'medium severity', 'moderate severity', 'low severity']","[0.41556212306022644, 0.24780941009521484, 0.1635316163301468, 0.09737740457057953, 0.0757194384932518]",success
facebook_bart,NASAL FX,5f4e161ac705b9da4c69203aa66d1797,critical,0.4056645631790161,"['critical', 'high severity', 'medium severity', 'moderate severity', 'low severity']","[0.4056645631790161, 0.17749440670013428, 0.1755335032939911, 0.1399584263563156, 0.10134909301996231]",success
facebook_bart,CA PAROTIDA,7c43e861d0f146078d6b714fcafb4f25,high severity,0.32760006189346313,"['high severity', 'critical', 'medium severity', 'moderate severity', 'low severity']","[0.32760006189346313, 0.2601906359195709, 0.24650083482265472, 0.08363772928714752, 0.08207076787948608]",success
facebook_bart,CARIANO HANDS TUNNEL,ac3fe3ba8f478d25995aaa62bd6d1dd1,critical,0.4300448000431061,"['critical', 'medium severity', 'high severity', 'moderate severity', 'low severity']","[0.4300448000431061, 0.17526184022426605, 0.15866219997406006, 0.14800845086574554, 0.08802271634340286]",success
facebook_bart,STRABISMUS OI,1817d5d779d1064fe133c0962c5b3a4d,high severity,0.5787099003791809,"['high severity', 'critical', 'medium severity', 'low severity', 'moderate severity']","[0.5787099003791809, 0.2175734043121338, 0.09907599538564682, 0.07268054783344269, 0.03196018934249878]",success
facebook_bart,Cleft lip,44dfd9d4a4ef71da54267bc55582f5e8,critical,0.31958943605422974,"['critical', 'medium severity', 'high severity', 'moderate severity', 'low severity']","[0.31958943605422974, 0.25411298871040344, 0.17689867317676544, 0.15934768319129944, 0.09005124866962433]",success
facebook_bart,PREAXIAL POLYDACTYLY,9c363831ca607ecdd73a4676a4b5ba21,low severity,0.4200698435306549,"['low severity', 'high severity', 'critical', 'moderate severity', 'medium severity']","[0.4200698435306549, 0.19728069007396698, 0.14589887857437134, 0.12990465760231018, 0.106845922768116]",success
facebook_bart,BILATERAL HALLUX VALGUS AND HAMMER TOE,186f15c168fe5f1fb2b749313fb92a11,high severity,0.7815730571746826,"['high severity', 'critical', 'medium severity', 'low severity', 'moderate severity']","[0.7815730571746826, 0.11928077042102814, 0.06630942970514297, 0.018762700259685516, 0.0140740517526865]",success
facebook_bart,FX RIGHT CLAVICLE,b89d890b169f386a7d20faf21bd163cc,critical,0.3772490620613098,"['critical', 'medium severity', 'high severity', 'moderate severity', 'low severity']","[0.3772490620613098, 0.1910552829504013, 0.18874044716358185, 0.14828447997570038, 0.09467072784900665]",success
facebook_bart,METATARSAL FRACTURE,005674f096e1063fb6787f1857977871,critical,0.33352401852607727,"['critical', 'high severity', 'medium severity', 'moderate severity', 'low severity']","[0.33352401852607727, 0.31697696447372437, 0.21119649708271027, 0.09309032559394836, 0.04521220549941063]",success
facebook_bart,ADENOID HYPERTROPHY.,7050f8559ee4e0f92a0e96429dbc86ce,high severity,0.686842143535614,"['high severity', 'critical', 'medium severity', 'low severity', 'moderate severity']","[0.686842143535614, 0.10222040861845016, 0.0888790488243103, 0.0751596987247467, 0.04689875990152359]",success
facebook_bart,BILATERAL BREAST CYSTS.,3eea5b6d75d7d274ebb1eb91552a5c34,medium severity,0.40448519587516785,"['medium severity', 'moderate severity', 'high severity', 'critical', 'low severity']","[0.40448519587516785, 0.2194175124168396, 0.1524297297000885, 0.14905405044555664, 0.07461351901292801]",success
facebook_bart,"RIGHT HYDROCELE, VASECTOMY.",e91c51d8a6bc2e5aedbac483f5acc1dd,high severity,0.3284502625465393,"['high severity', 'critical', 'medium severity', 'low severity', 'moderate severity']","[0.3284502625465393, 0.21066956222057343, 0.1809462606906891, 0.15698042511940002, 0.12295343726873398]",success
facebook_bart,MENISCUS INJURY.,2c738802c18759d2b1e10f04d5a199ac,moderate severity,0.4985741674900055,"['moderate severity', 'medium severity', 'low severity', 'high severity', 'critical']","[0.4985741674900055, 0.2542906403541565, 0.16575205326080322, 0.05657052621245384, 0.02481265366077423]",success
facebook_bart,POP FX TIBIAL PLATS LEFT KNEE,d45a94fa931885592775a05ee0dd8229,high severity,0.4170853793621063,"['high severity', 'medium severity', 'critical', 'low severity', 'moderate severity']","[0.4170853793621063, 0.20395836234092712, 0.20379355549812317, 0.09645976126194, 0.078702911734581]",success
facebook_bart,"HEMATOCHEXIA, ABDOMINAL PAIN",14a4697e81e047b3128e8e4451eab42e,high severity,0.4728877544403076,"['high severity', 'critical', 'medium severity', 'moderate severity', 'low severity']","[0.4728877544403076, 0.24352671205997467, 0.1614334136247635, 0.07165635377168655, 0.050495751202106476]",success
facebook_bart,VOCAL CORD INJURIES.,4a6a272d0e03f6c056cf5c5133998626,critical,0.38017597794532776,"['critical', 'high severity', 'medium severity', 'moderate severity', 'low severity']","[0.38017597794532776, 0.31494876742362976, 0.15174202620983124, 0.0876823291182518, 0.06545089930295944]",success
facebook_bart,MICROCRANE,37cf0d540705461981fa35268157b328,high severity,0.5230246186256409,"['high severity', 'critical', 'medium severity', 'moderate severity', 'low severity']","[0.5230246186256409, 0.3927763104438782, 0.05452713370323181, 0.014971481636166573, 0.014700457453727722]",success
facebook_bart,SND KABUKI,0d69e2a8ee35b6270b258d2d5187f0ed,critical,0.332573264837265,"['critical', 'high severity', 'medium severity', 'moderate severity', 'low severity']","[0.332573264837265, 0.21837860345840454, 0.18592393398284912, 0.147074356675148, 0.11604982614517212]",success
facebook_bart,ACETABULAR IMPEGINATION,ca27ccf580a3207197f8395ec7768850,high severity,0.6986871361732483,"['high severity', 'critical', 'moderate severity', 'medium severity', 'low severity']","[0.6986871361732483, 0.23516137897968292, 0.02498549222946167, 0.022006919607520103, 0.019159113988280296]",success
facebook_bart,OSTEOSYNTHESIS MATERIAL REMOVAL,25fe38919b62bab991667ee3f7cc837a,high severity,0.33344894647598267,"['high severity', 'critical', 'medium severity', 'low severity', 'moderate severity']","[0.33344894647598267, 0.28871670365333557, 0.14547018706798553, 0.14348290860652924, 0.0888812467455864]",success
facebook_bart,TAIL MASS OF THE PANCREAS,09bca44314d62d018e932069230d4a1b,high severity,0.4991309642791748,"['high severity', 'critical', 'medium severity', 'moderate severity', 'low severity']","[0.4991309642791748, 0.26654496788978577, 0.14134709537029266, 0.05572684481739998, 0.03725006803870201]",success
facebook_bart,TUMOR IN ONJUNCTIVA,e46cfcbd1cac8af135d7a2602736aa75,high severity,0.475982666015625,"['high severity', 'critical', 'medium severity', 'low severity', 'moderate severity']","[0.475982666015625, 0.3537208139896393, 0.08349381387233734, 0.04465140029788017, 0.042151305824518204]",success
facebook_bart,DESMOID TUMOR THIGH,7f575de2d4e49d37163d09a776bcd985,low severity,0.4778846800327301,"['low severity', 'high severity', 'critical', 'medium severity', 'moderate severity']","[0.4778846800327301, 0.31017908453941345, 0.15056852996349335, 0.031684570014476776, 0.029683127999305725]",success
facebook_bart,HEALTHY,f068ebe4133e3e6563080836268ea979,moderate severity,0.41957157850265503,"['moderate severity', 'low severity', 'medium severity', 'critical', 'high severity']","[0.41957157850265503, 0.3426663875579834, 0.12419188767671585, 0.1005893126130104, 0.01298079639673233]",success
facebook_bart,FURY,28447248b2849c0f6fd85a61dba6e5f9,high severity,0.6155626773834229,"['high severity', 'critical', 'medium severity', 'moderate severity', 'low severity']","[0.6155626773834229, 0.29461368918418884, 0.044054292142391205, 0.02321704477071762, 0.022552311420440674]",success
facebook_bart,NASAL CRACTURE,57c8502cd449bea2db420ee3c492fb87,critical,0.48049280047416687,"['critical', 'high severity', 'medium severity', 'low severity', 'moderate severity']","[0.48049280047416687, 0.1998402625322342, 0.11560138314962387, 0.11381850391626358, 0.09024706482887268]",success
facebook_bart,HEMIFACIAL MICROSOMIA,67c0181095cfdfa3fbae64b422bfc506,high severity,0.3876659572124481,"['high severity', 'critical', 'medium severity', 'moderate severity', 'low severity']","[0.3876659572124481, 0.26993852853775024, 0.17563916742801666, 0.1100158616900444, 0.05674048140645027]",success
facebook_bart,VITRECTOMY POP,e281a17625db203ecfa11c8954347efc,critical,0.28434857726097107,"['critical', 'moderate severity', 'medium severity', 'high severity', 'low severity']","[0.28434857726097107, 0.24539341032505035, 0.18034204840660095, 0.17911556363105774, 0.11080034077167511]",success
facebook_bart,GONARTHROSS AND LEFT KNEE MENISCUS,98af98995d9d834adafcbca759d5f0da,high severity,0.5420596599578857,"['high severity', 'critical', 'medium severity', 'moderate severity', 'low severity']","[0.5420596599578857, 0.1967567354440689, 0.1389188915491104, 0.06864618510007858, 0.05361853912472725]",success
facebook_bart,BILATERAL APHAKIA,02ccc7047da3b079af2d38bd04557531,medium severity,0.4868515431880951,"['medium severity', 'moderate severity', 'critical', 'high severity', 'low severity']","[0.4868515431880951, 0.15756908059120178, 0.14376795291900635, 0.11903850734233856, 0.09277288615703583]",success
facebook_bart,G4A2C1/EMBZO END,940b69a86b9d76f1de322dd4507639b6,medium severity,0.274117112159729,"['medium severity', 'moderate severity', 'critical', 'high severity', 'low severity']","[0.274117112159729, 0.2603358328342438, 0.19245454668998718, 0.14927631616592407, 0.12381619960069656]",success
facebook_bart,LEFT GUTEOUS TENDINITIS,a1c5a2069f60b7a576e22e390c9e48f0,high severity,0.4908521771430969,"['high severity', 'low severity', 'medium severity', 'critical', 'moderate severity']","[0.4908521771430969, 0.3112829625606537, 0.08117315918207169, 0.06822002679109573, 0.04847171902656555]",success
facebook_bart,TONSILLITIS,45a34559649a7b9659399206fed0bcc5,high severity,0.6590524315834045,"['high severity', 'critical', 'low severity', 'medium severity', 'moderate severity']","[0.6590524315834045, 0.1479257345199585, 0.12090201675891876, 0.05219804868102074, 0.019921770319342613]",success
facebook_bart,MSI FX,20d852c03393ed9776555b0a8da878cb,moderate severity,0.4892418384552002,"['moderate severity', 'medium severity', 'critical', 'high severity', 'low severity']","[0.4892418384552002, 0.17354147136211395, 0.14573046565055847, 0.11319950222969055, 0.07828667759895325]",success
facebook_bart,CHOLELITHIASIS AND POLYP,023282d92e4643215259eb8b4d87ebf7,high severity,0.3493655323982239,"['high severity', 'critical', 'medium severity', 'low severity', 'moderate severity']","[0.3493655323982239, 0.23956111073493958, 0.16800449788570404, 0.1527930647134781, 0.0902758240699768]",success
facebook_bart,FX RADIO,031644720277d6d65e445748588a0577,critical,0.3113326132297516,"['critical', 'medium severity', 'moderate severity', 'high severity', 'low severity']","[0.3113326132297516, 0.2168932408094406, 0.1933799386024475, 0.16219991445541382, 0.11619436740875244]",success
facebook_bart,STRAIGHT CA,9e0e99e82f6c8af9a9c8a85f484785dd,high severity,0.2602291703224182,"['high severity', 'moderate severity', 'critical', 'medium severity', 'low severity']","[0.2602291703224182, 0.20487704873085022, 0.19914864003658295, 0.1845116913318634, 0.1512334644794464]",success
facebook_bart,RIGHT HIP PAIN,e4734512c7db8462b4332c728f01b205,high severity,0.39493459463119507,"['high severity', 'critical', 'medium severity', 'moderate severity', 'low severity']","[0.39493459463119507, 0.22132959961891174, 0.19293838739395142, 0.10541409999132156, 0.0853833258152008]",success
facebook_bart,VARICES MSIS,16f395794735e41ee8786fcd4016385a,moderate severity,0.5342261791229248,"['moderate severity', 'medium severity', 'high severity', 'critical', 'low severity']","[0.5342261791229248, 0.15910157561302185, 0.12681052088737488, 0.1259964257478714, 0.05386524274945259]",success
facebook_bart,HIGH MYOPIA.,2d0ee87e0fa0d6498f73d5a3f9eaa64a,high severity,0.7229677438735962,"['high severity', 'critical', 'medium severity', 'moderate severity', 'low severity']","[0.7229677438735962, 0.14908283948898315, 0.06134258955717087, 0.03366728127002716, 0.032939571887254715]",success
facebook_bart,RUPTURE OF LEFT ROTATOR Cuff,73feb09181c8a8ba6b85e7ab82b25064,high severity,0.33175408840179443,"['high severity', 'critical', 'medium severity', 'moderate severity', 'low severity']","[0.33175408840179443, 0.30338406562805176, 0.18682736158370972, 0.09535463154315948, 0.08267992734909058]",success
facebook_bart,RETINOBLASTOMA,071247856f00281fcd14ee4b3e410d73,high severity,0.497829407453537,"['high severity', 'critical', 'medium severity', 'low severity', 'moderate severity']","[0.497829407453537, 0.3292718529701233, 0.08339689671993256, 0.06038996949791908, 0.029111886397004128]",success
facebook_bart,FDE PITUITARY TUMOR,b281d1535f29b4aa851addc611fa13b0,critical,0.44042742252349854,"['critical', 'high severity', 'low severity', 'medium severity', 'moderate severity']","[0.44042742252349854, 0.4283357560634613, 0.06614558398723602, 0.04024399071931839, 0.024847324937582016]",success
facebook_bart,MASS IN LEFT UPPER EYELID.,b41ef0c0a7fc1fc350ccd55e75ce7e87,high severity,0.5016056895256042,"['high severity', 'medium severity', 'critical', 'moderate severity', 'low severity']","[0.5016056895256042, 0.1946408897638321, 0.19172532856464386, 0.057081401348114014, 0.05494668707251549]",success
facebook_bart,MAXILLARY TRAUMA,db7f2677f604c779de36b4cf9512e324,high severity,0.47539955377578735,"['high severity', 'medium severity', 'critical', 'moderate severity', 'low severity']","[0.47539955377578735, 0.3386959731578827, 0.09757474064826965, 0.06955577433109283, 0.01877390407025814]",success
facebook_bart,BRAIN MRI.,d914ef588f21fc2bfddd74e8f01f80e7,high severity,0.49190086126327515,"['high severity', 'critical', 'medium severity', 'moderate severity', 'low severity']","[0.49190086126327515, 0.2273307591676712, 0.1297605186700821, 0.0809713751077652, 0.07003649324178696]",success
facebook_bart,HODKIN'S LYMPHOMA,963f2545e6d96b603de50c637ed3b3f2,moderate severity,0.49316108226776123,"['moderate severity', 'medium severity', 'high severity', 'low severity', 'critical']","[0.49316108226776123, 0.2535640001296997, 0.10050998628139496, 0.08582714200019836, 0.06693778187036514]",success
facebook_bart,PAPILLOMA OF CHOROID PLEXUS,f42d15fa61abdf8d37e9a2c8a082c819,high severity,0.35789620876312256,"['high severity', 'critical', 'low severity', 'medium severity', 'moderate severity']","[0.35789620876312256, 0.21962738037109375, 0.18968679010868073, 0.15080547332763672, 0.08198417723178864]",success
facebook_bart,LEFT LEG INJURY,e9e157fa4868f69ad459b09b502470a5,high severity,0.35118547081947327,"['high severity', 'critical', 'medium severity', 'moderate severity', 'low severity']","[0.35118547081947327, 0.2285269945859909, 0.21655729413032532, 0.12612232565879822, 0.0776078999042511]",success
facebook_bart,RIGHT OVARIAN CYST,c74b67c47dd0fc19a91f19d3bbcb1599,high severity,0.33860188722610474,"['high severity', 'medium severity', 'critical', 'moderate severity', 'low severity']","[0.33860188722610474, 0.21727882325649261, 0.1901503950357437, 0.1690976321697235, 0.08487118035554886]",success
facebook_bart,ARTHROSIS + LEFT KNEE TIBIAL PLATE INJURY,e32264bf063ce187936f51a32d223417,high severity,0.5553306341171265,"['high severity', 'critical', 'medium severity', 'moderate severity', 'low severity']","[0.5553306341171265, 0.2245214283466339, 0.12956610321998596, 0.05325885862112045, 0.03732295334339142]",success
facebook_bart,CYSTIC HYGROMA,76c84c057a3fc39945a85ff05625dbfa,high severity,0.5716269016265869,"['high severity', 'critical', 'moderate severity', 'medium severity', 'low severity']","[0.5716269016265869, 0.1981365829706192, 0.10353166610002518, 0.0915454849600792, 0.035159386694431305]",success
facebook_bart,PRIAPISM,0ce2c36121af7875044abc685ceedac5,critical,0.3712013065814972,"['critical', 'medium severity', 'moderate severity', 'high severity', 'low severity']","[0.3712013065814972, 0.20582668483257294, 0.1753329485654831, 0.13499735295772552, 0.11264164000749588]",success
facebook_bart,MYOPIC DEGERATION,474fae4d0d8061f13f2e39b0ac343935,high severity,0.5955317616462708,"['high severity', 'critical', 'medium severity', 'low severity', 'moderate severity']","[0.5955317616462708, 0.23260794579982758, 0.08885245025157928, 0.05304015427827835, 0.02996765822172165]",success
facebook_bart,NORMAL PRESSURE HYDROCEPHALIA,ab6628784a94ed3c9283c164b84c7899,moderate severity,0.5057730674743652,"['moderate severity', 'low severity', 'medium severity', 'critical', 'high severity']","[0.5057730674743652, 0.3111703097820282, 0.14491614699363708, 0.03225913271307945, 0.0058813015930354595]",success
facebook_bart,COLONICAL POLYP,d48206a41e5b4b211e9829dd13913f16,critical,0.38479626178741455,"['critical', 'medium severity', 'high severity', 'moderate severity', 'low severity']","[0.38479626178741455, 0.19070982933044434, 0.18473632633686066, 0.13459500670433044, 0.10516253113746643]",success
facebook_bart,RIGHT HALUX VALGUS,008052421a7d38e6145a15a2c9c1de90,high severity,0.3412368893623352,"['high severity', 'medium severity', 'low severity', 'critical', 'moderate severity']","[0.3412368893623352, 0.20211556553840637, 0.15840372443199158, 0.15410830080509186, 0.14413553476333618]",success
facebook_bart,CHRONIC ABDOMINAL PAIN,67a96e0e327699360b9596ea776966a1,high severity,0.5979132056236267,"['high severity', 'critical', 'medium severity', 'low severity', 'moderate severity']","[0.5979132056236267, 0.3377772867679596, 0.03177197650074959, 0.01736261509358883, 0.015174978412687778]",success
facebook_bart,POP BAHA,8cf987d9822439c1a90ce22245501988,critical,0.3256019651889801,"['critical', 'medium severity', 'moderate severity', 'high severity', 'low severity']","[0.3256019651889801, 0.21356649696826935, 0.16715362668037415, 0.1653033345937729, 0.12837457656860352]",success
facebook_bart,LX DISCOID MENISCAL,0417cf26307a3f8137fee9e347acc713,moderate severity,0.41290172934532166,"['moderate severity', 'low severity', 'medium severity', 'high severity', 'critical']","[0.41290172934532166, 0.2849401831626892, 0.19498197734355927, 0.06820032745599747, 0.0389757938683033]",success
facebook_bart,LX LEFT MENISCAL,65ad36dc7a2f0a66a74de9b41e831732,moderate severity,0.4424586296081543,"['moderate severity', 'medium severity', 'low severity', 'high severity', 'critical']","[0.4424586296081543, 0.30267220735549927, 0.12372122704982758, 0.10492315143346786, 0.02622479945421219]",success
facebook_bart,GASTRITS AND HELICOBACTER,2b3c06f057acabbda971c673843f4a05,critical,0.4073270857334137,"['critical', 'high severity', 'medium severity', 'moderate severity', 'low severity']","[0.4073270857334137, 0.3029559552669525, 0.12831194698810577, 0.10211742669343948, 0.05928754806518555]",success
facebook_bart,SATISFIED PARENTHOOD,adeb08b80e2daf8a02519c8b60128857,high severity,0.6218202114105225,"['high severity', 'critical', 'medium severity', 'low severity', 'moderate severity']","[0.6218202114105225, 0.22430682182312012, 0.07612365484237671, 0.047329988330602646, 0.030419282615184784]",success
facebook_bart,SYNOVIAL SARCOMA OF THE RIGHT KNEE.,c979f524cfac8fef910a3a12987415aa,critical,0.3881164789199829,"['critical', 'medium severity', 'high severity', 'moderate severity', 'low severity']","[0.3881164789199829, 0.18139231204986572, 0.1758589744567871, 0.13985630869865417, 0.11477586627006531]",success
facebook_bart,SATISFIED PARITY.,bfc546e0479110e1bf74f831f6dbfc3b,high severity,0.7280530333518982,"['high severity', 'critical', 'low severity', 'medium severity', 'moderate severity']","[0.7280530333518982, 0.1540222018957138, 0.05429288372397423, 0.03965237736701965, 0.02397952601313591]",success
facebook_bart,NEPHROLITHIASIS,751e89c15ee13f2dad3245f14767e6ef,low severity,0.2581563889980316,"['low severity', 'critical', 'high severity', 'medium severity', 'moderate severity']","[0.2581563889980316, 0.22075241804122925, 0.20771172642707825, 0.16310283541679382, 0.15027658641338348]",success
facebook_bart,SND CARPAL TUNNEL,c1a09447865e44f207a88d125ebb4272,critical,0.2969490885734558,"['critical', 'medium severity', 'moderate severity', 'low severity', 'high severity']","[0.2969490885734558, 0.1954486221075058, 0.17585620284080505, 0.17228946089744568, 0.15945664048194885]",success
facebook_bart,LEFT HEMISPHERIC CEREBRAL MENINGIOMATIOSIS,c3bff4ad478a5cff8bf2a2368f6740d0,high severity,0.4558561146259308,"['high severity', 'medium severity', 'critical', 'moderate severity', 'low severity']","[0.4558561146259308, 0.1981751173734665, 0.18212595582008362, 0.09676065295934677, 0.06708215922117233]",success
facebook_bart,"LEFT HIP ARTHROSIS,",56e2ba5c95be8e534c6bc85d190249d1,high severity,0.4678264856338501,"['high severity', 'critical', 'medium severity', 'moderate severity', 'low severity']","[0.4678264856338501, 0.23400907218456268, 0.13743749260902405, 0.08417264372110367, 0.07655427604913712]",success
facebook_bart,ONYCHOMYSCOSIS,38f46cc7f48114d23205da5146b3e6e9,high severity,0.6958189010620117,"['high severity', 'critical', 'medium severity', 'low severity', 'moderate severity']","[0.6958189010620117, 0.1615886688232422, 0.07104159146547318, 0.04990934208035469, 0.02164147049188614]",success
facebook_bart,POP MASTECTOMY,25188a50f037fa4904d24550e1d0b40f,high severity,0.3372141718864441,"['high severity', 'critical', 'medium severity', 'moderate severity', 'low severity']","[0.3372141718864441, 0.3038315773010254, 0.1560533046722412, 0.1102185845375061, 0.0926823616027832]",success
facebook_bart,GLUETUS MINIMUM AND PSOAS TENDITINIS,c18fe805843e236b28b318f989c5f711,low severity,0.4536088705062866,"['low severity', 'moderate severity', 'medium severity', 'critical', 'high severity']","[0.4536088705062866, 0.4316358268260956, 0.0794421061873436, 0.021758683025836945, 0.013554478995501995]",success
facebook_bart,ADENOMIOMATOSIS,9dbec74a586b04c10afdf7dceefcdee4,high severity,0.41824930906295776,"['high severity', 'critical', 'medium severity', 'low severity', 'moderate severity']","[0.41824930906295776, 0.2620587944984436, 0.1286478191614151, 0.10445110499858856, 0.08659302443265915]",success
facebook_bart,EXTENSOR TENOSYNOVITIS,0d93e6beb82c33dfa1c646e74164db0f,high severity,0.8684743642807007,"['high severity', 'critical', 'medium severity', 'moderate severity', 'low severity']","[0.8684743642807007, 0.07519076019525528, 0.029204104095697403, 0.014326159842312336, 0.012804592028260231]",success
facebook_bart,PTERYGIUM,42a86ad172f3da4d058fdcb089e1f305,high severity,0.35347872972488403,"['high severity', 'moderate severity', 'medium severity', 'critical', 'low severity']","[0.35347872972488403, 0.3206547498703003, 0.13891997933387756, 0.11299921572208405, 0.07394736260175705]",success
facebook_bart,NECK LIPOOMA,7242d3c754984146745ea33558703f21,critical,0.3270944058895111,"['critical', 'medium severity', 'high severity', 'low severity', 'moderate severity']","[0.3270944058895111, 0.21604028344154358, 0.20780780911445618, 0.1283988058567047, 0.1206587553024292]",success
facebook_bart,VOCAL CORD PAPILLOMATOUS LESION,476bac6a4c60d89d9765023fc3fb741f,high severity,0.3749965727329254,"['high severity', 'low severity', 'critical', 'medium severity', 'moderate severity']","[0.3749965727329254, 0.18136483430862427, 0.18001829087734222, 0.17622072994709015, 0.08739957958459854]",success
facebook_bart,BONE CYST DIAPHYSIS LEFT FEMUR,7ceda43d62fc19dc484974a7dc829595,high severity,0.3618256449699402,"['high severity', 'medium severity', 'critical', 'moderate severity', 'low severity']","[0.3618256449699402, 0.20654647052288055, 0.18222619593143463, 0.1582987755537033, 0.09110286086797714]",success
facebook_bart,LEFT KNEE LIGAMENT INJURY,a84d806c9a9a83382e49d16b932feb3f,high severity,0.29019036889076233,"['high severity', 'medium severity', 'critical', 'moderate severity', 'low severity']","[0.29019036889076233, 0.23600134253501892, 0.19179578125476837, 0.15885470807552338, 0.12315787374973297]",success
facebook_bart,DYSPRAXIA,7aa1e5933c749d60eddbaeb21cfea978,high severity,0.2658487856388092,"['high severity', 'low severity', 'medium severity', 'critical', 'moderate severity']","[0.2658487856388092, 0.2281825691461563, 0.20287932455539703, 0.19930720329284668, 0.10378213226795197]",success
facebook_bart,LEFT PYELOLITIASIS,ceb560e7edf1a672533fd43e55280723,low severity,0.31143108010292053,"['low severity', 'medium severity', 'critical', 'high severity', 'moderate severity']","[0.31143108010292053, 0.21243353188037872, 0.20814761519432068, 0.14927880465984344, 0.11870892345905304]",success
facebook_bart,HT ADENOIDS,975ec5433694abed998adbbd7de57ae4,high severity,0.7693905830383301,"['high severity', 'critical', 'medium severity', 'low severity', 'moderate severity']","[0.7693905830383301, 0.1197730153799057, 0.051190972328186035, 0.03366835042834282, 0.025977101176977158]",success
facebook_bart,LEFT HIP COXARTHROSIS,2797f2c0cc15b265eb9f1f8d8dd6939f,high severity,0.5091224908828735,"['high severity', 'critical', 'medium severity', 'moderate severity', 'low severity']","[0.5091224908828735, 0.2689915895462036, 0.11244865506887436, 0.0550379641354084, 0.05439931899309158]",success
facebook_bart,HT CORNETS,6c9de3b90707e6437ec7d94de69a91fc,high severity,0.4436556398868561,"['high severity', 'critical', 'medium severity', 'moderate severity', 'low severity']","[0.4436556398868561, 0.2884114980697632, 0.12247301638126373, 0.08090248703956604, 0.06455738842487335]",success
facebook_bart,CIV/CIA,d470d981a5870bb4849e143ae1c3c06f,critical,0.35303956270217896,"['critical', 'medium severity', 'high severity', 'moderate severity', 'low severity']","[0.35303956270217896, 0.2470889538526535, 0.19303129613399506, 0.136626735329628, 0.07021352648735046]",success
facebook_bart,FX TIBIAL PLATE,8177be00b96e7c96b12b5c3634ed616c,high severity,0.697844386100769,"['high severity', 'critical', 'medium severity', 'low severity', 'moderate severity']","[0.697844386100769, 0.12888020277023315, 0.0890621468424797, 0.04550895094871521, 0.03870433196425438]",success
facebook_bart,HT CORNETS SEPTODEVIATION,f524e02637020dfe8354c4666d22f33f,high severity,0.7259382009506226,"['high severity', 'critical', 'medium severity', 'low severity', 'moderate severity']","[0.7259382009506226, 0.10586490482091904, 0.07376060634851456, 0.0485079288482666, 0.04592839628458023]",success
facebook_bart,SX LEFT ROTATOR CUFF,f9e87f0bb8bc6feb1b96ab9899aed2fd,critical,0.308491975069046,"['critical', 'high severity', 'medium severity', 'moderate severity', 'low severity']","[0.308491975069046, 0.21306785941123962, 0.19739502668380737, 0.178399458527565, 0.10264570266008377]",success
facebook_bart,HEADACHE IN STUDY,699f857e8f334fac9deb01685accb3bd,high severity,0.6392906308174133,"['high severity', 'critical', 'medium severity', 'low severity', 'moderate severity']","[0.6392906308174133, 0.25683221220970154, 0.04257453978061676, 0.0330863855779171, 0.028216181322932243]",success
facebook_bart,DYSFUNCTIONAL PROVOX VALVE,6cf0e1409b0cddda7242c254e9121c33,high severity,0.3313131332397461,"['high severity', 'critical', 'medium severity', 'low severity', 'moderate severity']","[0.3313131332397461, 0.26537084579467773, 0.18847820162773132, 0.14404542744159698, 0.07079244405031204]",success
facebook_bart,AORTA COARTCATION,ff7cb5ffcdcf7e129351254273b4014a,high severity,0.36664944887161255,"['high severity', 'critical', 'medium severity', 'low severity', 'moderate severity']","[0.36664944887161255, 0.31433695554733276, 0.13893285393714905, 0.09536123275756836, 0.08471952378749847]",success
facebook_bart,ADHERENTIAL SD,eb30fded90baf2e59f8235c02e5d6246,low severity,0.49923139810562134,"['low severity', 'moderate severity', 'medium severity', 'critical', 'high severity']","[0.49923139810562134, 0.20056775212287903, 0.13513796031475067, 0.09302963316440582, 0.07203324884176254]",success
facebook_bart,PHACO AND IOL LEFT EYE,2e6bfa1921e3f4d0eb125ac2567f8457,critical,0.4228304624557495,"['critical', 'medium severity', 'high severity', 'moderate severity', 'low severity']","[0.4228304624557495, 0.19296760857105255, 0.1665971279144287, 0.1368667632341385, 0.08073803037405014]",success
facebook_bart,CA LEFT MOTHER,a10989ce3451f1b294a2f05745ad04b1,critical,0.3593561053276062,"['critical', 'medium severity', 'high severity', 'moderate severity', 'low severity']","[0.3593561053276062, 0.24836990237236023, 0.21323499083518982, 0.1169854924082756, 0.06205346807837486]",success
facebook_bart,RIGHT FOREARM MASS,14d2230718ef2b3d32c74bedb8da3511,high severity,0.3128703236579895,"['high severity', 'medium severity', 'moderate severity', 'critical', 'low severity']","[0.3128703236579895, 0.3023131191730499, 0.21935652196407318, 0.12273048609495163, 0.04272957146167755]",success
facebook_bart,ENDOCERVICALCERVICAL POLYP,fb2d42ef7ceedf8dca3300eac33af82e,critical,0.31332531571388245,"['critical', 'medium severity', 'high severity', 'moderate severity', 'low severity']","[0.31332531571388245, 0.19523388147354126, 0.18966908752918243, 0.15384340286254883, 0.14792832732200623]",success
facebook_bart,STUDY OF CHRONIC PNEUMOPATHIA,a9e8f2118d1129a9217503f217ebe45a,critical,0.3405131995677948,"['critical', 'high severity', 'medium severity', 'moderate severity', 'low severity']","[0.3405131995677948, 0.2950083315372467, 0.1965482085943222, 0.0964038223028183, 0.0715264156460762]",success
facebook_bart,ACI ADENOCARCINOMA,eb4186de4460894134b2bea8d3558400,critical,0.3314085006713867,"['critical', 'high severity', 'medium severity', 'moderate severity', 'low severity']","[0.3314085006713867, 0.324846088886261, 0.15926459431648254, 0.1084352359175682, 0.07604560256004333]",success
facebook_bart,RIGHT KNEE TRAUMA,c57fd0d6e430bcd1735658a86d80a7e6,critical,0.38672882318496704,"['critical', 'medium severity', 'high severity', 'moderate severity', 'low severity']","[0.38672882318496704, 0.2065819799900055, 0.20416130125522614, 0.12767156958580017, 0.07485633343458176]",success
facebook_bart,PAPILLOMATOSIS IN THE AIRWAY,f825ca0fd70e2f087a7bef7406f890a4,high severity,0.425072580575943,"['high severity', 'critical', 'medium severity', 'low severity', 'moderate severity']","[0.425072580575943, 0.32246243953704834, 0.11895176768302917, 0.0699571743607521, 0.06355603039264679]",success
facebook_bart,CHRONIC PANCREATITITS,788c24134fec68dadc2692d2bdb642de,high severity,0.47693929076194763,"['high severity', 'critical', 'medium severity', 'low severity', 'moderate severity']","[0.47693929076194763, 0.4071730971336365, 0.05657140538096428, 0.03119419887661934, 0.028122030198574066]",success
facebook_bart,WELL BALANCED RASTELLI TYPE C COMPLETE AV CHANNEL,70f5ab7a5ae37409cbad544f6a96c79c,moderate severity,0.7726636528968811,"['moderate severity', 'medium severity', 'low severity', 'critical', 'high severity']","[0.7726636528968811, 0.08477552235126495, 0.07237137109041214, 0.06617652624845505, 0.004012993071228266]",success
facebook_bart,HYPERMENORRHEA,994fd31825350027a9fbcb5d9905b919,high severity,0.85084468126297,"['high severity', 'critical', 'medium severity', 'moderate severity', 'low severity']","[0.85084468126297, 0.06936165690422058, 0.05479344725608826, 0.01681850664317608, 0.008181723766028881]",success
facebook_bart,JOINT RIGIDITY,7751e64f6d6bf40bebc1cfb31fbd0db2,critical,0.4386289417743683,"['critical', 'high severity', 'medium severity', 'low severity', 'moderate severity']","[0.4386289417743683, 0.3190828859806061, 0.14047789573669434, 0.05287886783480644, 0.04893144592642784]",success
facebook_bart,UINARY INCONTINENCE,45cf87d19898314733e41c3bc23068f3,low severity,0.8176833987236023,"['low severity', 'moderate severity', 'medium severity', 'critical', 'high severity']","[0.8176833987236023, 0.07981032878160477, 0.05783022195100784, 0.024662675336003304, 0.020013371482491493]",success
facebook_bart,HAMMER FINGERS,f0cf568d8c6f67169f82b09d4117204b,high severity,0.5669945478439331,"['high severity', 'critical', 'medium severity', 'moderate severity', 'low severity']","[0.5669945478439331, 0.25223344564437866, 0.09153743088245392, 0.048322051763534546, 0.04091253504157066]",success
facebook_bart,LANGERHANS CELLULAR HISTIOCYTOSIS,363f6cd55b52fea51f08410475bdcada,high severity,0.5221432447433472,"['high severity', 'critical', 'medium severity', 'low severity', 'moderate severity']","[0.5221432447433472, 0.24150504171848297, 0.1357908844947815, 0.05641881003975868, 0.04414208605885506]",success
facebook_bart,LIGAMENT AND MENISCUS INJURY,84fd66a15aa691fa807edfadd51d11ce,moderate severity,0.565475583076477,"['moderate severity', 'medium severity', 'high severity', 'critical', 'low severity']","[0.565475583076477, 0.21728220582008362, 0.09137295931577682, 0.08335854113101959, 0.04251067712903023]",success
facebook_bart,RIGHT HAND ANNULAR NEURINOMA,0efc2ec8b41ecd58da22df731f2c90a7,critical,0.33261018991470337,"['critical', 'medium severity', 'high severity', 'moderate severity', 'low severity']","[0.33261018991470337, 0.24725262820720673, 0.18351304531097412, 0.16432993113994598, 0.07229416817426682]",success
facebook_bart,GENITAL CELES.,d3aedf6aaa2a5137067dbdafc411d051,critical,0.4270326495170593,"['critical', 'high severity', 'low severity', 'medium severity', 'moderate severity']","[0.4270326495170593, 0.19065645337104797, 0.16002623736858368, 0.12514223158359528, 0.09714243561029434]",success
facebook_bart,ANAPLASTIC EPENDYMOMA,44761f73aa07a7fb7dbb6c9e4c9a3420,low severity,0.7620425224304199,"['low severity', 'moderate severity', 'critical', 'medium severity', 'high severity']","[0.7620425224304199, 0.10395920276641846, 0.07304506748914719, 0.043153297156095505, 0.017799856141209602]",success
facebook_bart,HEALTHY PTE.,89505304e410920616e6bfb72508cbe6,moderate severity,0.4349557161331177,"['moderate severity', 'low severity', 'medium severity', 'critical', 'high severity']","[0.4349557161331177, 0.3235267996788025, 0.13589374721050262, 0.09418918192386627, 0.01143454760313034]",success
facebook_bart,RHINITIS,505e794aac4e7a9d6f9ae23f4adbbdf2,high severity,0.5812415480613708,"['high severity', 'critical', 'medium severity', 'low severity', 'moderate severity']","[0.5812415480613708, 0.2116032987833023, 0.11740206927061081, 0.05312671512365341, 0.036626365035772324]",success
facebook_bart,VOCAL POLYP,4ec9aef5f63df31be0537556ee9d799e,critical,0.3664822280406952,"['critical', 'medium severity', 'high severity', 'moderate severity', 'low severity']","[0.3664822280406952, 0.18023793399333954, 0.1698932647705078, 0.15950368344783783, 0.12388288229703903]",success
facebook_bart,HALLUX,9545cb8cd4e6f88a127700ff77216214,high severity,0.2843538820743561,"['high severity', 'critical', 'medium severity', 'moderate severity', 'low severity']","[0.2843538820743561, 0.22571931779384613, 0.21484129130840302, 0.1534280627965927, 0.12165747582912445]",success
facebook_bart,H. UMNILICAL,be39b9752c1812c97ddab7943d6ceac8,high severity,0.286004900932312,"['high severity', 'low severity', 'medium severity', 'moderate severity', 'critical']","[0.286004900932312, 0.192986860871315, 0.18938669562339783, 0.18076898157596588, 0.15085256099700928]",success
facebook_bart,AC LUXATION LEFT,08960366c0a9129108ebc91ba4874c33,moderate severity,0.3433114290237427,"['moderate severity', 'low severity', 'medium severity', 'critical', 'high severity']","[0.3433114290237427, 0.28307610750198364, 0.1792973279953003, 0.13286606967449188, 0.06144905090332031]",success
facebook_bart,BILATERAL KNEE ARTHROSIS,1b3f1b35f79cac1ab7fc6a7d1589cc5d,high severity,0.32020682096481323,"['high severity', 'medium severity', 'critical', 'moderate severity', 'low severity']","[0.32020682096481323, 0.22607524693012238, 0.21375100314617157, 0.14513984322547913, 0.09482710063457489]",success
facebook_bart,GANGLIONDORSAL RIGHT HAND,fecc2a3403e40d029a151c4a48b5d3c7,critical,0.40853506326675415,"['critical', 'medium severity', 'moderate severity', 'high severity', 'low severity']","[0.40853506326675415, 0.20141035318374634, 0.18273694813251495, 0.10926731675863266, 0.09805034101009369]",success
facebook_bart,BILATERAL GLAUCOMA,be763c99c682d276a86bdfc5ed760054,medium severity,0.4602193832397461,"['medium severity', 'moderate severity', 'low severity', 'high severity', 'critical']","[0.4602193832397461, 0.23977281153202057, 0.1070299744606018, 0.09660913050174713, 0.09636858850717545]",success
facebook_bart,ACUTE CHOLEISTITIS,6c0ae51cd4b7ee5c2072b0fbcab13e5d,high severity,0.580666720867157,"['high severity', 'critical', 'medium severity', 'low severity', 'moderate severity']","[0.580666720867157, 0.32437393069267273, 0.046387817710638046, 0.031091196462512016, 0.017480364069342613]",success
facebook_bart,LEFT CLAVICLE FRACTURE,dad09d46540a87bd0d3133aa6afd5a9d,critical,0.36250823736190796,"['critical', 'medium severity', 'high severity', 'moderate severity', 'low severity']","[0.36250823736190796, 0.2186570167541504, 0.19278211891651154, 0.14185531437397003, 0.08419731259346008]",success
facebook_bart,CHOLELITHIASIS + UMBILICAL HERNIA,fb0a7d55976832d7ff71d8b2a4d8951e,moderate severity,0.40073806047439575,"['moderate severity', 'medium severity', 'high severity', 'critical', 'low severity']","[0.40073806047439575, 0.32182079553604126, 0.12564857304096222, 0.10568824410438538, 0.04610429331660271]",success
facebook_bart,LEFT CLAVICLE FRACTURE,dad09d46540a87bd0d3133aa6afd5a9d,critical,0.36250847578048706,"['critical', 'medium severity', 'high severity', 'moderate severity', 'low severity']","[0.36250847578048706, 0.2186564803123474, 0.1927822381258011, 0.1418554037809372, 0.08419737219810486]",success
facebook_bart,HPAF IN LONG BONES LEFT LEG,00e16bab329dd35a2018433fd35fdacd,high severity,0.6146329045295715,"['high severity', 'critical', 'medium severity', 'moderate severity', 'low severity']","[0.6146329045295715, 0.2236267477273941, 0.08371388912200928, 0.03916250541806221, 0.03886398300528526]",success
facebook_bart,BILE duct stenosis,cb11eb5c4fb9d8b385ff66c7c2556269,high severity,0.4588932991027832,"['high severity', 'critical', 'low severity', 'medium severity', 'moderate severity']","[0.4588932991027832, 0.2306104153394699, 0.12131993472576141, 0.09948588907718658, 0.08969049900770187]",success
facebook_bart,BRAIN ANEURYSM?,394b93293cfb355c980718483eb4c507,high severity,0.3719118535518646,"['high severity', 'critical', 'medium severity', 'low severity', 'moderate severity']","[0.3719118535518646, 0.36835893988609314, 0.12491703033447266, 0.07477286458015442, 0.06003929674625397]",success
facebook_bart,MID COMPLEX FX,3800e06eada23dab04afe13c9a057f7c,medium severity,0.48489367961883545,"['medium severity', 'moderate severity', 'low severity', 'critical', 'high severity']","[0.48489367961883545, 0.42953598499298096, 0.03881514444947243, 0.03286252170801163, 0.01389267947524786]",success
facebook_bart,POLYDACTYLY,68f3cac626d4823dbf5f4b0966122b03,high severity,0.7487753629684448,"['high severity', 'critical', 'medium severity', 'low severity', 'moderate severity']","[0.7487753629684448, 0.1008172333240509, 0.0818699449300766, 0.05486081913113594, 0.013676656410098076]",success
facebook_bart,TRIANGULAR FIBROCARTILAGE LESION OF LEFT WRIST,20f1b22017538c1f3d12fa988d8bfe7d,high severity,0.34827524423599243,"['high severity', 'critical', 'medium severity', 'low severity', 'moderate severity']","[0.34827524423599243, 0.3208426833152771, 0.1510804146528244, 0.10639280080795288, 0.07340880483388901]",success
facebook_bart,VAGINAL ANO FISTULA,014b13dfdcdfdec5e724a3e21701908b,high severity,0.6426438093185425,"['high severity', 'low severity', 'critical', 'medium severity', 'moderate severity']","[0.6426438093185425, 0.14268383383750916, 0.11276154220104218, 0.06163327395915985, 0.04027750715613365]",success
facebook_bart,LEFT HAND GANGLION,d66a123f7fc87ee8d92da89aad25e3ea,critical,0.3568568229675293,"['critical', 'medium severity', 'moderate severity', 'high severity', 'low severity']","[0.3568568229675293, 0.2066449671983719, 0.1869051307439804, 0.14017099142074585, 0.10942205041646957]",success
facebook_bart,G2C1/EMBZO TERMINATED,456abceb8fc502726007783ba795fa88,high severity,0.4321558475494385,"['high severity', 'medium severity', 'critical', 'moderate severity', 'low severity']","[0.4321558475494385, 0.20256030559539795, 0.19852139055728912, 0.08385035395622253, 0.0829121544957161]",success
facebook_bart,LEFT INGUINAL HERNIA/QX RIGHT ROTATOR Cuff,657cfb694d0319c7f1126101b895f90f,critical,0.3116084933280945,"['critical', 'high severity', 'medium severity', 'moderate severity', 'low severity']","[0.3116084933280945, 0.236150860786438, 0.2270478457212448, 0.14869257807731628, 0.07650019228458405]",success
facebook_bart,EUSTACHIAN TUBE DYSFUNCTION,6529d01b698c4a168359483a7db1f923,critical,0.33299878239631653,"['critical', 'high severity', 'medium severity', 'moderate severity', 'low severity']","[0.33299878239631653, 0.27582064270973206, 0.1743530035018921, 0.12159331142902374, 0.09523427486419678]",success
facebook_bart,LEIOMIOMA,2a5f349145a09d58024efbd5246a2d8f,high severity,0.2669370174407959,"['high severity', 'medium severity', 'critical', 'low severity', 'moderate severity']","[0.2669370174407959, 0.22329722344875336, 0.22197715938091278, 0.1607787311077118, 0.1270097941160202]",success
facebook_bart,BILATERAL STRABISMUS,4725e36a3a5c4a7e6564abaac3877240,moderate severity,0.31961917877197266,"['moderate severity', 'low severity', 'medium severity', 'high severity', 'critical']","[0.31961917877197266, 0.24395495653152466, 0.21694795787334442, 0.17091774940490723, 0.04856021702289581]",success
facebook_bart,LEFT BRACHIAL CYST,9b2b57c9d7d76a29be69da8333e58d56,high severity,0.627289354801178,"['high severity', 'medium severity', 'critical', 'low severity', 'moderate severity']","[0.627289354801178, 0.13904806971549988, 0.12078843265771866, 0.06679261475801468, 0.04608148708939552]",success
facebook_bart,TONSILLITIS.,61123333e1cbc1caa70a7fd2645c18fc,high severity,0.6682901978492737,"['high severity', 'critical', 'low severity', 'medium severity', 'moderate severity']","[0.6682901978492737, 0.13591408729553223, 0.13065001368522644, 0.043754663318395615, 0.021391062065958977]",success
facebook_bart,CLASS II DENTOFACIAL ANOMALY.,7cfdb602ce9695a5de7d12e25ba328c0,high severity,0.3475646674633026,"['high severity', 'medium severity', 'moderate severity', 'low severity', 'critical']","[0.3475646674633026, 0.252787321805954, 0.23025649785995483, 0.0887778028845787, 0.08061369508504868]",success
facebook_bart,ANTERIOR CLAMP ON LEFT ANKLE TENDONS.,5323b4e33cc0bb3c2dc9c533d48ba31c,critical,0.43083521723747253,"['critical', 'high severity', 'medium severity', 'moderate severity', 'low severity']","[0.43083521723747253, 0.20396611094474792, 0.17246058583259583, 0.12350708991289139, 0.06923101097345352]",success
facebook_bart,ACETABULAR LABRUM RUPTURE,a8ed4e056f3aecc5178e46e6db6c589f,high severity,0.8595324158668518,"['high severity', 'critical', 'medium severity', 'moderate severity', 'low severity']","[0.8595324158668518, 0.08131101727485657, 0.03170362114906311, 0.015137997455894947, 0.012315033003687859]",success
facebook_bart,FRONTOFACIAL TUMOR,705c979e1d005772d547f397f4bd9b37,high severity,0.6754651665687561,"['high severity', 'critical', 'medium severity', 'moderate severity', 'low severity']","[0.6754651665687561, 0.17667818069458008, 0.06903727352619171, 0.03948729485273361, 0.03933209553360939]",success
facebook_bart,OVRY TUMOR,88169206da30036175f343d93cc32b6c,high severity,0.6911356449127197,"['high severity', 'critical', 'medium severity', 'low severity', 'moderate severity']","[0.6911356449127197, 0.22944466769695282, 0.035955872386693954, 0.024945002049207687, 0.018518809229135513]",success
facebook_bart,CONVULSIVE S. IN STUDY,7f7c346da865af77ad1db4cf028e1aa5,high severity,0.3535958528518677,"['high severity', 'moderate severity', 'low severity', 'medium severity', 'critical']","[0.3535958528518677, 0.2651287019252777, 0.1593034416437149, 0.13834592700004578, 0.08362605422735214]",success
facebook_bart,HYPERTROPHIC SCAR,8fc37e162ccb95d4c63106c8f310d924,high severity,0.7754870057106018,"['high severity', 'critical', 'medium severity', 'low severity', 'moderate severity']","[0.7754870057106018, 0.2026931792497635, 0.008827912621200085, 0.007096989080309868, 0.005894908215850592]",success
facebook_bart,CERVICAL RADICULOPATHY DUE TO NARROW CERVICAL FORAMEN,96a4f99b8d32d7d2f744d7d8374410d2,critical,0.4790068566799164,"['critical', 'high severity', 'medium severity', 'moderate severity', 'low severity']","[0.4790068566799164, 0.3066262900829315, 0.10306611657142639, 0.060421500355005264, 0.05087926238775253]",success
facebook_bart,"HIERTROPHY OF CORNETES, ADENOID S.",4471b3e92683fb85a2b7a4205c4f77bd,high severity,0.6271454095840454,"['high severity', 'critical', 'medium severity', 'moderate severity', 'low severity']","[0.6271454095840454, 0.15342280268669128, 0.12032374739646912, 0.05098067224025726, 0.048127468675374985]",success
facebook_bart,RIGHT HIP COXARTHROSIS,a51f1cf2dd19aac77e7a1f88cc380af9,high severity,0.5664096474647522,"['high severity', 'critical', 'medium severity', 'low severity', 'moderate severity']","[0.5664096474647522, 0.24456533789634705, 0.10766509920358658, 0.04163413494825363, 0.03972580283880234]",success
facebook_bart,PROSTATE HP,29538ef17fe81c17df2d7dca66f08886,high severity,0.6650864481925964,"['high severity', 'medium severity', 'moderate severity', 'low severity', 'critical']","[0.6650864481925964, 0.1560877412557602, 0.0702383890748024, 0.057522036135196686, 0.051065411418676376]",success
facebook_bart,ENDOMETRISOSIS,ac404e17514d7f181ab5a4d978045803,high severity,0.5695407390594482,"['high severity', 'critical', 'medium severity', 'low severity', 'moderate severity']","[0.5695407390594482, 0.2564041018486023, 0.07566092908382416, 0.05833112448453903, 0.04006311297416687]",success
facebook_bart,HT Turbines/BILATATERAL TMJ ALTERATION,7255fc43c7f4bf9604effe14a6ee179f,critical,0.4033147096633911,"['critical', 'high severity', 'medium severity', 'moderate severity', 'low severity']","[0.4033147096633911, 0.2625393569469452, 0.15032994747161865, 0.11956614255905151, 0.06424977630376816]",success
facebook_bart,IRC TERMINAL,b585717e0d276814df5c52f944268549,critical,0.5290449857711792,"['critical', 'high severity', 'low severity', 'moderate severity', 'medium severity']","[0.5290449857711792, 0.4479764699935913, 0.01419763546437025, 0.004885527305305004, 0.003895349334925413]",success
facebook_bart,"UMBILICAL, EPIGASTRIC HERNIA",e8795371d6acc9ef9f3fcaa702b60b16,medium severity,0.47113901376724243,"['medium severity', 'moderate severity', 'high severity', 'critical', 'low severity']","[0.47113901376724243, 0.23970593512058258, 0.17367665469646454, 0.0735502615571022, 0.04192810133099556]",success
facebook_bart,G2P1/EMBZO END,d5e55b33ed598f70f48964c8bd458285,moderate severity,0.3692016005516052,"['moderate severity', 'medium severity', 'critical', 'high severity', 'low severity']","[0.3692016005516052, 0.23854385316371918, 0.16989095509052277, 0.11235308647155762, 0.11001049727201462]",success
facebook_bart,BRONCHOOBSTRUCTIVE DS,fed6ca13afb06de27cfc8b0b96d2f3dd,low severity,0.4229732155799866,"['low severity', 'critical', 'moderate severity', 'high severity', 'medium severity']","[0.4229732155799866, 0.21542252600193024, 0.14772441983222961, 0.10767977684736252, 0.10620003193616867]",success
facebook_bart,LEFT FEMUR LONGITUDINAL REDUCTION DEFECT,eb4feb3ec1405d54a13c60ee7c88bff7,high severity,0.3634754717350006,"['high severity', 'critical', 'medium severity', 'moderate severity', 'low severity']","[0.3634754717350006, 0.26866987347602844, 0.187880277633667, 0.11429937183856964, 0.06567499786615372]",success
facebook_bart,ECTODEMIC DSIPLASI.,1c47617e0044978e56281880484a1fd3,low severity,0.4717008173465729,"['low severity', 'critical', 'high severity', 'medium severity', 'moderate severity']","[0.4717008173465729, 0.1886829286813736, 0.1859210729598999, 0.08914356678724289, 0.06455156952142715]",success
facebook_bart,RIGHT KIDNEY TUMOR,ae031f54cdbf19062c203055c92734a4,high severity,0.37857258319854736,"['high severity', 'critical', 'medium severity', 'moderate severity', 'low severity']","[0.37857258319854736, 0.3083283603191376, 0.13894550502300262, 0.09291602671146393, 0.08123747259378433]",success
facebook_bart,G2P0C2 EMB TO TERM,4848068a14a078326788d96ea9a2dc75,moderate severity,0.6209330558776855,"['moderate severity', 'medium severity', 'critical', 'high severity', 'low severity']","[0.6209330558776855, 0.23829449713230133, 0.0625794306397438, 0.05559799075126648, 0.02259507030248642]",success
facebook_bart,RHYDROURETEONEPHROSIS,19910c2dc052d76f7210c368710ec3fa,high severity,0.48172712326049805,"['high severity', 'critical', 'medium severity', 'low severity', 'moderate severity']","[0.48172712326049805, 0.31255024671554565, 0.1034371629357338, 0.055381592363119125, 0.04690385237336159]",success
facebook_bart,"ASYMPTOMATIC BACTERIURIA, NEPHROLITHIASIS",28437548a69b0b399671c4ae594fd0fc,moderate severity,0.5602172613143921,"['moderate severity', 'medium severity', 'high severity', 'critical', 'low severity']","[0.5602172613143921, 0.22813652455806732, 0.07403896003961563, 0.07204366475343704, 0.06556369364261627]",success
facebook_bart,TUMOR IN LEFT WRIST,4b618dbe3b5145dfd23c237c866e15fe,high severity,0.4838525652885437,"['high severity', 'critical', 'medium severity', 'moderate severity', 'low severity']","[0.4838525652885437, 0.2957683205604553, 0.11210709065198898, 0.05540519952774048, 0.05286682769656181]",success
facebook_bart,SD TRIPLE AAA,cbc2437760eb908e1d1b3848e2565d7e,high severity,0.459249347448349,"['high severity', 'medium severity', 'moderate severity', 'low severity', 'critical']","[0.459249347448349, 0.1660987138748169, 0.1438511461019516, 0.12635669112205505, 0.10444406419992447]",success
facebook_bart,PECTUM EXCAVATUM CORRECTED,7b6006eac12044e9b878ae3109ae59f7,critical,0.3648722767829895,"['critical', 'medium severity', 'high severity', 'moderate severity', 'low severity']","[0.3648722767829895, 0.2118753045797348, 0.21128737926483154, 0.13197998702526093, 0.07998504489660263]",success
facebook_bart,"CHOLELYTHISASIS, GANGLIA IN RETROPERITONEUM.",3c2808caf4a01d876a74c13108d0dc06,medium severity,0.2807080149650574,"['medium severity', 'moderate severity', 'critical', 'low severity', 'high severity']","[0.2807080149650574, 0.23710030317306519, 0.22754469513893127, 0.13250021636486053, 0.12214675545692444]",success
facebook_bart,ADENOID HYPERTROPHY + OTITS MEDIA,f2132105acda70fabe324e3f39af3bd0,high severity,0.7437686324119568,"['high severity', 'critical', 'medium severity', 'moderate severity', 'low severity']","[0.7437686324119568, 0.11369385570287704, 0.07060668617486954, 0.0371919684112072, 0.03473881259560585]",success
facebook_bart,IMPLANTABLE CATHETER,762eafd4d17c811cd39738d33d009827,critical,0.37722247838974,"['critical', 'medium severity', 'moderate severity', 'low severity', 'high severity']","[0.37722247838974, 0.21223348379135132, 0.2108919620513916, 0.12020426243543625, 0.07944784313440323]",success
facebook_bart,TRUMNA RIGHT HAND FINGER,6c98763a847ab7a6fa0ecf9fe555aba6,critical,0.408073753118515,"['critical', 'medium severity', 'high severity', 'moderate severity', 'low severity']","[0.408073753118515, 0.22321827709674835, 0.16326051950454712, 0.13215388357639313, 0.07329357415437698]",success
facebook_bart,HEMAANGIOM,349ca39d3a7bdce6daa013c5064ddc07,medium severity,0.4984746277332306,"['medium severity', 'high severity', 'critical', 'moderate severity', 'low severity']","[0.4984746277332306, 0.22751416265964508, 0.12759995460510254, 0.09970156103372574, 0.04670969396829605]",success
facebook_bart,UTERINE MYOMATORIS.,9cd4f4a166e8a086be9edeff376c2ef6,medium severity,0.3958795964717865,"['medium severity', 'moderate severity', 'high severity', 'low severity', 'critical']","[0.3958795964717865, 0.30209869146347046, 0.11211732774972916, 0.09566228091716766, 0.09424207359552383]",success
facebook_bart,CX EYELIDS,d48ad6d7d88a04edee2c34ea766143b7,medium severity,0.26473182439804077,"['medium severity', 'critical', 'high severity', 'moderate severity', 'low severity']","[0.26473182439804077, 0.2627696096897125, 0.1944664716720581, 0.15635643899440765, 0.12167565524578094]",success
facebook_bart,FRONT SUBGALEAL HEMATOMA,3fd37b0a1f6cd26dbb4beef6b9d675b3,high severity,0.5201278328895569,"['high severity', 'moderate severity', 'medium severity', 'critical', 'low severity']","[0.5201278328895569, 0.2437262088060379, 0.14563101530075073, 0.059444211423397064, 0.031070707365870476]",success
facebook_bart,RIGHT MENISCAL INJURY,6038bc719cd9010af3aface0c2dacec9,moderate severity,0.5684240460395813,"['moderate severity', 'medium severity', 'high severity', 'low severity', 'critical']","[0.5684240460395813, 0.30545198917388916, 0.0650864988565445, 0.0385909229516983, 0.022446516901254654]",success
facebook_bart,T.FALLOT,390b033b97d1ea2a4808150405e5cad8,critical,0.3201011121273041,"['critical', 'low severity', 'high severity', 'medium severity', 'moderate severity']","[0.3201011121273041, 0.2580036520957947, 0.24692918360233307, 0.13159888982772827, 0.04336722940206528]",success
facebook_bart,TUMOE IN FOREARM,b9ea64d4a050bbfb9a112130c80217c2,high severity,0.6600580811500549,"['high severity', 'critical', 'medium severity', 'low severity', 'moderate severity']","[0.6600580811500549, 0.13413669168949127, 0.10596703737974167, 0.06753145903348923, 0.0323067381978035]",success
facebook_bart,ENDOMETRIOSIS,661b9a2797da93ed061c29a18fd95c4b,high severity,0.4866922199726105,"['high severity', 'critical', 'medium severity', 'moderate severity', 'low severity']","[0.4866922199726105, 0.18408960103988647, 0.14504510164260864, 0.0923164114356041, 0.09185672551393509]",success
facebook_bart,CHOLELITHIASIS,c541e66ca1c92be324c8b522ec01480c,high severity,0.28259700536727905,"['high severity', 'low severity', 'critical', 'medium severity', 'moderate severity']","[0.28259700536727905, 0.2624669373035431, 0.21222439408302307, 0.16300490498542786, 0.07970674335956573]",success
facebook_bart,POMEROY TUBAL LIGATION,c187ae9ba2828c8e09aebfc74f1b074b,high severity,0.29603731632232666,"['high severity', 'critical', 'medium severity', 'moderate severity', 'low severity']","[0.29603731632232666, 0.2522226870059967, 0.23522208631038666, 0.13669244945049286, 0.0798255056142807]",success
facebook_bart,ANKLE TX,e523f330a85358fbfa783226a0d5eeeb,critical,0.2881438136100769,"['critical', 'medium severity', 'high severity', 'moderate severity', 'low severity']","[0.2881438136100769, 0.22000707685947418, 0.1975415199995041, 0.18085676431655884, 0.11345085501670837]",success
facebook_bart,CYSTOCELE + HYSTEROCELE,e7089452b6e5f62b27a40929ecd318cd,high severity,0.654829740524292,"['high severity', 'critical', 'medium severity', 'low severity', 'moderate severity']","[0.654829740524292, 0.1505368947982788, 0.10898732393980026, 0.048562075942754745, 0.03708397224545479]",success
facebook_bart,MELANOMA,91c97a02c193be67b3eae00312dadd7c,moderate severity,0.39029571413993835,"['moderate severity', 'medium severity', 'critical', 'high severity', 'low severity']","[0.39029571413993835, 0.2677619159221649, 0.1550014466047287, 0.12096098810434341, 0.06597990542650223]",success
facebook_bart,LEFT CRYPTORCHIDIA,46a1b46f761a5160d3a1ff9b3c4a2b65,critical,0.3328959345817566,"['critical', 'high severity', 'medium severity', 'moderate severity', 'low severity']","[0.3328959345817566, 0.29284989833831787, 0.20493629574775696, 0.11047227680683136, 0.05884561315178871]",success
facebook_bart,EYELID NEVUS/EYELID CHALAZION INF OI,640ac0d62ac2983503bf521f099405e3,high severity,0.38367730379104614,"['high severity', 'critical', 'medium severity', 'moderate severity', 'low severity']","[0.38367730379104614, 0.28227856755256653, 0.17890998721122742, 0.09694308787584305, 0.058191023766994476]",success
facebook_bart,FX RADIO DER,fb919e27db03d5f59ca3cbfac7a15915,critical,0.2887718081474304,"['critical', 'medium severity', 'moderate severity', 'high severity', 'low severity']","[0.2887718081474304, 0.2110578864812851, 0.19315938651561737, 0.15359503030776978, 0.15341582894325256]",success
facebook_bart,BILATERAL CARPAL TUNNEL,c574b142ac73297aac754ec5fe105866,medium severity,0.33917805552482605,"['medium severity', 'moderate severity', 'critical', 'low severity', 'high severity']","[0.33917805552482605, 0.25231748819351196, 0.22259455919265747, 0.09551426768302917, 0.09039556235074997]",success
facebook_bart,G2C1/PREVIOUS CESAREA,1f3b9c0c02d86bc6ce4210ce2b51b357,medium severity,0.3022122085094452,"['medium severity', 'critical', 'moderate severity', 'low severity', 'high severity']","[0.3022122085094452, 0.2277711033821106, 0.18469001352787018, 0.16337811946868896, 0.12194855511188507]",success
facebook_bart,SX ROTATOR Cuff,f807fc619d32d833a55c13db2c9a5c68,high severity,0.38894644379615784,"['high severity', 'critical', 'medium severity', 'moderate severity', 'low severity']","[0.38894644379615784, 0.25393086671829224, 0.15859799087047577, 0.11681775003671646, 0.08170685172080994]",success
facebook_bart,NO ENCONTRADO,b01ce39438c6615de0b8b77853d364ee,low severity,0.5734143853187561,"['low severity', 'high severity', 'medium severity', 'moderate severity', 'critical']","[0.5734143853187561, 0.2614498734474182, 0.08342329412698746, 0.04845994710922241, 0.03325243666768074]",success
facebook_bart,NO ENCONTRADO,b01ce39438c6615de0b8b77853d364ee,low severity,0.5734151005744934,"['low severity', 'high severity', 'medium severity', 'moderate severity', 'critical']","[0.5734151005744934, 0.2614491283893585, 0.08342330157756805, 0.04845993593335152, 0.03325243294239044]",success
facebook_bart,NO ENCONTRADO,b01ce39438c6615de0b8b77853d364ee,low severity,0.5734151005744934,"['low severity', 'high severity', 'medium severity', 'moderate severity', 'critical']","[0.5734151005744934, 0.2614491283893585, 0.08342330157756805, 0.04845993593335152, 0.03325243294239044]",success
facebook_bart,NO ENCONTRADO,b01ce39438c6615de0b8b77853d364ee,low severity,0.5734151005744934,"['low severity', 'high severity', 'medium severity', 'moderate severity', 'critical']","[0.5734151005744934, 0.2614491283893585, 0.08342330157756805, 0.04845993593335152, 0.03325243294239044]",success
facebook_bart,NO ENCONTRADO,b01ce39438c6615de0b8b77853d364ee,low severity,0.5734151005744934,"['low severity', 'high severity', 'medium severity', 'moderate severity', 'critical']","[0.5734151005744934, 0.2614491283893585, 0.08342330157756805, 0.04845993593335152, 0.03325243294239044]",success
facebook_bart,NO ENCONTRADO,b01ce39438c6615de0b8b77853d364ee,low severity,0.5734151005744934,"['low severity', 'high severity', 'medium severity', 'moderate severity', 'critical']","[0.5734151005744934, 0.2614491283893585, 0.08342330157756805, 0.04845993593335152, 0.03325243294239044]",success
facebook_bart,NO ENCONTRADO,b01ce39438c6615de0b8b77853d364ee,low severity,0.5734151005744934,"['low severity', 'high severity', 'medium severity', 'moderate severity', 'critical']","[0.5734151005744934, 0.2614491283893585, 0.08342330157756805, 0.04845993593335152, 0.03325244039297104]",success
facebook_bart,NO ENCONTRADO,b01ce39438c6615de0b8b77853d364ee,low severity,0.5734151601791382,"['low severity', 'high severity', 'medium severity', 'moderate severity', 'critical']","[0.5734151601791382, 0.2614491581916809, 0.08342330902814865, 0.048459939658641815, 0.03325243666768074]",success
facebook_bart,NO ENCONTRADO,b01ce39438c6615de0b8b77853d364ee,low severity,0.5734151005744934,"['low severity', 'high severity', 'medium severity', 'moderate severity', 'critical']","[0.5734151005744934, 0.2614491283893585, 0.08342330157756805, 0.04845993593335152, 0.03325243294239044]",success
facebook_bart,NO ENCONTRADO,b01ce39438c6615de0b8b77853d364ee,low severity,0.5734151005744934,"['low severity', 'high severity', 'medium severity', 'moderate severity', 'critical']","[0.5734151005744934, 0.2614491283893585, 0.08342330157756805, 0.04845993593335152, 0.03325243294239044]",success
facebook_bart,NO ENCONTRADO,b01ce39438c6615de0b8b77853d364ee,low severity,0.5734151005744934,"['low severity', 'high severity', 'medium severity', 'moderate severity', 'critical']","[0.5734151005744934, 0.2614491283893585, 0.08342330157756805, 0.04845993593335152, 0.03325243294239044]",success
facebook_bart,NO ENCONTRADO,b01ce39438c6615de0b8b77853d364ee,low severity,0.5734151005744934,"['low severity', 'high severity', 'medium severity', 'moderate severity', 'critical']","[0.5734151005744934, 0.2614491283893585, 0.08342330157756805, 0.04845993593335152, 0.03325243294239044]",success
facebook_bart,NO ENCONTRADO,b01ce39438c6615de0b8b77853d364ee,low severity,0.5734151005744934,"['low severity', 'high severity', 'medium severity', 'moderate severity', 'critical']","[0.5734151005744934, 0.2614491283893585, 0.08342330157756805, 0.04845993593335152, 0.03325243294239044]",success
facebook_bart,NO ENCONTRADO,b01ce39438c6615de0b8b77853d364ee,low severity,0.573415219783783,"['low severity', 'high severity', 'medium severity', 'moderate severity', 'critical']","[0.573415219783783, 0.2614491581916809, 0.08342329412698746, 0.048459939658641815, 0.03325243666768074]",success
facebook_bart,NO ENCONTRADO,b01ce39438c6615de0b8b77853d364ee,low severity,0.5734151005744934,"['low severity', 'high severity', 'medium severity', 'moderate severity', 'critical']","[0.5734151005744934, 0.2614491283893585, 0.08342330157756805, 0.04845993593335152, 0.03325243294239044]",success
facebook_bart,NO ENCONTRADO,b01ce39438c6615de0b8b77853d364ee,low severity,0.5734151005744934,"['low severity', 'high severity', 'medium severity', 'moderate severity', 'critical']","[0.5734151005744934, 0.2614491283893585, 0.08342330157756805, 0.04845993593335152, 0.03325243294239044]",success
facebook_bart,NO ENCONTRADO,b01ce39438c6615de0b8b77853d364ee,low severity,0.5734151005744934,"['low severity', 'high severity', 'medium severity', 'moderate severity', 'critical']","[0.5734151005744934, 0.2614491283893585, 0.08342330157756805, 0.04845993593335152, 0.03325243294239044]",success
facebook_bart,NO ENCONTRADO,b01ce39438c6615de0b8b77853d364ee,low severity,0.5734151005744934,"['low severity', 'high severity', 'medium severity', 'moderate severity', 'critical']","[0.5734151005744934, 0.2614491283893585, 0.08342330157756805, 0.04845993593335152, 0.03325243294239044]",success
facebook_bart,NO ENCONTRADO,b01ce39438c6615de0b8b77853d364ee,low severity,0.5734151005744934,"['low severity', 'high severity', 'medium severity', 'moderate severity', 'critical']","[0.5734151005744934, 0.2614491283893585, 0.08342330157756805, 0.04845993593335152, 0.03325243294239044]",success
facebook_bart,NO ENCONTRADO,b01ce39438c6615de0b8b77853d364ee,low severity,0.573415219783783,"['low severity', 'high severity', 'medium severity', 'moderate severity', 'critical']","[0.573415219783783, 0.26144909858703613, 0.08342330902814865, 0.048459939658641815, 0.03325244411826134]",success
facebook_bart,TMJ TRAUMA,3f6ee8b7db22eeb75593a4d5ee7e4b27,high severity,0.34793972969055176,"['high severity', 'critical', 'medium severity', 'moderate severity', 'low severity']","[0.34793972969055176, 0.30120769143104553, 0.18633493781089783, 0.11039336025714874, 0.054124318063259125]",success
facebook_bart,PHALANGE OSTEOMYELITIS,709021050ed2a127155da756819b1433,high severity,0.4721962511539459,"['high severity', 'low severity', 'medium severity', 'moderate severity', 'critical']","[0.4721962511539459, 0.21522337198257446, 0.11376489698886871, 0.10389722883701324, 0.09491827338933945]",success
facebook_bart,BARTHOLINE ABSCESS,99e42e7b75df20d179ffa34a7bf55d07,critical,0.27496472001075745,"['critical', 'high severity', 'low severity', 'medium severity', 'moderate severity']","[0.27496472001075745, 0.24531720578670502, 0.22192376852035522, 0.15070103108882904, 0.10709331929683685]",success
facebook_bart,RADIO AND ULNA FRACTURE,1d88403ca22cb0a624b39f0f0341aa22,critical,0.42587870359420776,"['critical', 'medium severity', 'high severity', 'moderate severity', 'low severity']","[0.42587870359420776, 0.20220954716205597, 0.1575053632259369, 0.13466967642307281, 0.07973664999008179]",success
facebook_bart,CRANIAL OSTEOMA,58883b601f5340741f6d44bfb9b1dbf7,critical,0.4586772620677948,"['critical', 'high severity', 'medium severity', 'moderate severity', 'low severity']","[0.4586772620677948, 0.1913202404975891, 0.1580449789762497, 0.11624350398778915, 0.07571406662464142]",success
facebook_bart,HT Turbinates and Adenoids,6b43cbd46a7f1ed0ceddff6970ef6c5f,high severity,0.7817419767379761,"['high severity', 'critical', 'medium severity', 'low severity', 'moderate severity']","[0.7817419767379761, 0.08479589968919754, 0.06227226182818413, 0.03964312747120857, 0.03154674544930458]",success
facebook_bart,FX MIDER,6919d1355b679f9460b3a4890182ca38,low severity,0.354763925075531,"['low severity', 'medium severity', 'moderate severity', 'high severity', 'critical']","[0.354763925075531, 0.30226537585258484, 0.26083698868751526, 0.045653581619262695, 0.03648008406162262]",success
facebook_bart,LEFT SHOULDER JOINT DISLOCATION,8bc827f668a453d818f3bff506e7d734,critical,0.4170765280723572,"['critical', 'medium severity', 'moderate severity', 'high severity', 'low severity']","[0.4170765280723572, 0.19682817161083221, 0.1620977818965912, 0.1426658183336258, 0.08133170753717422]",success
facebook_bart,RIGHT FCT INJURY,640c8eb6319cd224a14fcf7d0dc1c347,high severity,0.27159154415130615,"['high severity', 'critical', 'medium severity', 'moderate severity', 'low severity']","[0.27159154415130615, 0.2416689246892929, 0.22547650337219238, 0.13080985844135284, 0.13045312464237213]",success
facebook_bart,MASS IN FINGER,3e0d8d7449b70c87a2fbb3dea8ba7d12,high severity,0.6233260631561279,"['high severity', 'medium severity', 'critical', 'moderate severity', 'low severity']","[0.6233260631561279, 0.21768327057361603, 0.10602749139070511, 0.028005769476294518, 0.024957451969385147]",success
facebook_bart,CA MAMA,144032538d162f8cdc1296426f2224f6,medium severity,0.3522675335407257,"['medium severity', 'critical', 'moderate severity', 'high severity', 'low severity']","[0.3522675335407257, 0.21052749454975128, 0.18349342048168182, 0.1814456582069397, 0.07226590812206268]",success
facebook_bart,BILATERAL HYDROSALPINX,f8343dfbddab97608200cc353e2ba602,medium severity,0.33385300636291504,"['medium severity', 'moderate severity', 'high severity', 'critical', 'low severity']","[0.33385300636291504, 0.22435888648033142, 0.22178278863430023, 0.11095704138278961, 0.1090482845902443]",success
facebook_bart,LEFT NEPHROLITHIASIS,06b62f65814d51a24d3b8f2e8640a3b0,critical,0.28516340255737305,"['critical', 'medium severity', 'low severity', 'high severity', 'moderate severity']","[0.28516340255737305, 0.22051595151424408, 0.1974157840013504, 0.14909610152244568, 0.14780870079994202]",success
facebook_bart,"HYPOACUSIA, CORNETAL HYPERTROPHY.",1f413e298663932416b7f4afc83e8e1f,high severity,0.8106253743171692,"['high severity', 'critical', 'medium severity', 'moderate severity', 'low severity']","[0.8106253743171692, 0.1061631292104721, 0.0507168248295784, 0.017878690734505653, 0.01461601722985506]",success
facebook_bart,SEQUELS OF TRAUMA IN THE FACE AND MMSS.,ef8708aca6ba98ab0f48dce9d42c4504,moderate severity,0.363114595413208,"['moderate severity', 'high severity', 'medium severity', 'critical', 'low severity']","[0.363114595413208, 0.26680976152420044, 0.23074689507484436, 0.12939132750034332, 0.009937397204339504]",success
facebook_bart,NEUROSENSORY HEARING HEARING,ccb3241336599c2f49f1be40311f5840,critical,0.3276015818119049,"['critical', 'medium severity', 'moderate severity', 'low severity', 'high severity']","[0.3276015818119049, 0.23841796815395355, 0.20978665351867676, 0.11515379697084427, 0.1090400293469429]",success
facebook_bart,MENOMETRORRHAGIA.,187db7e73e14eea6add288e4eca49f87,high severity,0.7336679100990295,"['high severity', 'medium severity', 'critical', 'moderate severity', 'low severity']","[0.7336679100990295, 0.13666872680187225, 0.10166103392839432, 0.014631224796175957, 0.013371102511882782]",success
facebook_bart,"SENIL CATARACT, DIABETIC RETINOPATHY",a7152db84e47e3d3352ac25d8c85f404,high severity,0.4655356705188751,"['high severity', 'critical', 'medium severity', 'moderate severity', 'low severity']","[0.4655356705188751, 0.23683471977710724, 0.15449707210063934, 0.08371539413928986, 0.05941713601350784]",success
facebook_bart,OCULAR CICATRIAL PEMPHIGUS,e5751cc26ca39781d55fc998270fc93a,critical,0.5346733331680298,"['critical', 'medium severity', 'high severity', 'moderate severity', 'low severity']","[0.5346733331680298, 0.17533054947853088, 0.13140487670898438, 0.09369976073503494, 0.06489143520593643]",success
facebook_bart,EVENTRATION OF ADHERENCES,0fec9542ee44dfadf59a05724474bb5e,critical,0.5530545711517334,"['critical', 'moderate severity', 'medium severity', 'low severity', 'high severity']","[0.5530545711517334, 0.185542494058609, 0.1448596566915512, 0.07594013214111328, 0.040603168308734894]",success
facebook_bart,AVULSIVE WOUND IN MAXILLARY DUE TO AF,909013e8c98e8a17a118844282efe9a0,high severity,0.824363112449646,"['high severity', 'critical', 'medium severity', 'low severity', 'moderate severity']","[0.824363112449646, 0.09931502491235733, 0.0584801584482193, 0.009389021433889866, 0.00845265667885542]",success
facebook_bart,CHOLELYTAISIS,7ee35a52ab0c0db6d978b3444fdcc861,high severity,0.48207736015319824,"['high severity', 'critical', 'medium severity', 'low severity', 'moderate severity']","[0.48207736015319824, 0.2869933545589447, 0.15956199169158936, 0.044978100806474686, 0.02638927288353443]",success
facebook_bart,BLADDER TEA,8296eb400540bd1b0a06fc95d399a91a,low severity,0.6976208090782166,"['low severity', 'high severity', 'critical', 'medium severity', 'moderate severity']","[0.6976208090782166, 0.1959584355354309, 0.05954551324248314, 0.030074413865804672, 0.016800764948129654]",success
facebook_bart,ABSORPTION TRANSFER,b2869d43dece25c13bbc6434c89fc76c,critical,0.40274909138679504,"['critical', 'high severity', 'medium severity', 'moderate severity', 'low severity']","[0.40274909138679504, 0.20409898459911346, 0.16139313578605652, 0.15082064270973206, 0.08093814551830292]",success
facebook_bart,DACRYOSTENOSIS OI,1e1900cb1981059f60cc95c86253f34c,high severity,0.4689621329307556,"['high severity', 'critical', 'medium severity', 'low severity', 'moderate severity']","[0.4689621329307556, 0.23658089339733124, 0.12997493147850037, 0.10083483904600143, 0.06364722549915314]",success
facebook_bart,H.INGUINAL+UMBILICAL,5b72af42ef30323ea63bd898c222696b,medium severity,0.3444938659667969,"['medium severity', 'high severity', 'moderate severity', 'critical', 'low severity']","[0.3444938659667969, 0.2999626398086548, 0.23928938806056976, 0.07252245396375656, 0.04373163357377052]",success
facebook_bart,UTERINE MYOMAS,a9f16a47052d2b28dcacf792c757c496,medium severity,0.3134200870990753,"['medium severity', 'high severity', 'moderate severity', 'critical', 'low severity']","[0.3134200870990753, 0.26709404587745667, 0.17445066571235657, 0.16240228712558746, 0.08263281732797623]",success
facebook_bart,CERVICAL DENOPATHIES IN STUDY,4aea252a64bc83b999ddda06a96a03e2,critical,0.4695012867450714,"['critical', 'high severity', 'medium severity', 'low severity', 'moderate severity']","[0.4695012867450714, 0.27418193221092224, 0.10260152071714401, 0.09152141958475113, 0.06219387799501419]",success
facebook_bart,VERY SYMPTOMATIC MULTIPLE MYOMATOSIS,e9ea52462bd7abfba83b0c5b2683f6f8,high severity,0.5164702534675598,"['high severity', 'medium severity', 'critical', 'moderate severity', 'low severity']","[0.5164702534675598, 0.24962960183620453, 0.10519177466630936, 0.10049817711114883, 0.02821020781993866]",success
facebook_bart,TCE,a93108959b74bc7abe4ffb1344be0769,high severity,0.3980255722999573,"['high severity', 'critical', 'medium severity', 'low severity', 'moderate severity']","[0.3980255722999573, 0.2709648609161377, 0.14204765856266022, 0.12201901525259018, 0.06694293022155762]",success
facebook_bart,CONDYLOMATOSIS OF THE MARGIN AND ANAL CANAL.,519f00c06aeab7ba1da3f4c2c128374f,critical,0.3651043176651001,"['critical', 'moderate severity', 'medium severity', 'low severity', 'high severity']","[0.3651043176651001, 0.28125882148742676, 0.1488380879163742, 0.11009187996387482, 0.09470691531896591]",success
facebook_bart,PAINFUL HALLUX VALGUS,0d1ad0819ebde4bd49525fd73e1c5cde,high severity,0.853924036026001,"['high severity', 'critical', 'medium severity', 'low severity', 'moderate severity']","[0.853924036026001, 0.10209715366363525, 0.023248691111803055, 0.011809374205768108, 0.008920795284211636]",success
facebook_bart,CRANIOSYNOSTOSIS,c59c03c77854f9ddc7d9408d608752e4,critical,0.4264492988586426,"['critical', 'high severity', 'medium severity', 'low severity', 'moderate severity']","[0.4264492988586426, 0.38187241554260254, 0.10162795335054398, 0.04630891978740692, 0.04374145343899727]",success
facebook_bart,VULVA LIP ASYMMETRY,9f38e3f3ebbca8503b18eb9874d97412,critical,0.28787025809288025,"['critical', 'moderate severity', 'medium severity', 'high severity', 'low severity']","[0.28787025809288025, 0.27027785778045654, 0.20027457177639008, 0.13705120980739594, 0.10452611744403839]",success
facebook_bart,EYELID PTOSIS.,400887114e3dc23950457b707c015b68,high severity,0.3263885974884033,"['high severity', 'low severity', 'critical', 'medium severity', 'moderate severity']","[0.3263885974884033, 0.23501916229724884, 0.21110661327838898, 0.1467629373073578, 0.08072268217802048]",success
facebook_bart,LEFT HAND TRAUMA.,e09fb376170fd63ab8922d1a2ea0a062,critical,0.36284369230270386,"['critical', 'medium severity', 'moderate severity', 'high severity', 'low severity']","[0.36284369230270386, 0.1998852640390396, 0.19691240787506104, 0.12894533574581146, 0.11141331493854523]",success
facebook_bart,PLACENTARY ACRETISM,20116e411a2b321fd436dabfb90c0add,high severity,0.3340354561805725,"['high severity', 'critical', 'medium severity', 'moderate severity', 'low severity']","[0.3340354561805725, 0.28079795837402344, 0.19007046520709991, 0.10105963051319122, 0.09403644502162933]",success
facebook_bart,ENGINE DEFICIT,2a77840c7f46930ffd6eb2dacc40c1ef,critical,0.6683242321014404,"['critical', 'high severity', 'medium severity', 'moderate severity', 'low severity']","[0.6683242321014404, 0.14063245058059692, 0.09366042166948318, 0.05767626687884331, 0.03970661014318466]",success
facebook_bart,G1P0 EMB 37 SEM,cb9147bd82555ba40404ee6ae2da396e,moderate severity,0.4775067865848541,"['moderate severity', 'medium severity', 'low severity', 'high severity', 'critical']","[0.4775067865848541, 0.328534334897995, 0.11396857351064682, 0.05948229879140854, 0.02050795406103134]",success
facebook_bart,BENIGN HYPERPLASIA OF THE PROSTATE.,6de6fbf51f49952df7b87a18c5be7f4a,high severity,0.4898086488246918,"['high severity', 'critical', 'medium severity', 'moderate severity', 'low severity']","[0.4898086488246918, 0.15319712460041046, 0.1531156748533249, 0.12462203204631805, 0.07925654202699661]",success
facebook_bart,BONE TUMOR IN LEFT FEMUR,26ece4c0a7d6abea8df5a319b32f7855,high severity,0.42942288517951965,"['high severity', 'critical', 'medium severity', 'moderate severity', 'low severity']","[0.42942288517951965, 0.24999018013477325, 0.1654811054468155, 0.09141271561384201, 0.06369311362504959]",success
facebook_bart,G1P0 EMB 38 SEM,a16f79ebea3115c9d3b796dd0c1243e9,moderate severity,0.46378636360168457,"['moderate severity', 'medium severity', 'low severity', 'high severity', 'critical']","[0.46378636360168457, 0.3269779086112976, 0.12299834191799164, 0.0664200708270073, 0.019817298278212547]",success
facebook_bart,NEUROGENIC BLADDER.,72f3fce551f13d3118751055d2f60e5b,high severity,0.41414985060691833,"['high severity', 'critical', 'medium severity', 'low severity', 'moderate severity']","[0.41414985060691833, 0.2589704692363739, 0.13269010186195374, 0.1045282855629921, 0.0896613597869873]",success
facebook_bart,MEDIAL EPICONDILITIS,7d4d806e632ac2db50df939fe0c23c72,high severity,0.47472676634788513,"['high severity', 'critical', 'medium severity', 'moderate severity', 'low severity']","[0.47472676634788513, 0.30393123626708984, 0.17999231815338135, 0.02717982977628708, 0.01416984386742115]",success
facebook_bart,G1P0 EMB 37 SEM,cb9147bd82555ba40404ee6ae2da396e,moderate severity,0.47750648856163025,"['moderate severity', 'medium severity', 'low severity', 'high severity', 'critical']","[0.47750648856163025, 0.32853421568870544, 0.1139691174030304, 0.05948225408792496, 0.020507941022515297]",success
facebook_bart,BASIC CELLULAR CA IN LOWER EYELID RIGHT EYE,8daf2c4da60df50d0d514727e6908703,critical,0.36858129501342773,"['critical', 'medium severity', 'high severity', 'low severity', 'moderate severity']","[0.36858129501342773, 0.19624210894107819, 0.16334961354732513, 0.14684291183948517, 0.1249840259552002]",success
facebook_bart,HIP ARTHROSIS,5a1d29f49115a8d15077224278ee0ecf,high severity,0.525822103023529,"['high severity', 'critical', 'medium severity', 'low severity', 'moderate severity']","[0.525822103023529, 0.229884073138237, 0.11971262097358704, 0.06413570046424866, 0.06044548749923706]",success
facebook_bart,EMB 37 WEEKS,72755eb681a81c70dcbba062a4d40165,moderate severity,0.28356412053108215,"['moderate severity', 'medium severity', 'high severity', 'critical', 'low severity']","[0.28356412053108215, 0.28181159496307373, 0.22427941858768463, 0.11980413645505905, 0.09054071456193924]",success
facebook_bart,"CLEFT OF THE HARD PALATE, BILATERAL",63e4adcbe10342f2405bcabe9e793b2f,moderate severity,0.39539116621017456,"['moderate severity', 'low severity', 'medium severity', 'critical', 'high severity']","[0.39539116621017456, 0.3343448042869568, 0.22105193138122559, 0.02746569737792015, 0.021746370941400528]",success
facebook_bart,CLEFT OF HARD PALATE AND SOFT PALATE,9ce6aa10c2e0f076a9ccbf6ca7632fcd,low severity,0.3452231287956238,"['low severity', 'moderate severity', 'medium severity', 'critical', 'high severity']","[0.3452231287956238, 0.2390327900648117, 0.23369620740413666, 0.13260728120803833, 0.049440525472164154]",success
facebook_bart,CLEFT OF THE HARD PALATE AND BLACK PALATE,b92f75dd5c76f7afc621455d3c21f6a2,low severity,0.3352855443954468,"['low severity', 'medium severity', 'critical', 'moderate severity', 'high severity']","[0.3352855443954468, 0.21938830614089966, 0.18970569968223572, 0.15517491102218628, 0.10044557601213455]",success
facebook_bart,CLEFT OF HARD PALATE AND SOFT PALATE,9ce6aa10c2e0f076a9ccbf6ca7632fcd,low severity,0.34522315859794617,"['low severity', 'moderate severity', 'medium severity', 'critical', 'high severity']","[0.34522315859794617, 0.23903276026248932, 0.23369617760181427, 0.13260726630687714, 0.049440521746873856]",success
facebook_bart,Cleft Shovel,a534415471ada55f03e2eece896d5b26,critical,0.2667574882507324,"['critical', 'medium severity', 'moderate severity', 'low severity', 'high severity']","[0.2667574882507324, 0.21917280554771423, 0.19520284235477448, 0.16927313804626465, 0.14959374070167542]",success
facebook_bart,"CLEFT OF THE HARD PALATE AND THE SOFT PALATE, UNILATERAL",927cd2bfd83c2bc73a7a702b40591a5e,low severity,0.46403029561042786,"['low severity', 'moderate severity', 'medium severity', 'critical', 'high severity']","[0.46403029561042786, 0.2804884612560272, 0.15428125858306885, 0.08132567256689072, 0.019874272868037224]",success
facebook_bart,RIGHT RADIOCUBITAL INSTABILITY,1f12b8322a04b92998ebf7f777e8ddf9,critical,0.4653795063495636,"['critical', 'moderate severity', 'medium severity', 'high severity', 'low severity']","[0.4653795063495636, 0.19119425117969513, 0.17946943640708923, 0.09186584502458572, 0.07209090888500214]",success
facebook_bart,FLATFOOT,da2a46656fc40c97e7f5bbb7afe21da2,low severity,0.2602425813674927,"['low severity', 'medium severity', 'moderate severity', 'critical', 'high severity']","[0.2602425813674927, 0.2294263243675232, 0.20603732764720917, 0.19570057094097137, 0.10859321802854538]",success
facebook_bart,DUPUYTREN'S DISEASE,3fc8483059a0201eff4bfe3100e1ecbe,critical,0.3872312903404236,"['critical', 'high severity', 'medium severity', 'low severity', 'moderate severity']","[0.3872312903404236, 0.2531629800796509, 0.1465732604265213, 0.1167188361287117, 0.09631358087062836]",success
facebook_bart,VOCAL CORD CYST,abcbfd684ed3f47d69131bb203c3b8a0,critical,0.28448113799095154,"['critical', 'high severity', 'medium severity', 'moderate severity', 'low severity']","[0.28448113799095154, 0.20768117904663086, 0.20003187656402588, 0.173095703125, 0.13471010327339172]",success
facebook_bart,TUMOR IN 4 FINGER OF THE RIGHT HAND.,72b49484b268533c0a436e92efb4e708,critical,0.4039938747882843,"['critical', 'high severity', 'medium severity', 'moderate severity', 'low severity']","[0.4039938747882843, 0.35586756467819214, 0.12227629125118256, 0.0653391107916832, 0.052523206919431686]",success
facebook_bart,GIANT CELL TIME,a6934da2361d9d4c86d1f31ccbade2cf,high severity,0.6561588048934937,"['high severity', 'critical', 'medium severity', 'low severity', 'moderate severity']","[0.6561588048934937, 0.2728971540927887, 0.030498044565320015, 0.02160106785595417, 0.018844937905669212]",success
facebook_bart,EOSINOPHILIC ESOPHAGITIS.,bbe4458e645a9a23e003e4d2ac069252,critical,0.30202150344848633,"['critical', 'high severity', 'medium severity', 'moderate severity', 'low severity']","[0.30202150344848633, 0.2697884738445282, 0.15002450346946716, 0.1463855654001236, 0.1317799687385559]",success
facebook_bart,BLADDER POLYPS.,25c91a364d8e1c14b6cf17cbdab094dd,low severity,0.7819949388504028,"['low severity', 'high severity', 'critical', 'medium severity', 'moderate severity']","[0.7819949388504028, 0.12181276082992554, 0.05838427692651749, 0.022807609289884567, 0.015000475570559502]",success
facebook_bart,HEMORRHOIDS AND ANAL FISSURE,98ff9fbbd2643222f9f7595cd9b775d5,high severity,0.509652853012085,"['high severity', 'critical', 'medium severity', 'moderate severity', 'low severity']","[0.509652853012085, 0.2898259162902832, 0.09886525571346283, 0.06075592711567879, 0.040900032967329025]",success
facebook_bart,SQUINT,1de7b0c006e65c47cbc2892cf794b65e,medium severity,0.2688431441783905,"['medium severity', 'high severity', 'moderate severity', 'critical', 'low severity']","[0.2688431441783905, 0.22890907526016235, 0.22049906849861145, 0.16074436902999878, 0.1210043728351593]",success
facebook_bart,ABNORMAL UTERINE HEMORRHAGE.,285e9819981cdc835155a2bfa2495021,moderate severity,0.6330828070640564,"['moderate severity', 'low severity', 'medium severity', 'critical', 'high severity']","[0.6330828070640564, 0.21143293380737305, 0.13211382925510406, 0.01696310192346573, 0.006407313514500856]",success
facebook_bart,ERG,a32a35a0d8b7c3825bd9e6284b3cff93,high severity,0.6840499639511108,"['high severity', 'critical', 'medium severity', 'low severity', 'moderate severity']","[0.6840499639511108, 0.18846634030342102, 0.054574765264987946, 0.05290411412715912, 0.020004870370030403]",success
facebook_bart,LEFT FOOT POLYDACTYLY,1ee28c193014ddc6ef65d157e53a51a1,high severity,0.2658262550830841,"['high severity', 'low severity', 'critical', 'medium severity', 'moderate severity']","[0.2658262550830841, 0.2519308626651764, 0.23032128810882568, 0.16755157709121704, 0.08437003195285797]",success
facebook_bart,TUBEROUS SCLEROSIS,c7ad1dc0af9e7849abc44ab4694147ad,low severity,0.43298831582069397,"['low severity', 'high severity', 'critical', 'medium severity', 'moderate severity']","[0.43298831582069397, 0.22378647327423096, 0.13431762158870697, 0.13091346621513367, 0.07799406349658966]",success
facebook_bart,DISC HERNIATION L4-L5,de05195121d44a0d4f6e4071fb57aec4,low severity,0.3366363048553467,"['low severity', 'medium severity', 'moderate severity', 'critical', 'high severity']","[0.3366363048553467, 0.27893176674842834, 0.14007030427455902, 0.13456931710243225, 0.10979229211807251]",success
facebook_bart,SEPTAL DEVIATION.,4fbda1801184de7763faf9e29cde8759,high severity,0.5103327035903931,"['high severity', 'critical', 'low severity', 'medium severity', 'moderate severity']","[0.5103327035903931, 0.19793815910816193, 0.12171345949172974, 0.11811739951372147, 0.05189824476838112]",success
facebook_bart,SKIN TUMOR,91f914476adc139c46322c6f5894c75f,high severity,0.37547969818115234,"['high severity', 'critical', 'medium severity', 'moderate severity', 'low severity']","[0.37547969818115234, 0.35456207394599915, 0.12070535123348236, 0.0815604031085968, 0.06769249588251114]",success
facebook_bart,ONSTIPATION,237bbd53587fcc9cfaefed0880815a41,critical,0.31950607895851135,"['critical', 'high severity', 'low severity', 'medium severity', 'moderate severity']","[0.31950607895851135, 0.27383652329444885, 0.1608053296804428, 0.1444503366947174, 0.10140172392129898]",success
facebook_bart,POP LIP SURGERY,aa33d51918872619dc29a101beb1a245,critical,0.3761330246925354,"['critical', 'high severity', 'medium severity', 'moderate severity', 'low severity']","[0.3761330246925354, 0.26616370677948, 0.15523451566696167, 0.11466745287179947, 0.08780129998922348]",success
facebook_bart,POP FX RIGHT FEMUR,b0245f9763ad45565725ffb98305f4a5,moderate severity,0.37676897644996643,"['moderate severity', 'critical', 'medium severity', 'high severity', 'low severity']","[0.37676897644996643, 0.2981700599193573, 0.1595458984375, 0.10017435252666473, 0.06534074991941452]",success
facebook_bart,CONJUNCTIVE TUMOR OR I,781768612d3466f6d4bfd35fd3fad8c4,high severity,0.4164598882198334,"['high severity', 'critical', 'medium severity', 'moderate severity', 'low severity']","[0.4164598882198334, 0.37941229343414307, 0.10080040991306305, 0.05595392733812332, 0.04737350717186928]",success
facebook_bart,SUPERNUMERARY INCLUDED TOOTH,879476a0668247f21a5edd2cae783df4,high severity,0.5117820501327515,"['high severity', 'medium severity', 'moderate severity', 'critical', 'low severity']","[0.5117820501327515, 0.15317684412002563, 0.14888979494571686, 0.13960383832454681, 0.04654752090573311]",success
facebook_bart,MYOMATOSIS/ENDOMETRIOSIS,6867b59e2c5d71f20a5a5ba9b9233428,high severity,0.3820823132991791,"['high severity', 'critical', 'medium severity', 'moderate severity', 'low severity']","[0.3820823132991791, 0.22758358716964722, 0.1985650211572647, 0.10318605601787567, 0.08858302980661392]",success
facebook_bart,BILATERAL HYDROSALPINX,f8343dfbddab97608200cc353e2ba602,medium severity,0.33385342359542847,"['medium severity', 'moderate severity', 'high severity', 'critical', 'low severity']","[0.33385342359542847, 0.22435830533504486, 0.22178295254707336, 0.11095687747001648, 0.10904840379953384]",success
facebook_bart,TRAUMATIC CATARACT.,e0ddd39e13cf322e92443c3130f04132,high severity,0.5426838397979736,"['high severity', 'critical', 'medium severity', 'moderate severity', 'low severity']","[0.5426838397979736, 0.3670533299446106, 0.05503739416599274, 0.018381094560027122, 0.01684432476758957]",success
facebook_bart,LEFT DISTAL RADIO FRACTURE,7c5c0900d810f00287634759ce6ccb4f,critical,0.3701893091201782,"['critical', 'medium severity', 'moderate severity', 'high severity', 'low severity']","[0.3701893091201782, 0.21840395033359528, 0.183186337351799, 0.13099004328250885, 0.09723038971424103]",success
facebook_bart,SCAMOCELLULAR CA IN HAND,a25e3b2be24e849bf9ece4fae78361da,high severity,0.5924803614616394,"['high severity', 'critical', 'medium severity', 'low severity', 'moderate severity']","[0.5924803614616394, 0.2778652310371399, 0.0771469995379448, 0.03272151201963425, 0.019785922020673752]",success
facebook_bart,ASTHMA,b262046628b3f5b79c1684a7a62a6f15,high severity,0.3257238566875458,"['high severity', 'medium severity', 'critical', 'low severity', 'moderate severity']","[0.3257238566875458, 0.2541959881782532, 0.21526941657066345, 0.11730147153139114, 0.08750929683446884]",success
facebook_bart,BILIARY TRACT STENOSIS,1df522b10057a4f56468854203f22ee2,critical,0.2599000334739685,"['critical', 'moderate severity', 'medium severity', 'high severity', 'low severity']","[0.2599000334739685, 0.23105964064598083, 0.22220252454280853, 0.1548967957496643, 0.13194096088409424]",success
facebook_bart,BACKACHE,fb2eb5e767821c6abd1848710169bb26,high severity,0.4226216673851013,"['high severity', 'critical', 'medium severity', 'moderate severity', 'low severity']","[0.4226216673851013, 0.35543593764305115, 0.13127635419368744, 0.05247844383120537, 0.03818763792514801]",success
facebook_bart,LIPOMA ON NECK,4c16443bf70619296ebc935735c6f8ef,high severity,0.3929453492164612,"['high severity', 'critical', 'medium severity', 'low severity', 'moderate severity']","[0.3929453492164612, 0.2997742295265198, 0.157838836312294, 0.08078870177268982, 0.06865286827087402]",success
facebook_bart,CHANGING BREAST IMPLANTS,e9ae1549fde5c037027f8d13214a4112,critical,0.3839222192764282,"['critical', 'medium severity', 'high severity', 'moderate severity', 'low severity']","[0.3839222192764282, 0.2624950408935547, 0.1642886996269226, 0.12617549300193787, 0.06311850994825363]",success
facebook_bart,PROBABLE ESOPHAGUS BURN,3c62be237e99f0d9860d911de6ea2aac,critical,0.36384880542755127,"['critical', 'high severity', 'medium severity', 'moderate severity', 'low severity']","[0.36384880542755127, 0.3388814926147461, 0.13356593251228333, 0.08486849814653397, 0.07883519679307938]",success
facebook_bart,LUNG CALCIFIED GRANULOMA,1319a915f01511704a1df55d651fca48,high severity,0.48688191175460815,"['high severity', 'critical', 'low severity', 'medium severity', 'moderate severity']","[0.48688191175460815, 0.21334955096244812, 0.15311363339424133, 0.10944390296936035, 0.03721095994114876]",success
facebook_bart,CHOLELITHIASIS,c541e66ca1c92be324c8b522ec01480c,high severity,0.28259700536727905,"['high severity', 'low severity', 'critical', 'medium severity', 'moderate severity']","[0.28259700536727905, 0.2624669373035431, 0.21222439408302307, 0.16300490498542786, 0.07970676571130753]",success
facebook_bart,NO ENCONTRADO,b01ce39438c6615de0b8b77853d364ee,low severity,0.5734149217605591,"['low severity', 'high severity', 'medium severity', 'moderate severity', 'critical']","[0.5734149217605591, 0.26144939661026, 0.08342325687408447, 0.04845992103219032, 0.033252421766519547]",success
facebook_bart,RIGHT RENAL TUMOR,3f01b8e184d6b74e3bbcba79b114150a,high severity,0.4778277575969696,"['high severity', 'critical', 'medium severity', 'moderate severity', 'low severity']","[0.4778277575969696, 0.22194837033748627, 0.14724546670913696, 0.08833644539117813, 0.06464194506406784]",success
facebook_bart,BENOIGNOUS TUMOR OF THE LEFT KNEE,05a975ea16b4493e8f08a66b82b50e86,high severity,0.278724730014801,"['high severity', 'critical', 'low severity', 'medium severity', 'moderate severity']","[0.278724730014801, 0.22550055384635925, 0.2042289674282074, 0.15589983761310577, 0.13564583659172058]",success
facebook_bart,BILATERAL HAMMER FINGERS,a2b2173ddbba9af679395585dc038c95,medium severity,0.4922313094139099,"['medium severity', 'moderate severity', 'high severity', 'critical', 'low severity']","[0.4922313094139099, 0.234731063246727, 0.18092598021030426, 0.06612546741962433, 0.0259860809892416]",success
facebook_bart,UTERINE MYOMAS,a9f16a47052d2b28dcacf792c757c496,medium severity,0.3134198486804962,"['medium severity', 'high severity', 'moderate severity', 'critical', 'low severity']","[0.3134198486804962, 0.2670941650867462, 0.17445074021816254, 0.16240240633487701, 0.08263285458087921]",success
facebook_bart,PANCREAS INJURY,fae5602bd12d2daab3de01c5ad9f0fbf,high severity,0.39434847235679626,"['high severity', 'medium severity', 'low severity', 'critical', 'moderate severity']","[0.39434847235679626, 0.16411729156970978, 0.1495281606912613, 0.14872238039970398, 0.14328375458717346]",success
facebook_bart,WRIST LIGAMENT RUPTURE,7e6632f60b4836e25aa9807685b3550f,high severity,0.438090443611145,"['high severity', 'medium severity', 'moderate severity', 'critical', 'low severity']","[0.438090443611145, 0.1984746754169464, 0.184180349111557, 0.13690003752708435, 0.04235457256436348]",success
