input_raw,rxnorm_rxcui,rxnorm_name,rxnorm_tty,atc_l1_code,atc_l1_name,atc_l2_code,atc_l2_name,atc_l3_code,atc_l3_name,atc_l4_code,atc_l4_name
losartan 50 mg,979492.0,losartan potassium 50 MG Oral Tablet,SCD,C,,C09,,C09C,,C09CA,"Angiotensin II receptor blockers (ARBs), plain"
Acetaminofen,161.0,acetaminophen,IN,N,,N02,,N02A,,N02AJ,Opioids in combination with non-opioid analgesics
omeprazol,7646.0,omeprazole,IN,A,,A02,,A02B,,A02BC,Proton pump inhibitors
diclofenaco,3355.0,diclofenac,IN,M,,M01,,M01A,,M01AB,Acetic acid derivatives and related substances
insulina nph,317235.0,"insulin isophane, beef",PIN,,,,,,,,
micronutrientes,,,,,,,,,,,
tamoxifeno,10324.0,tamoxifen,IN,L,,L02,,L02B,,L02BA,Anti-estrogens
vit c,1151.0,ascorbic acid,IN,A,,A11,,A11J,,A11JC,"Vitamins, other combinations"
ibuprofeno,5640.0,ibuprofen,IN,N,,N02,,N02A,,N02AJ,Opioids in combination with non-opioid analgesics
flohaler,966524.0,120 ACTUAT budesonide 0.18 MG/ACTUAT Dry Powder Inhaler [Pulmicort],SBD,A,,A07,,A07E,,A07EA,Corticosteroids acting locally
nasacort,153239.0,Nasacort,BN,A,,A01,,A01A,,A01AC,Corticosteroids for local oral treatment
l tiroxina,153970.0,hyoscyamine,IN,A,,A03,,A03B,,A03BA,"Belladonna alkaloids, tertiary amines"
syntroid,224920.0,Synthroid,BN,H,,H03,,H03A,,H03AA,Thyroid hormones
metrotexate,6851.0,methotrexate,IN,L,,L01,,L01B,,L01BA,Folic acid analogues
coverm perindopril amlodipino,1033889.0,amlodipine / perindopril,MIN,C,,C09,,C09B,,C09BB,ACE inhibitors and calcium channel blockers
macitentan,1442132.0,macitentan,IN,C,,C02,,C02K,,C02KX,Antihypertensives for pulmonary arterial hypertension
esomeprazol,283742.0,esomeprazole,IN,A,,A02,,A02B,,A02BC,Proton pump inhibitors
enalapril,3827.0,enalapril,IN,C,,C09,,C09A,,C09AA,"ACE inhibitors, plain"
etoricoxib,307296.0,etoricoxib,IN,M,,M01,,M01A,,M01AH,Coxibs
vitaminas,11246.0,vitamin A,IN,A,,A11,,A11J,,A11JA,Combinations of vitamins
vitamina d,11253.0,vitamin D,IN,,,,,,,,
loratadina,28889.0,loratadine,IN,R,,R06,,R06A,,R06AX,Other antihistamines for systemic use
hierro,90176.0,iron,IN,,,,,,,,
glucosamina,4845.0,glucosamine,IN,M,,M01,,M01A,,M01AX,"Other antiinflammatory and antirheumatic agents, non-steroids"
atorvastatina,83367.0,atorvastatin,IN,C,,C10,,C10B,,C10BA,Combinations of various lipid modifying agents
amlodipino mas valsartan mas hctz,1099282.0,Mielim Y Mas,BN,R,,R05,,R05D,,R05DA,Opium alkaloids and derivatives
valdorsan,,,,,,,,,,,
negativo,,,,,,,,,,,
naproxeno,7258.0,naproxen,IN,M,,M01,,M01A,,M01AE,Propionic acid derivatives
azitromicina,18631.0,azithromycin,IN,J,,J01,,J01F,,J01FA,Macrolides
fluoxetina,4493.0,fluoxetine,IN,N,,N06,,N06A,,N06AB,Selective serotonin reuptake inhibitors
fe,152364.0,Slow-Fe,BN,B,,B03,,B03A,,B03AA,"Iron bivalent, oral preparations"
ver enf actual,1550700.0,Kentucky bluegrass pollen extract 100 IR / orchard grass pollen extract 100 IR / perennial rye grass pollen extract 100 IR / sweet vernal grass pollen extract 100 IR / Timothy grass pollen extract 100 IR Sublingual Tablet,SCD,V,,V01,,V01A,,V01AA,Allergen extracts
dutasteride,228790.0,dutasteride,IN,G,,G04,,G04C,,G04CA,Alpha-adrenoreceptor antagonists
losartan,52175.0,losartan,IN,C,,C09,,C09C,,C09CA,"Angiotensin II receptor blockers (ARBs), plain"
ezitalopram,321988.0,escitalopram,IN,N,,N06,,N06A,,N06AB,Selective serotonin reuptake inhibitors
suplemento vitami nico,11246.0,vitamin A,IN,A,,A11,,A11J,,A11JA,Combinations of vitamins
peg,1310594.0,polyethylene glycol 4000,IN,,,,,,,,
prednisolona mg c dia,1151.0,ascorbic acid,IN,A,,A11,,A11J,,A11JC,"Vitamins, other combinations"
ganoderma,2287734.0,Ganoderma lucidum whole extract,IN,,,,,,,,
tibolona,38260.0,tibolone,IN,G,,G03,,G03C,,G03CX,Other estrogens
referido enf actual,1945047.0,30 ACTUAT fluticasone furoate 0.1 MG/ACTUAT / umeclidinium 0.0625 MG/ACTUAT / vilanterol 0.025 MG/ACTUAT Dry Powder Inhaler,SCD,R,,R03,,R03A,,R03AL,Adrenergics in combination with anticholinergics incl. triple combinations with corticosteroids
ranitidina,9143.0,ranitidine,IN,A,,A02,,A02B,,A02BA,H2-receptor antagonists
levotiroxina,10582.0,levothyroxine,IN,H,,H03,,H03A,,H03AA,Thyroid hormones
dolex,2598449.0,Dodex,BN,B,,B03,,B03B,,B03BA,Vitamin B12 (cyanocobalamin and analogues)
carbamazepina,2002.0,carbamazepine,IN,N,,N03,,N03A,,N03AF,Carboxamide derivatives
engystol,,,,,,,,,,,
lantanoprost,43611.0,latanoprost,IN,S,,S01,,S01E,,S01EE,Prostaglandin analogues
montelukast,88249.0,montelukast,IN,R,,R03,,R03D,,R03DC,Leukotriene receptor antagonists
cetiricina,20610.0,cetirizine,IN,R,,R06,,R06A,,R06AE,Piperazine derivatives
alegra,324026.0,Allegra,BN,R,,R06,,R06A,,R06AX,Other antihistamines for systemic use
colageno,2714.0,collagen,IN,A,,A11,,A11G,,A11GB,"Ascorbic acid (vitamin C), combinations"
pregabalina,187832.0,pregabalin,IN,N,,N02,,N02B,,N02BF,Gabapentinoids
doxofilina,,,,,,,,,,,
tramadol,10689.0,tramadol,IN,N,,N02,,N02A,,N02AX,Other opioids
cursodexaosicolico,,,,,,,,,,,
hiosicna,,,,,,,,,,,
litio,,,,,,,,,,,
avamis,,,,,,,,,,,
hyzaar mg dia,217681.0,Hyzaar,BN,C,,C09,,C09C,,C09CA,"Angiotensin II receptor blockers (ARBs), plain"
aco,,,,,,,,,,,
anexia,2656087.0,acetaminophen / hydrocodone bitartrate Oral Tablet [Anexsia],SBDFP,,,,,,,,
lovastatina,6472.0,lovastatin,IN,C,,C10,,C10A,,C10AA,HMG CoA reductase inhibitors
cefalexina,2231.0,cephalexin,IN,J,,J01,,J01D,,J01DB,First-generation cephalosporins
dimenhidrinato ocasional,3444.0,dimenhydrinate,IN,R,,R06,,R06A,,R06AA,Aminoalkyl ethers
amlodipino,17767.0,amlodipine,IN,C,,C09,,C09D,,C09DX,"Angiotensin II receptor blockers (ARBs), other combinations"
flixotide inh,,,,,,,,,,,
dolof,2711803.0,menthol 0.02 MG/MG / methyl salicylate 0.1 MG/MG Topical Gel,SCD,M,,M02,,M02A,,M02AC,Preparations with salicylic acid derivatives
isoface,,,,,,,,,,,
bella face,1297525.0,bald-faced hornet venom protein,IN,,,,,,,,
ceftriaxona,2193.0,ceftriaxone,IN,J,,J01,,J01D,,J01DD,Third-generation cephalosporins
alendronato,46041.0,alendronate,IN,M,,M05,,M05B,,M05BA,Bisphosphonates
herrex fol,1607001.0,Niva-Fol,BN,B,,B03,,B03B,,B03BA,Vitamin B12 (cyanocobalamin and analogues)
euthirox,217006.0,Euthyrox,BN,H,,H03,,H03A,,H03AA,Thyroid hormones
tacrolimus xl,42316.0,tacrolimus,IN,L,,L04,,L04A,,L04AD,Calcineurin inhibitors
vit,11246.0,vitamin A,IN,A,,A11,,A11J,,A11JA,Combinations of vitamins
colirios,680973.0,Soliris,BN,L,,L04,,L04A,,L04AJ,Complement inhibitors
loperamida,6468.0,loperamide,IN,A,,A07,,A07D,,A07DA,Antipropulsives
ninguno,,,,,,,,,,,
mitrul x,217263.0,Gas-X,BN,A,,A03,,A03A,,A03AX,Other drugs for functional gastrointestinal disorders
insulina glargina,274783.0,insulin glargine,IN,A,,A10,,A10A,,A10AE,"Insulins and analogues for injection, long-acting"
tacte rge,2380356.0,Tact,BN,D,,D04,,D04A,,D04AA,Antihistamines for topical use
propanolol,8787.0,propranolol,IN,C,,C07,,C07A,,C07AA,"Beta blocking agents, non-selective"
losartan mg cada horas,52175.0,losartan,IN,C,,C09,,C09C,,C09CA,"Angiotensin II receptor blockers (ARBs), plain"
paracetamol,161.0,acetaminophen,IN,N,,N02,,N02A,,N02AJ,Opioids in combination with non-opioid analgesics
izoclon,,,,,,,,,,,
ditopax,151651.0,Ditropan,BN,G,,G04,,G04B,,G04BD,Drugs for urinary frequency and incontinence
vitamina c,1151.0,ascorbic acid,IN,A,,A11,,A11J,,A11JC,"Vitamins, other combinations"
anovulatorios,,,,,,,,,,,
spray nasal,126542.0,Nasal Spray,DF,,,,,,,,
magnesio,6574.0,magnesium,IN,,,,,,,,
hormona crecinmieto,1427222.0,parathyroid hormone,IN,H,,H05,,H05A,,H05AA,Parathyroid hormones and analogues
desonida crema,3254.0,desonide,IN,D,,D07,,D07A,,D07AB,"Corticosteroids, moderately potent (group II)"
spray nasal esteroide,2720028.0,menthol 0.0035 MG/MG / petrolatum 0.797 MG/MG / zinc oxide 0.05 MG/MG Rectal Ointment,SCD,D,,D02,,D02A,,D02AB,Zinc products
gemfibrozilo,4719.0,gemfibrozil,IN,C,,C10,,C10A,,C10AB,Fibrates
analgesico,998598.0,Analgesic Balm GRX,BN,M,,M02,,M02A,,M02AC,Preparations with salicylic acid derivatives
nungumo,,,,,,,,,,,
rifax,35619.0,rifaximin,IN,A,,A07,,A07A,,A07AA,Antibiotics
buscapina,1597298.0,acetaminophen 500 MG / caffeine 60 MG / pyrilamine maleate 15 MG Oral Tablet,SCD,N,,N02,,N02B,,N02BE,Anilides
metformina x,217263.0,Gas-X,BN,A,,A03,,A03A,,A03AX,Other drugs for functional gastrointestinal disorders
salbutamol,435.0,albuterol,IN,R,,R03,,R03A,,R03AC,Selective beta-2-adrenoreceptor agonists
buscpaina,1597298.0,acetaminophen 500 MG / caffeine 60 MG / pyrilamine maleate 15 MG Oral Tablet,SCD,N,,N02,,N02B,,N02BE,Anilides
ac valproico,11118.0,valproic acid,PIN,N,,N03,,N03A,,N03AG,Fatty acid derivatives
asa,1191.0,aspirin,IN,N,,N02,,N02B,,N02BA,Salicylic acid and derivatives
medicacion,,,,,,,,,,,
vit d,11253.0,vitamin D,IN,,,,,,,,
sertralina,36437.0,sertraline,IN,N,,N06,,N06A,,N06AB,Selective serotonin reuptake inhibitors
ciclorelax,,,,,,,,,,,
isofaces,,,,,,,,,,,
deflazacort tab x mg tab cada hs,371693.0,deflazacort Oral Tablet,SCDF,H,,H02,,H02A,,H02AB,Glucocorticoids
quimioterapia,,,,,,,,,,,
ver ea,1550700.0,Kentucky bluegrass pollen extract 100 IR / orchard grass pollen extract 100 IR / perennial rye grass pollen extract 100 IR / sweet vernal grass pollen extract 100 IR / Timothy grass pollen extract 100 IR Sublingual Tablet,SCD,V,,V01,,V01A,,V01AA,Allergen extracts
inhaladores symbicort,327148.0,Symbicort,BN,R,,R03,,R03A,,R03AK,"Adrenergics in combination with corticosteroids or other drugs, excl. anticholinergics"
hioscina,9603.0,scopolamine hydrobromide,PIN,A,,A03,,A03C,,A03CB,Belladonna and derivatives in combination with psycholeptics
quetiapina,51272.0,quetiapine,IN,N,,N05,,N05A,,N05AH,"Diazepines, oxazepines, thiazepines and oxepines"
hctz,5487.0,hydrochlorothiazide,IN,C,,C09,,C09D,,C09DX,"Angiotensin II receptor blockers (ARBs), other combinations"
antirretrovirales,,,,,,,,,,,
metformina,6809.0,metformin,IN,A,,A10,,A10B,,A10BD,Combinations of oral blood glucose lowering drugs
salbutamol crisis,435.0,albuterol,IN,R,,R03,,R03A,,R03AC,Selective beta-2-adrenoreceptor agonists
dolfenax,,,,,,,,,,,
levofloxacilina,82122.0,levofloxacin,IN,J,,J01,,J01M,,J01MA,Fluoroquinolones
clonazepam,2598.0,clonazepam,IN,N,,N03,,N03A,,N03AE,Benzodiazepine derivatives
acos,,,,,,,,,,,
glucophage,151827.0,Glucophage,BN,A,,A10,,A10B,,A10BA,Biguanides
synthroid,224920.0,Synthroid,BN,H,,H03,,H03A,,H03AA,Thyroid hormones
celecoxib,140587.0,celecoxib,IN,L,,L01,,L01X,,L01XX,Other antineoplastic agents
ceflexina,2231.0,cephalexin,IN,J,,J01,,J01D,,J01DB,First-generation cephalosporins
tacrolimus,42316.0,tacrolimus,IN,L,,L04,,L04A,,L04AD,Calcineurin inhibitors
clindamicina,2582.0,clindamycin,IN,J,,J01,,J01F,,J01FF,Lincosamides
analgesicos,998598.0,Analgesic Balm GRX,BN,M,,M02,,M02A,,M02AC,Preparations with salicylic acid derivatives
galvsvumet dia,996520.0,dextromethorphan hydrobromide 2 MG/ML / guaifenesin 20 MG/ML Oral Solution,SCD,R,,R05,,R05D,,R05DA,Opium alkaloids and derivatives
fenobarbital,8004.0,pentobarbital,IN,N,,N05,,N05C,,N05CA,"Barbiturates, plain"
alopurinol,519.0,allopurinol,IN,M,,M04,,M04A,,M04AA,Preparations inhibiting uric acid production
losartan mg,52175.0,losartan,IN,C,,C09,,C09C,,C09CA,"Angiotensin II receptor blockers (ARBs), plain"
esomeprzol,283742.0,esomeprazole,IN,A,,A02,,A02B,,A02BC,Proton pump inhibitors
metoprolol tab mg diarias,372891.0,metoprolol Oral Tablet,SCDF,C,,C07,,C07A,,C07AB,"Beta blocking agents, selective"
vitamna,11246.0,vitamin A,IN,A,,A11,,A11J,,A11JA,Combinations of vitamins
enoxaparainna mg sc dia,67108.0,enoxaparin,IN,B,,B01,,B01A,,B01AB,Heparin group
muerdago,,,,,,,,,,,
allupurinol,519.0,allopurinol,IN,M,,M04,,M04A,,M04AA,Preparations inhibiting uric acid production
colmibe,,,,,,,,,,,
enoxaparina,67108.0,enoxaparin,IN,B,,B01,,B01A,,B01AB,Heparin group
somatropina,61148.0,somatropin,IN,H,,H01,,H01A,,H01AC,Somatropin and somatropin agonists
sinalgen,,,,,,,,,,,
crema psoriasis,218148.0,MG 217 Psoriasis,BN,D,,D05,,D05A,,D05AA,Tars
topiramato,38404.0,topiramate,IN,A,,A08,,A08A,,A08AA,Centrally acting antiobesity products
ninugno,,,,,,,,,,,
apronax,,,,,,,,,,,
glucosamina condroitin,4845.0,glucosamine,IN,M,,M01,,M01A,,M01AX,"Other antiinflammatory and antirheumatic agents, non-steroids"
ciprofloxacina,2551.0,ciprofloxacin,IN,S,,S01,,S01A,,S01AE,Fluoroquinolones
bellaface,,,,,,,,,,,
omega ginko bilova,1356135.0,Ginko biloba leaf oil,IN,,,,,,,,
medicamentos osteoporosis,705824.0,100 ML zoledronic acid 0.05 MG/ML Injection,SCD,M,,M05,,M05B,,M05BA,Bisphosphonates
flixotide inhalador,,,,,,,,,,,
keppra,261547.0,Keppra,BN,N,,N03,,N03A,,N03AX,Other antiepileptics
meloxicam,41493.0,meloxicam,IN,M,,M01,,M01A,,M01AC,Oxicams
reutril,,,,,,,,,,,
ketotifeno,6146.0,ketotifen,IN,S,,S01,,S01G,,S01GX,Other antiallergics
azatiprina,1256.0,azathioprine,IN,L,,L04,,L04A,,L04AX,Other immunosuppressants
trayenta duo,1369778.0,Effaclar Duo,BN,D,,D10,,D10A,,D10AE,Peroxides
trazadona,10737.0,trazodone,IN,N,,N06,,N06A,,N06AX,Other antidepressants
ertapenem,325642.0,ertapenem,IN,J,,J01,,J01D,,J01DH,Carbapenems
levotiiroxina,10582.0,levothyroxine,IN,H,,H03,,H03A,,H03AA,Thyroid hormones
belometasona,1347.0,beclomethasone,IN,A,,A07,,A07E,,A07EA,Corticosteroids acting locally
domperidona,3626.0,domperidone,IN,A,,A03,,A03F,,A03FA,Propulsives
haloperidol,5093.0,haloperidol,IN,N,,N05,,N05A,,N05AD,Butyrophenone derivatives
gaviscon,25655.0,Gaviscon,BN,A,,A02,,A02A,,A02AD,"Combinations and complexes of aluminium, calcium and magnesium compounds"
atiretrovirales,,,,,,,,,,,
meformina,6809.0,metformin,IN,A,,A10,,A10B,,A10BD,Combinations of oral blood glucose lowering drugs
micardis,218353.0,Micardis,BN,C,,C09,,C09C,,C09CA,"Angiotensin II receptor blockers (ARBs), plain"
sinvastatina,36567.0,simvastatin,IN,C,,C10,,C10A,,C10AA,HMG CoA reductase inhibitors
harmetone,,,,,,,,,,,
trileptal,261680.0,Trileptal,BN,N,,N03,,N03A,,N03AF,Carboxamide derivatives
lanzoprazol,17128.0,lansoprazole,IN,A,,A02,,A02B,,A02BC,Proton pump inhibitors
janumet,1372738.0,Janumet,BN,A,,A10,,A10B,,A10BD,Combinations of oral blood glucose lowering drugs
losartan mg c horas,52175.0,losartan,IN,C,,C09,,C09C,,C09CA,"Angiotensin II receptor blockers (ARBs), plain"
levotiroxina mcg dia,10582.0,levothyroxine,IN,H,,H03,,H03A,,H03AA,Thyroid hormones
antialergenicos,,,,,,,,,,,
retrovirales,202791.0,Retrovir,BN,J,,J05,,J05A,,J05AF,Nucleoside and nucleotide reverse transcriptase inhibitors
ac folico,4511.0,folic acid,IN,B,,B03,,B03A,,B03AD,Iron in combination with folic acid
excedrin,217020.0,Excedrin,BN,A,,A01,,A01A,,A01AD,Other agents for local oral treatment
ninguo,,,,,,,,,,,
gestavit,,,,,,,,,,,
metimazol,6835.0,methimazole,IN,H,,H03,,H03B,,H03BB,Sulfur-containing imidazole derivatives
prednisona,8640.0,prednisone,IN,H,,H02,,H02A,,H02AB,Glucocorticoids
risperdal,152318.0,Risperdal,BN,N,,N05,,N05A,,N05AX,Other antipsychotics
dolex fote,2598449.0,Dodex,BN,B,,B03,,B03B,,B03BA,Vitamin B12 (cyanocobalamin and analogues)
sulfato ferrosos,24947.0,ferrous sulfate,IN,B,,B03,,B03A,,B03AD,Iron in combination with folic acid
calcio,1895.0,calcium,IN,,,,,,,,
hormonas,1427222.0,parathyroid hormone,IN,H,,H05,,H05A,,H05AA,Parathyroid hormones and analogues
flixotide,,,,,,,,,,,
esomepraxol,283742.0,esomeprazole,IN,A,,A02,,A02B,,A02BC,Proton pump inhibitors
gabapentin,25480.0,gabapentin,IN,N,,N02,,N02B,,N02BF,Gabapentinoids
moltoben,1020364.0,ethanol 0.62 ML/ML Topical Spray,SCD,D,,D08,,D08A,,D08AX,Other antiseptics and disinfectants
medicamento prostata,2669316.0,Flemingia prostrata whole extract,IN,,,,,,,,
calmidol,795480.0,Calcidol,BN,A,,A11,,A11C,,A11CC,Vitamin D and analogues
carvedilol,20352.0,carvedilol,IN,C,,C07,,C07A,,C07AG,Alpha and beta blocking agents
reultril,,,,,,,,,,,
amlodipino mg dia,17767.0,amlodipine,IN,C,,C09,,C09D,,C09DX,"Angiotensin II receptor blockers (ARBs), other combinations"
tamoxifen,10324.0,tamoxifen,IN,L,,L02,,L02B,,L02BA,Anti-estrogens
symbicort inh,1185492.0,Symbicort Inhalant Product,SBDG,R,,R03,,R03A,,R03AK,"Adrenergics in combination with corticosteroids or other drugs, excl. anticholinergics"
sulfato ferroso,2473.0,chondroitin sulfates,IN,M,,M01,,M01A,,M01AX,"Other antiinflammatory and antirheumatic agents, non-steroids"
dhk,,,,,,,,,,,
l tiroina,153970.0,hyoscyamine,IN,A,,A03,,A03B,,A03BA,"Belladonna alkaloids, tertiary amines"
calcitrion,1894.0,calcitriol,IN,A,,A11,,A11C,,A11CC,Vitamin D and analogues
toma medicacion,,,,,,,,,,,
liralgutida inyeccion diaria,,,,,,,,,,,
nignua,,,,,,,,,,,
midazolam mcg kg minuto,6960.0,midazolam,IN,N,,N05,,N05C,,N05CD,Benzodiazepine derivatives
multivitaminicos,313599.0,ascorbic acid 35 MG/ML / cholecalciferol 0.01 MG/ML / vitamin A 0.45 MG/ML Oral Solution,SCD,A,,A11,,A11C,,A11CA,"Vitamin A, plain"
syntrhoid,224920.0,Synthroid,BN,H,,H03,,H03A,,H03AA,Thyroid hormones
cardioasa,1351002.0,Leonurus cardiaca extract,IN,,,,,,,,
salbutamo inh,435.0,albuterol,IN,R,,R03,,R03A,,R03AC,Selective beta-2-adrenoreceptor agonists
nedox,8183.0,phenytoin,IN,N,,N03,,N03A,,N03AB,Hydantoin derivatives
parches codeina,2670.0,codeine,IN,R,,R05,,R05D,,R05DA,Opium alkaloids and derivatives
omega,4301.0,omega-3 fatty acids,IN,,,,,,,,
lamotrigina,28439.0,lamotrigine,IN,N,,N03,,N03A,,N03AX,Other antiepileptics
lansoprazol,17128.0,lansoprazole,IN,A,,A02,,A02B,,A02BC,Proton pump inhibitors
vitams,1716046.0,Vital E- 500,BN,,,,,,,,
dexapron,1358848.0,Exaprin,BN,A,,A01,,A01A,,A01AD,Other agents for local oral treatment
azatioprina,1256.0,azathioprine,IN,L,,L04,,L04A,,L04AX,Other immunosuppressants
divastatina,476349.0,ezetimibe 10 MG / simvastatin 20 MG Oral Tablet,SCD,C,,C10,,C10B,,C10BA,Combinations of various lipid modifying agents
pantoprazol,40790.0,pantoprazole,IN,A,,A02,,A02B,,A02BC,Proton pump inhibitors
lactulax,1311289.0,Lactuca virosa extract,IN,,,,,,,,
tofacinib,1357536.0,tofacitinib,IN,L,,L04,,L04A,,L04AF,Janus-associated kinase (JAK) inhibitors
enalapril mg dia,3827.0,enalapril,IN,C,,C09,,C09A,,C09AA,"ACE inhibitors, plain"
budesonida inhalador,19831.0,budesonide,IN,A,,A07,,A07E,,A07EA,Corticosteroids acting locally
memantina,6719.0,memantine,IN,N,,N06,,N06D,,N06DA,Anticholinesterases
tinidazol,10612.0,tinidazole,IN,G,,G01,,G01A,,G01AF,Imidazole derivatives
acetaminofen codeina,161.0,acetaminophen,IN,N,,N02,,N02A,,N02AJ,Opioids in combination with non-opioid analgesics
urocuad,,,,,,,,,,,
estaphen,2626481.0,Euthaphen,BN,N,,N05,,N05C,,N05CA,"Barbiturates, plain"
modiretic,2657096.0,amiloride hydrochloride / hydrochlorothiazide Oral Tablet [Moduretic],SBDFP,,,,,,,,
topiramato veces dia,38404.0,topiramate,IN,A,,A08,,A08A,,A08AA,Centrally acting antiobesity products
dorixina relax,197502.0,chlorzoxazone 500 MG Oral Tablet,SCD,M,,M03,,M03B,,M03BB,"Oxazol, thiazine, and triazine derivatives"
vitamina,11246.0,vitamin A,IN,A,,A11,,A11J,,A11JA,Combinations of vitamins
melatonina,6711.0,melatonin,IN,N,,N05,,N05C,,N05CX,"Hypnotics and sedatives in combination, excl. barbiturates"
anotado ea,,,,,,,,,,,
esomprazol,283742.0,esomeprazole,IN,A,,A02,,A02B,,A02BC,Proton pump inhibitors
c folico,1151.0,ascorbic acid,IN,A,,A11,,A11J,,A11JC,"Vitamins, other combinations"
aspirina,198471.0,aspirin 500 MG Oral Tablet,SCD,A,,A01,,A01A,,A01AD,Other agents for local oral treatment
trimetropin sulfametoxazol,10180.0,sulfamethoxazole,IN,J,,J01,,J01E,,J01EC,Intermediate-acting sulfonamides
valproico,11118.0,valproic acid,PIN,N,,N03,,N03A,,N03AG,Fatty acid derivatives
cefazolina,2180.0,cefazolin,IN,J,,J01,,J01D,,J01DB,First-generation cephalosporins
xanax dia,202363.0,Xanax,BN,N,,N05,,N05B,,N05BA,Benzodiazepine derivatives
ninguna,,,,,,,,,,,
furoato fluticasona,705022.0,fluticasone furoate,PIN,R,,R03,,R03A,,R03AK,"Adrenergics in combination with corticosteroids or other drugs, excl. anticholinergics"
pancreogen natural,33093.0,peppermint preparation,IN,,,,,,,,
micofenolato,,,,,,,,,,,
furosemida x,217263.0,Gas-X,BN,A,,A03,,A03A,,A03AX,Other drugs for functional gastrointestinal disorders
amitriptilina,704.0,amitriptyline,IN,N,,N06,,N06A,,N06AA,Non-selective monoamine reuptake inhibitors
metarsal,,,,,,,,,,,
glucosamine,4845.0,glucosamine,IN,M,,M01,,M01A,,M01AX,"Other antiinflammatory and antirheumatic agents, non-steroids"
testosterona,10379.0,testosterone,IN,G,,G03,,G03B,,G03BA,3-oxoandrosten (4) derivatives
enf actual,1945047.0,30 ACTUAT fluticasone furoate 0.1 MG/ACTUAT / umeclidinium 0.0625 MG/ACTUAT / vilanterol 0.025 MG/ACTUAT Dry Powder Inhaler,SCD,R,,R03,,R03A,,R03AL,Adrenergics in combination with anticholinergics incl. triple combinations with corticosteroids
antihistaminico,1366495.0,Ahist Antihistamine,BN,R,,R06,,R06A,,R06AE,Piperazine derivatives
nifedipinno tacrolimus,42316.0,tacrolimus,IN,L,,L04,,L04A,,L04AD,Calcineurin inhibitors
metoprolol,6918.0,metoprolol,IN,C,,C07,,C07F,,C07FB,Beta blocking agents and calcium channel blockers
escitalopram,321988.0,escitalopram,IN,N,,N06,,N06A,,N06AB,Selective serotonin reuptake inhibitors
atomoseptina,38400.0,atomoxetine,IN,N,,N06,,N06B,,N06BA,Centrally acting sympathomimetics
flunaricina,4459.0,flunarizine,IN,N,,N07,,N07C,,N07CA,Antivertigo preparations
olmetec amlodipino,17767.0,amlodipine,IN,C,,C09,,C09D,,C09DX,"Angiotensin II receptor blockers (ARBs), other combinations"
vit colageno,11246.0,vitamin A,IN,A,,A11,,A11J,,A11JA,Combinations of vitamins
apixaban,1364430.0,apixaban,IN,B,,B01,,B01A,,B01AF,Direct factor Xa inhibitors
valerina acos,253206.0,valerian root extract,IN,N,,N05,,N05C,,N05CM,Other hypnotics and sedatives
duloxetina,72625.0,duloxetine,IN,N,,N06,,N06A,,N06AX,Other antidepressants
esomeprazo,283742.0,esomeprazole,IN,A,,A02,,A02B,,A02BC,Proton pump inhibitors
duodart,,,,,,,,,,,
esomeprazol mg dia,283742.0,esomeprazole,IN,A,,A02,,A02B,,A02BC,Proton pump inhibitors
precuror lineas celulares,1307645.0,Aspalathus linearis leaf extract,IN,,,,,,,,
janumet dos dia,1372738.0,Janumet,BN,A,,A10,,A10B,,A10BD,Combinations of oral blood glucose lowering drugs
analgesicos acetaminofen naproxen,1008561.0,acetaminophen / naproxen,MIN,N,,N02,,N02B,,N02BE,Anilides
inhaladores salbutamol,435.0,albuterol,IN,R,,R03,,R03A,,R03AC,Selective beta-2-adrenoreceptor agonists
pilocarpina,8328.0,pilocarpine,IN,S,,S01,,S01E,,S01EB,Parasympathomimetics
losartan mg c,52175.0,losartan,IN,C,,C09,,C09C,,C09CA,"Angiotensin II receptor blockers (ARBs), plain"
sofosbuvir daclatasvir,1606218.0,daclatasvir,IN,J,,J05,,J05A,,J05AP,Antivirals for treatment of HCV infections
valproex,11118.0,valproic acid,PIN,N,,N03,,N03A,,N03AG,Fatty acid derivatives
misorpolol,,,,,,,,,,,
amoxacilina,,,,,,,,,,,
tamsulosina,77492.0,tamsulosin,IN,G,,G04,,G04C,,G04CA,Alpha-adrenoreceptor antagonists
ciclobenzaprina,21949.0,cyclobenzaprine,IN,M,,M03,,M03B,,M03BX,Other centrally acting agents
losartan mg dia,52175.0,losartan,IN,C,,C09,,C09C,,C09CA,"Angiotensin II receptor blockers (ARBs), plain"
inhaladores sabe,,,,,,,,,,,
asa susp,1191.0,aspirin,IN,N,,N02,,N02B,,N02BA,Salicylic acid and derivatives
pediavit,352877.0,PEDIARIX,BN,J,,J07,,J07A,,J07AF,Diphtheria vaccines
efesor,,,,,,,,,,,
betaloc,2655450.0,metoprolol tartrate Oral Tablet [Betaloc],SBDFP,,,,,,,,
hallopurinol,519.0,allopurinol,IN,M,,M04,,M04A,,M04AA,Preparations inhibiting uric acid production
symbicort inhalador,327148.0,Symbicort,BN,R,,R03,,R03A,,R03AK,"Adrenergics in combination with corticosteroids or other drugs, excl. anticholinergics"
levotiroxina x,217263.0,Gas-X,BN,A,,A03,,A03A,,A03AX,Other drugs for functional gastrointestinal disorders
cardioaspirina susp hace,308416.0,aspirin 81 MG Delayed Release Oral Tablet,SCD,B,,B01,,B01A,,B01AC,Platelet aggregation inhibitors excl. heparin
norfloxacina,7517.0,norfloxacin,IN,J,,J01,,J01M,,J01MA,Fluoroquinolones
diclofenac,3355.0,diclofenac,IN,M,,M01,,M01A,,M01AB,Acetic acid derivatives and related substances
depakene,216459.0,Depakote,BN,N,,N03,,N03A,,N03AG,Fatty acid derivatives
alprazolam,596.0,alprazolam,IN,N,,N05,,N05B,,N05BA,Benzodiazepine derivatives
antix,1541087.0,Anti Bac,BN,D,,D02,,D02A,,D02AF,Salicylic acid preparations
furoao mometasona,108118.0,mometasone,IN,R,,R03,,R03A,,R03AK,"Adrenergics in combination with corticosteroids or other drugs, excl. anticholinergics"
eutirox,217006.0,Euthyrox,BN,H,,H03,,H03A,,H03AA,Thyroid hormones
risperidona,35636.0,risperidone,IN,N,,N05,,N05A,,N05AX,Other antipsychotics
ketoconazol,6135.0,ketoconazole,IN,D,,D01,,D01A,,D01AC,Imidazole and triazole derivatives
levodopa,6375.0,levodopa,IN,N,,N04,,N04B,,N04BA,Dopa and dopa derivatives
atorvastina,83367.0,atorvastatin,IN,C,,C10,,C10B,,C10BA,Combinations of various lipid modifying agents
hormona creciemiento,1427222.0,parathyroid hormone,IN,H,,H05,,H05A,,H05AA,Parathyroid hormones and analogues
kasilan,,,,,,,,,,,
amitriptilina mg c h,1151.0,ascorbic acid,IN,A,,A11,,A11J,,A11JC,"Vitamins, other combinations"
ahora toma medicacion,215168.0,Alora,BN,G,,G03,,G03C,,G03CA,"Natural and semisynthetic estrogens, plain"
fencafen,24830.0,fenbufen,IN,M,,M01,,M01A,,M01AE,Propionic acid derivatives
carduran,196468.0,Cardura,BN,C,,C02,,C02C,,C02CA,Alpha-adrenoreceptor antagonists
exforge htcz,722127.0,Exforge,BN,C,,C08,,C08C,,C08CA,Dihydropyridine derivatives
plavix,174742.0,Plavix,BN,B,,B01,,B01A,,B01AC,Platelet aggregation inhibitors excl. heparin
esforge amlodipino valsartan hidroclorotiazida,852897.0,amlodipine / hydrochlorothiazide / valsartan,MIN,C,,C08,,C08C,,C08CA,Dihydropyridine derivatives
farma d,11253.0,vitamin D,IN,,,,,,,,
omperazol,2003656.0,omeprazole 20 MG Disintegrating Oral Tablet,SCD,A,,A02,,A02B,,A02BC,Proton pump inhibitors
hyzaar tab dia,217681.0,Hyzaar,BN,C,,C09,,C09C,,C09CA,"Angiotensin II receptor blockers (ARBs), plain"
verapamilo mg cada horas,11170.0,verapamil,IN,C,,C08,,C08D,,C08DA,Phenylalkylamine derivatives
esteroide nasal,2720028.0,menthol 0.0035 MG/MG / petrolatum 0.797 MG/MG / zinc oxide 0.05 MG/MG Rectal Ointment,SCD,D,,D02,,D02A,,D02AB,Zinc products
allegra,324026.0,Allegra,BN,R,,R06,,R06A,,R06AX,Other antihistamines for systemic use
propanolol suspendido,8787.0,propranolol,IN,C,,C07,,C07A,,C07AA,"Beta blocking agents, non-selective"
beclometasona nasal inhalada,370992.0,beclomethasone Nasal Spray,SCDF,A,,A07,,A07E,,A07EA,Corticosteroids acting locally
valcote,304959.0,Valcyte,BN,J,,J05,,J05A,,J05AB,Nucleosides and nucleotides excl. reverse transcriptase inhibitors
amoxal,,,,,,,,,,,
fenitoina,8183.0,phenytoin,IN,N,,N03,,N03A,,N03AB,Hydantoin derivatives
desloratadina,275635.0,desloratadine,IN,R,,R01,,R01B,,R01BA,Sympathomimetics
caprimida d,11253.0,vitamin D,IN,,,,,,,,
losartan mg dua,52175.0,losartan,IN,C,,C09,,C09C,,C09CA,"Angiotensin II receptor blockers (ARBs), plain"
propranolol,8787.0,propranolol,IN,C,,C07,,C07A,,C07AA,"Beta blocking agents, non-selective"
metotrexate,6851.0,methotrexate,IN,L,,L01,,L01B,,L01BA,Folic acid analogues
anastrazol,84857.0,anastrozole,IN,L,,L02,,L02B,,L02BG,Aromatase inhibitors
cabergolina,47579.0,cabergoline,IN,N,,N04,,N04B,,N04BC,Dopamine agonists
insulina detemir und noche,139825.0,insulin detemir,IN,A,,A10,,A10A,,A10AE,"Insulins and analogues for injection, long-acting"
daflon tab cada dia,996520.0,dextromethorphan hydrobromide 2 MG/ML / guaifenesin 20 MG/ML Oral Solution,SCD,R,,R05,,R05D,,R05DA,Opium alkaloids and derivatives
tizafen,,,,,,,,,,,
galvus met,602411.0,Actoplus Met,BN,A,,A10,,A10B,,A10BG,Thiazolidinediones
virtaminas,,,,,,,,,,,
cloruro magnesio,6574.0,magnesium,IN,,,,,,,,
betaloc zok mg c horas,1151.0,ascorbic acid,IN,A,,A11,,A11J,,A11JC,"Vitamins, other combinations"
anemidox,2655813.0,amiodarone hydrochloride Oral Tablet [Amidox],SBDFP,,,,,,,,
hotms,,,,,,,,,,,
vortioxetina,1455099.0,vortioxetine,IN,N,,N06,,N06A,,N06AX,Other antidepressants
verapamilo,11170.0,verapamil,IN,C,,C08,,C08D,,C08DA,Phenylalkylamine derivatives
atorvastatina x,217263.0,Gas-X,BN,A,,A03,,A03A,,A03AX,Other drugs for functional gastrointestinal disorders
insulina detemir,139825.0,insulin detemir,IN,A,,A10,,A10A,,A10AE,"Insulins and analogues for injection, long-acting"
eutirox x,217263.0,Gas-X,BN,A,,A03,,A03A,,A03AX,Other drugs for functional gastrointestinal disorders
angelic,2690789.0,angelicin,IN,,,,,,,,
nalatelle,352790.0,Natelle,BN,A,,A11,,A11G,,A11GA,"Ascorbic acid (vitamin C), plain"
vyctosa,,,,,,,,,,,
perlas ajo,2056696.0,Ajovy,BN,N,,N02,,N02C,,N02CD,Calcitonin gene-related peptide (CGRP) antagonists
proteinas,8834.0,protein C,IN,B,,B02,,B02B,,B02BD,Blood coagulation factors
vertinon,203001.0,Mestinon,BN,N,,N07,,N07A,,N07AA,Anticholinesterases
spray mometasona,1797864.0,mometasone Metered Dose Nasal Spray,SCDF,D,,D07,,D07A,,D07AC,"Corticosteroids, potent (group III)"
epax,,,,,,,,,,,
eutirox mcg,217006.0,Euthyrox,BN,H,,H03,,H03A,,H03AA,Thyroid hormones
microginon,,,,,,,,,,,
insulina lantus,261551.0,Lantus,BN,A,,A10,,A10A,,A10AE,"Insulins and analogues for injection, long-acting"
gemfibrozill,4719.0,gemfibrozil,IN,C,,C10,,C10A,,C10AB,Fibrates
anticonceptivos,,,,,,,,,,,
analgesicos oicasionalmente,998598.0,Analgesic Balm GRX,BN,M,,M02,,M02A,,M02AC,Preparations with salicylic acid derivatives
somazina,,,,,,,,,,,
qlaira,,,,,,,,,,,
l dopa carbidopa,6876.0,methyldopa,IN,C,,C02,,C02A,,C02AB,Methyldopa
gotas oftalmicas,2688947.0,250 ML dibasic potassium phosphate 4.72 MG/ML / monobasic potassium phosphate 4.48 MG/ML Injection,SCD,B,,B05,,B05B,,B05BB,Solutions affecting the electrolyte balance
sinogan,,,,,,,,,,,
cefalexina manana termina tto,2231.0,cephalexin,IN,J,,J01,,J01D,,J01DB,First-generation cephalosporins
isofen,2657574.0,diclofenac sodium Delayed Release Oral Tablet [Isclofen],SBDFP,,,,,,,,
vitamina b,11251.0,vitamin B complex,IN,,,,,,,,
buscapina ocasional,1597298.0,acetaminophen 500 MG / caffeine 60 MG / pyrilamine maleate 15 MG Oral Tablet,SCD,N,,N02,,N02B,,N02BE,Anilides
cetirizina,20610.0,cetirizine,IN,R,,R06,,R06A,,R06AE,Piperazine derivatives
orales,2711539.0,Streptococcus oralis,IN,,,,,,,,
zinnat cefuroxime axetil,20493.0,cefuroxime axetil,PIN,J,,J01,,J01D,,J01DC,Second-generation cephalosporins
rosuvastatina,301542.0,rosuvastatin,IN,C,,C10,,C10A,,C10AA,HMG CoA reductase inhibitors
timolol gotas,10600.0,timolol,IN,C,,C07,,C07A,,C07AA,"Beta blocking agents, non-selective"
symbicort,327148.0,Symbicort,BN,R,,R03,,R03A,,R03AK,"Adrenergics in combination with corticosteroids or other drugs, excl. anticholinergics"
ibuprofen ocasional,5640.0,ibuprofen,IN,N,,N02,,N02A,,N02AJ,Opioids in combination with non-opioid analgesics
enalapril metoprolol,3827.0,enalapril,IN,C,,C09,,C09A,,C09AA,"ACE inhibitors, plain"
esomeprazole,283742.0,esomeprazole,IN,A,,A02,,A02B,,A02BC,Proton pump inhibitors
gabapentina,25480.0,gabapentin,IN,N,,N02,,N02B,,N02BF,Gabapentinoids
gotex,996581.0,Zotex C,BN,R,,R05,,R05D,,R05DA,Opium alkaloids and derivatives
medicamento oncologico ca mama,1425175.0,Healthy Mama,BN,A,,A02,,A02A,,A02AC,Calcium compounds
ginkgo biloba,236809.0,Ginkgo biloba extract,IN,,,,,,,,
budesonida,19831.0,budesonide,IN,A,,A07,,A07E,,A07EA,Corticosteroids acting locally
leche magnesio,6574.0,magnesium,IN,,,,,,,,
vitaminas transfer,1151.0,ascorbic acid,IN,A,,A11,,A11J,,A11JC,"Vitamins, other combinations"
anatrozol,84857.0,anastrozole,IN,L,,L02,,L02B,,L02BG,Aromatase inhibitors
trazodona,10737.0,trazodone,IN,N,,N06,,N06A,,N06AX,Other antidepressants
medicacion uso cronico,,,,,,,,,,,
prednisolona,8638.0,prednisolone,IN,H,,H02,,H02A,,H02AB,Glucocorticoids
factores transferencia,5920.0,intrinsic factor,IN,B,,B03,,B03A,,B03AE,Iron in other combinations
fidestarine,,,,,,,,,,,
anticonceptivos orales,,,,,,,,,,,
ketotifeno ocasional,6146.0,ketotifen,IN,S,,S01,,S01G,,S01GX,Other antiallergics
aminoacidos,,,,,,,,,,,
nitrofurantoina,7454.0,nitrofurantoin,IN,J,,J01,,J01X,,J01XE,Nitrofuran derivatives
adalimumab,327361.0,adalimumab,IN,L,,L04,,L04A,,L04AB,Tumor necrosis factor alpha (TNF-alpha) inhibitors
esomet,,,,,,,,,,,
montelukast suspendido,88249.0,montelukast,IN,R,,R03,,R03D,,R03DC,Leukotriene receptor antagonists
enalparil mg,3827.0,enalapril,IN,C,,C09,,C09A,,C09AA,"ACE inhibitors, plain"
vitaminas hierro,90176.0,iron,IN,,,,,,,,
mucocina,,,,,,,,,,,
colageno biotina,1588.0,biotin,IN,B,,B03,,B03A,,B03AE,Iron in other combinations
vit c omega colageno,1151.0,ascorbic acid,IN,A,,A11,,A11J,,A11JC,"Vitamins, other combinations"
levetiracetam,114477.0,levetiracetam,IN,N,,N03,,N03A,,N03AX,Other antiepileptics
vitaminas omega,4301.0,omega-3 fatty acids,IN,,,,,,,,
metacarbamol,6845.0,methocarbamol,IN,M,,M03,,M03B,,M03BA,Carbamic acid esters
estrogenos conjugadas,4099.0,"estrogens, conjugated (USP)",IN,G,,G03,,G03F,,G03FA,"Progestogens and estrogens, fixed combinations"
polivitaminico,,,,,,,,,,,
metrin l,153970.0,hyoscyamine,IN,A,,A03,,A03B,,A03BA,"Belladonna alkaloids, tertiary amines"
dorexina relax,197502.0,chlorzoxazone 500 MG Oral Tablet,SCD,M,,M03,,M03B,,M03BB,"Oxazol, thiazine, and triazine derivatives"
cetrizina,20610.0,cetirizine,IN,R,,R06,,R06A,,R06AE,Piperazine derivatives
levotiroxina mcg,10582.0,levothyroxine,IN,H,,H03,,H03A,,H03AA,Thyroid hormones
montelukast mg dia,88249.0,montelukast,IN,R,,R03,,R03D,,R03DC,Leukotriene receptor antagonists
eutirox mcg lunes viernes mcg sabados domingos,966177.0,levothyroxine sodium 0.1 MG Oral Tablet [Euthyrox],SBD,H,,H03,,H03A,,H03AA,Thyroid hormones
enzimas,,,,,,,,,,,
acido valproico,11118.0,valproic acid,PIN,N,,N03,,N03A,,N03AG,Fatty acid derivatives
duspatalin,,,,,,,,,,,
quimiotera pia vimblastina,11198.0,vinblastine,IN,L,,L01,,L01C,,L01CA,Vinca alkaloids and analogues
captopril,1998.0,captopril,IN,C,,C09,,C09B,,C09BA,ACE inhibitors and diuretics
lexapro,352741.0,Lexapro,BN,N,,N06,,N06A,,N06AB,Selective serotonin reuptake inhibitors
acetazolamida,167.0,acetazolamide,IN,S,,S01,,S01E,,S01EC,Carbonic anhydrase inhibitors
jardianse metoformina tab vo dia,372803.0,metformin Oral Tablet,SCDF,A,,A10,,A10B,,A10BA,Biguanides
oxicodona suspendida,7804.0,oxycodone,IN,N,,N02,,N02A,,N02AJ,Opioids in combination with non-opioid analgesics
ursacol,2045735.0,ursadiol,IN,,,,,,,,
colegeno,2277550.0,ethanol 0.72 ML/ML Topical Gel,SCD,D,,D08,,D08A,,D08AX,Other antiseptics and disinfectants
targin,2656113.0,naloxone hydrochloride / oxycodone hydrochloride Extended Release Oral Tablet [Targiniq],SBDFP,,,,,,,,
penicilina,7984.0,penicillin V,IN,J,,J01,,J01C,,J01CE,Beta-lactamase sensitive penicillins
atorvastatina mg,83367.0,atorvastatin,IN,C,,C10,,C10B,,C10BA,Combinations of various lipid modifying agents
kepra dia,261547.0,Keppra,BN,N,,N03,,N03A,,N03AX,Other antiepileptics
nimesulida,53694.0,nimesulide,IN,M,,M01,,M01A,,M01AX,"Other antiinflammatory and antirheumatic agents, non-steroids"
fluticasona,41126.0,fluticasone,IN,R,,R03,,R03A,,R03AK,"Adrenergics in combination with corticosteroids or other drugs, excl. anticholinergics"
minoxidil,6984.0,minoxidil,IN,C,,C02,,C02D,,C02DC,Pyrimidine derivatives
cefalexina hace semana,2231.0,cephalexin,IN,J,,J01,,J01D,,J01DB,First-generation cephalosporins
ulipristar,1005921.0,ulipristal,IN,G,,G03,,G03A,,G03AD,Emergency contraceptives
jbe parra tos,2467144.0,para-cresol,IN,,,,,,,,
salbutamol necesidad,435.0,albuterol,IN,R,,R03,,R03A,,R03AC,Selective beta-2-adrenoreceptor agonists
hidrocortisona,5492.0,hydrocortisone,IN,C,,C05,,C05A,,C05AA,Corticosteroids
enguystol,,,,,,,,,,,
meds ahora,215168.0,Alora,BN,G,,G03,,G03C,,G03CA,"Natural and semisynthetic estrogens, plain"
clopidogrel,32968.0,clopidogrel,IN,B,,B01,,B01A,,B01AC,Platelet aggregation inhibitors excl. heparin
lantus,261551.0,Lantus,BN,A,,A10,,A10A,,A10AE,"Insulins and analogues for injection, long-acting"
clavulin,48203.0,clavulanate,IN,J,,J01,,J01C,,J01CR,"Combinations of penicillins, incl. beta-lactamase inhibitors"
arcoxia ocasional,,,,,,,,,,,
dorixina,,,,,,,,,,,
zolof,82728.0,Zoloft,BN,N,,N06,,N06A,,N06AB,Selective serotonin reuptake inhibitors
eltroxin,2607026.0,Fluroxin,BN,,,,,,,,
asa mg,1191.0,aspirin,IN,N,,N02,,N02B,,N02BA,Salicylic acid and derivatives
losartan x am,52175.0,losartan,IN,C,,C09,,C09C,,C09CA,"Angiotensin II receptor blockers (ARBs), plain"
esomeprazol mg,283742.0,esomeprazole,IN,A,,A02,,A02B,,A02BC,Proton pump inhibitors
med diarrea,2658810.0,loperamide hydrochloride Oral Solution [Anti-Diarrhea],SBDFP,,,,,,,,
med prostata,2669316.0,Flemingia prostrata whole extract,IN,,,,,,,,
desvenlafaxina,734064.0,desvenlafaxine,IN,N,,N06,,N06A,,N06AX,Other antidepressants
med biologico,2637767.0,beremagene geperpavec-svdt 5000000000 UNT/ML Topical Suspension [Vyjuvek],SBD,D,,D03,,D03A,,D03AX,Other cicatrizants
estrogenos,4100.0,estrogens,IN,G,,G03,,G03E,,G03EA,Androgens and estrogens
aines,763481.0,Dermoplast Pain,BN,C,,C05,,C05A,,C05AD,Local anesthetics
quimioterapia finalizo,,,,,,,,,,,
glucosamone,4845.0,glucosamine,IN,M,,M01,,M01A,,M01AX,"Other antiinflammatory and antirheumatic agents, non-steroids"
anotados,,,,,,,,,,,
pec,308762.0,bismuth subsalicylate 17.5 MG/ML Oral Suspension,SCD,A,,A07,,A07B,,A07BB,Bismuth preparations
quertipina,,,,,,,,,,,
tofasitimib,1357536.0,tofacitinib,IN,L,,L04,,L04A,,L04AF,Janus-associated kinase (JAK) inhibitors
lactulosa,6218.0,lactulose,IN,A,,A06,,A06A,,A06AD,Osmotically acting laxatives
ab termino,2101278.0,Crotalidae immune F(ab')2 Injection [Anavip],SBDF,J,,J06,,J06A,,J06AA,Immune sera
novaldex,,,,,,,,,,,
tolisumab,819300.0,golimumab,IN,L,,L04,,L04A,,L04AB,Tumor necrosis factor alpha (TNF-alpha) inhibitors
novorapid,,,,,,,,,,,
macrodantina,203054.0,Macrodantin,BN,J,,J01,,J01X,,J01XE,Nitrofuran derivatives
bisacodilo ocasional,1596.0,bisacodyl,IN,A,,A06,,A06A,,A06AB,Contact laxatives
clexane,,,,,,,,,,,
multivitamiicos,313599.0,ascorbic acid 35 MG/ML / cholecalciferol 0.01 MG/ML / vitamin A 0.45 MG/ML Oral Solution,SCD,A,,A11,,A11C,,A11CA,"Vitamin A, plain"
dolex forte,202844.0,Pred Forte,BN,S,,S01,,S01B,,S01BA,"Corticosteroids, plain"
fenofibrato,8703.0,fenofibrate,IN,C,,C10,,C10A,,C10AB,Fibrates
mirabegron,1300786.0,mirabegron,IN,G,,G04,,G04B,,G04BD,Drugs for urinary frequency and incontinence
centrum silver,2606543.0,silver,IN,D,,D08,,D08A,,D08AL,Silver compounds
loratadina ocasional,28889.0,loratadine,IN,R,,R06,,R06A,,R06AX,Other antihistamines for systemic use
segregan,,,,,,,,,,,
gestavid,,,,,,,,,,,
trazodone,10737.0,trazodone,IN,N,,N06,,N06A,,N06AX,Other antidepressants
sildenafil,136411.0,sildenafil,IN,G,,G04,,G04B,,G04BE,Drugs used in erectile dysfunction
levotiroxinca,,,,,,,,,,,
naperoxeno,7258.0,naproxen,IN,M,,M01,,M01A,,M01AE,Propionic acid derivatives
lyrica,593441.0,Lyrica,BN,N,,N02,,N02B,,N02BF,Gabapentinoids
vit b,11251.0,vitamin B complex,IN,,,,,,,,
vit d tab uds tres semanales,11253.0,vitamin D,IN,,,,,,,,
mometasin,108118.0,mometasone,IN,R,,R03,,R03A,,R03AK,"Adrenergics in combination with corticosteroids or other drugs, excl. anticholinergics"
diclofenaco ocasional,3355.0,diclofenac,IN,M,,M01,,M01A,,M01AB,Acetic acid derivatives and related substances
cefalexina tto cronico osteomielitis,2231.0,cephalexin,IN,J,,J01,,J01D,,J01DB,First-generation cephalosporins
suplemento hormonal menopausia,1427222.0,parathyroid hormone,IN,H,,H05,,H05A,,H05AA,Parathyroid hormones and analogues
centrum,1376087.0,Cestrum latifolium leaf extract,IN,,,,,,,,
bisacodilo,1596.0,bisacodyl,IN,A,,A06,,A06A,,A06AB,Contact laxatives
tmp sx,10829.0,trimethoprim,IN,J,,J01,,J01E,,J01EE,"Combinations of sulfonamides and trimethoprim, incl. derivatives"
disalgem max,,,,,,,,,,,
gewlicart,,,,,,,,,,,
medicamenso homeopaticos,285167.0,Urtica urens homeopathic preparation,IN,,,,,,,,
farmade,,,,,,,,,,,
omega vit b d c,11251.0,vitamin B complex,IN,,,,,,,,
pec constipacion,308762.0,bismuth subsalicylate 17.5 MG/ML Oral Suspension,SCD,A,,A07,,A07B,,A07BB,Bismuth preparations
lumbal,1997510.0,camphor 0.005 MG/MG / menthol 0.025 MG/MG Medicated Patch,SCD,M,,M02,,M02A,,M02AX,Other topical products for joint and muscular pain
diosmina,3489.0,diosmin,IN,C,,C05,,C05C,,C05CA,Bioflavonoids
caltrate d cada horas,1372696.0,Caltrate Plus D,BN,A,,A12,,A12A,,A12AX,"Calcium, combinations with vitamin D and/or other drugs"
insulina apidra,607583.0,Apidra,BN,A,,A10,,A10A,,A10AB,"Insulins and analogues for injection, fast-acting"
warfarina,11289.0,warfarin,IN,B,,B01,,B01A,,B01AA,Vitamin K antagonists
esteroide spray nasal,2720028.0,menthol 0.0035 MG/MG / petrolatum 0.797 MG/MG / zinc oxide 0.05 MG/MG Rectal Ointment,SCD,D,,D02,,D02A,,D02AB,Zinc products
loratadina mg dia,28889.0,loratadine,IN,R,,R06,,R06A,,R06AX,Other antihistamines for systemic use
prazocin,8629.0,prazosin,IN,C,,C02,,C02C,,C02CA,Alpha-adrenoreceptor antagonists
sevedol,2656855.0,morphine sulfate Oral Tablet [Sevredol],SBDFP,,,,,,,,
diovan,216652.0,Diovan,BN,C,,C09,,C09C,,C09CA,"Angiotensin II receptor blockers (ARBs), plain"
losartan htcz,52175.0,losartan,IN,C,,C09,,C09C,,C09CA,"Angiotensin II receptor blockers (ARBs), plain"
complejo b,11248.0,vitamin B12,IN,B,,B03,,B03B,,B03BA,Vitamin B12 (cyanocobalamin and analogues)
lanzoprasol,17128.0,lansoprazole,IN,A,,A02,,A02B,,A02BC,Proton pump inhibitors
metrotexato,6851.0,methotrexate,IN,L,,L01,,L01B,,L01BA,Folic acid analogues
rituximab,121191.0,rituximab,IN,L,,L01,,L01F,,L01FA,CD20 (Clusters of Differentiation 20) inhibitors
clozapina,2626.0,clozapine,IN,N,,N05,,N05A,,N05AH,"Diazepines, oxazepines, thiazepines and oxepines"
sumatriptan ocasional,37418.0,sumatriptan,IN,N,,N02,,N02C,,N02CC,Selective serotonin (5HT1) agonists
factor transfgerencia,5920.0,intrinsic factor,IN,B,,B03,,B03A,,B03AE,Iron in other combinations
enalapril mg x,3827.0,enalapril,IN,C,,C09,,C09A,,C09AA,"ACE inhibitors, plain"
acetaminofen tramadol,352362.0,acetaminophen / tramadol,MIN,N,,N02,,N02A,,N02AX,Other opioids
diclo codeina,2670.0,codeine,IN,R,,R05,,R05D,,R05DA,Opium alkaloids and derivatives
betametasona,1514.0,betamethasone,IN,D,,D07,,D07B,,D07BC,"Corticosteroids, potent, combinations with antiseptics"
winadeine,,,,,,,,,,,
cefalexina cc dosis dia,2231.0,cephalexin,IN,J,,J01,,J01D,,J01DB,First-generation cephalosporins
naproxeno ocasional,7258.0,naproxen,IN,M,,M01,,M01A,,M01AE,Propionic acid derivatives
rosubastatina,301542.0,rosuvastatin,IN,C,,C10,,C10A,,C10AA,HMG CoA reductase inhibitors
ferritina,405075.0,Ferrimin 150,BN,B,,B03,,B03A,,B03AA,"Iron bivalent, oral preparations"
antigripales,,,,,,,,,,,
biotina,1588.0,biotin,IN,B,,B03,,B03A,,B03AE,Iron in other combinations
verapamilo mg am,11170.0,verapamil,IN,C,,C08,,C08D,,C08DA,Phenylalkylamine derivatives
anticonceptivo oral,,,,,,,,,,,
insulina glulisina,400008.0,"insulin glulisine, human",IN,A,,A10,,A10A,,A10AB,"Insulins and analogues for injection, fast-acting"
libertrim,100213.0,Bifidobacterium infantis,IN,,,,,,,,
micronitirentes,,,,,,,,,,,
saxenda,1598264.0,Saxenda,BN,A,,A10,,A10B,,A10BJ,Glucagon-like peptide-1 (GLP-1) analogues
uroxacin,3925.0,enoxacin,IN,J,,J01,,J01M,,J01MA,Fluoroquinolones
enterogermina,,,,,,,,,,,
ondansetron,26225.0,ondansetron,IN,A,,A04,,A04A,,A04AA,Serotonin (5HT3) antagonists
lipitor,153165.0,Lipitor,BN,C,,C10,,C10A,,C10AA,HMG CoA reductase inhibitors
eutirox mcg dia,217006.0,Euthyrox,BN,H,,H03,,H03A,,H03AA,Thyroid hormones
rge,,,,,,,,,,,
tiroxina,728656.0,Tirosint,BN,H,,H03,,H03A,,H03AA,Thyroid hormones
yax,,,,,,,,,,,
arcoxia,,,,,,,,,,,
azatriopina,1256.0,azathioprine,IN,L,,L04,,L04A,,L04AX,Other immunosuppressants
cloroquina,2393.0,chloroquine,IN,P,,P01,,P01B,,P01BB,Biguanides
insulina tuyeo,253182.0,"insulin, regular, human",IN,A,,A10,,A10A,,A10AD,"Insulins and analogues for injection, intermediate- or long-acting combined with fast-acting"
levomepromazina,6852.0,methotrimeprazine,IN,N,,N05,,N05A,,N05AA,Phenothiazines with aliphatic side-chain
medicamento digestion,1310754.0,inulin 200 MG / Lacticaseibacillus rhamnosus GG 10000000000 UNT Oral Capsule,SCD,,,,,,,,
hebalife,,,,,,,,,,,
roacutan veces mes,2637531.0,Limosilactobacillus fermentum ME-3,PIN,,,,,,,,
lanzoprazol x,217263.0,Gas-X,BN,A,,A03,,A03A,,A03AX,Other drugs for functional gastrointestinal disorders
propoanolol,8787.0,propranolol,IN,C,,C07,,C07A,,C07AA,"Beta blocking agents, non-selective"
loratadina x,217263.0,Gas-X,BN,A,,A03,,A03A,,A03AX,Other drugs for functional gastrointestinal disorders
yasminic,748857.0,{21 (drospirenone 3 MG / ethinyl estradiol 0.03 MG Oral Tablet) / 7 (inert ingredients 1 MG Oral Tablet) } Pack [Yasmin 28 Day],BPCK,G,,G03,,G03A,,G03AC,Progestogens
palexis,,,,,,,,,,,
vitaminas fe,152364.0,Slow-Fe,BN,B,,B03,,B03A,,B03AA,"Iron bivalent, oral preparations"
nimesulide,53694.0,nimesulide,IN,M,,M01,,M01A,,M01AX,"Other antiinflammatory and antirheumatic agents, non-steroids"
timilol gotas,10600.0,timolol,IN,C,,C07,,C07A,,C07AA,"Beta blocking agents, non-selective"
flutocasona inh,1165655.0,fluticasone Inhalant Product,SCDG,R,,R03,,R03B,,R03BA,Glucocorticoids
clorfernerimnamina,,,,,,,,,,,
salbutamol inh necesidad,435.0,albuterol,IN,R,,R03,,R03A,,R03AC,Selective beta-2-adrenoreceptor agonists
brupenorfina,,,,,,,,,,,
levotiroxina ug,10582.0,levothyroxine,IN,H,,H03,,H03A,,H03AA,Thyroid hormones
ac tranexamico,10691.0,tranexamic acid,IN,B,,B02,,B02A,,B02AA,Amino acids
verapamilo mg,11170.0,verapamil,IN,C,,C08,,C08D,,C08DA,Phenylalkylamine derivatives
nexium,284799.0,Nexium,BN,A,,A02,,A02B,,A02BC,Proton pump inhibitors
escitaopram,321988.0,escitalopram,IN,N,,N06,,N06A,,N06AB,Selective serotonin reuptake inhibitors
ningunos,,,,,,,,,,,
analeiscos,,,,,,,,,,,
betalock soc,2655450.0,metoprolol tartrate Oral Tablet [Betaloc],SBDFP,,,,,,,,
medrol,202702.0,Medrol,BN,H,,H02,,H02A,,H02AB,Glucocorticoids
rifampicina,9384.0,rifampin,IN,J,,J04,,J04A,,J04AM,Combinations of drugs for treatment of tuberculosis
motelukast,88249.0,montelukast,IN,R,,R03,,R03D,,R03DC,Leukotriene receptor antagonists
valsartan,69749.0,valsartan,IN,C,,C09,,C09C,,C09CA,"Angiotensin II receptor blockers (ARBs), plain"
rivastigmina,183379.0,rivastigmine,IN,N,,N06,,N06D,,N06DA,Anticholinesterases
losaran mg dia,52175.0,losartan,IN,C,,C09,,C09C,,C09CA,"Angiotensin II receptor blockers (ARBs), plain"
duodar,,,,,,,,,,,
ver enfer actual,1550700.0,Kentucky bluegrass pollen extract 100 IR / orchard grass pollen extract 100 IR / perennial rye grass pollen extract 100 IR / sweet vernal grass pollen extract 100 IR / Timothy grass pollen extract 100 IR Sublingual Tablet,SCD,V,,V01,,V01A,,V01AA,Allergen extracts
milanta,1040045.0,Milantex,BN,A,,A02,,A02A,,A02AF,Antacids with antiflatulents
mometasona nasal,1165392.0,mometasone Nasal Product,SCDG,D,,D07,,D07A,,D07AC,"Corticosteroids, potent (group III)"
vitaminos fe,152364.0,Slow-Fe,BN,B,,B03,,B03A,,B03AA,"Iron bivalent, oral preparations"
daflon,,,,,,,,,,,
hiderax,,,,,,,,,,,
calcio vitaminas,1895.0,calcium,IN,,,,,,,,
acido folico,4511.0,folic acid,IN,B,,B03,,B03A,,B03AD,Iron in combination with folic acid
lipoblue,,,,,,,,,,,
carvedilol x,20352.0,carvedilol,IN,C,,C07,,C07A,,C07AG,Alpha and beta blocking agents
doxiciclina x,217263.0,Gas-X,BN,A,,A03,,A03A,,A03AX,Other drugs for functional gastrointestinal disorders
lansoprazole,17128.0,lansoprazole,IN,A,,A02,,A02B,,A02BC,Proton pump inhibitors
fluoxetina x,217263.0,Gas-X,BN,A,,A03,,A03A,,A03AX,Other drugs for functional gastrointestinal disorders
olmetec,,,,,,,,,,,
dialisis peritoneal diaria,1100746.0,calcium chloride 0.00232 MEQ/ML / icodextrin 75 MG/ML / magnesium chloride 0.000533 MEQ/ML / sodium chloride 0.0915 MEQ/ML / sodium lactate 0.04 MEQ/ML Injectable Solution [Extraneal],SBD,A,,A12,,A12A,,A12AA,Calcium
mylanta,314216.0,simethicone 80 MG Chewable Tablet,SCD,A,,A03,,A03A,,A03AX,Other drugs for functional gastrointestinal disorders
amlodipino valsartan,729455.0,amlodipine / valsartan,MIN,C,,C08,,C08C,,C08CA,Dihydropyridine derivatives
candersartan,214354.0,candesartan,IN,C,,C09,,C09C,,C09CA,"Angiotensin II receptor blockers (ARBs), plain"
bilastina,,,,,,,,,,,
losartan amlodipino,52175.0,losartan,IN,C,,C09,,C09C,,C09CA,"Angiotensin II receptor blockers (ARBs), plain"
buscapina compuesta,1426782.0,Ulva compressa extract,IN,,,,,,,,
ensomeprazol,283742.0,esomeprazole,IN,A,,A02,,A02B,,A02BC,Proton pump inhibitors
acotol hormonas,1427222.0,parathyroid hormone,IN,H,,H05,,H05A,,H05AA,Parathyroid hormones and analogues
vita d,801169.0,Vita-Respa,BN,B,,B03,,B03B,,B03BA,Vitamin B12 (cyanocobalamin and analogues)
deflazacort,22396.0,deflazacort,IN,H,,H02,,H02A,,H02AB,Glucocorticoids
analgeiscos,,,,,,,,,,,
cetirizin,20610.0,cetirizine,IN,R,,R06,,R06A,,R06AE,Piperazine derivatives
ericox,,,,,,,,,,,
diane,800041.0,Dianeal PD-2/2.5,BN,A,,A12,,A12A,,A12AA,Calcium
telmislartan,73494.0,telmisartan,IN,C,,C09,,C09C,,C09CA,"Angiotensin II receptor blockers (ARBs), plain"
dimenhidrato,,,,,,,,,,,
mesalazina mg u dia,52582.0,mesalamine,IN,A,,A07,,A07E,,A07EC,Aminosalicylic acid and similar agents
latanos oftalmica,852746.0,eastern sycamore pollen extract,IN,V,,V01,,V01A,,V01AA,Allergen extracts
gap,,,,,,,,,,,
ibuprofen,5640.0,ibuprofen,IN,N,,N02,,N02A,,N02AJ,Opioids in combination with non-opioid analgesics
isoniacida,6038.0,isoniazid,IN,J,,J04,,J04A,,J04AC,Hydrazides
leuprolide,42375.0,leuprolide,IN,L,,L02,,L02A,,L02AE,Gonadotropin releasing hormone analogues
irbesartan,83818.0,irbesartan,IN,C,,C09,,C09C,,C09CA,"Angiotensin II receptor blockers (ARBs), plain"
mirtazapina,15996.0,mirtazapine,IN,N,,N06,,N06A,,N06AX,Other antidepressants
tansulocina,,,,,,,,,,,
fluticasona inh,41126.0,fluticasone,IN,R,,R03,,R03A,,R03AK,"Adrenergics in combination with corticosteroids or other drugs, excl. anticholinergics"
adelle mini,2654738.0,oxymetazoline hydrochloride Nasal Solution [Iliadin Mini],SBDFP,,,,,,,,
b cort,405371.0,U-Cort,BN,D,,D07,,D07A,,D07AA,"Corticosteroids, weak (group I)"
dienomet,22968.0,dienogest,IN,G,,G03,,G03D,,G03DB,Pregnadien derivatives
referidos enf actual,1945047.0,30 ACTUAT fluticasone furoate 0.1 MG/ACTUAT / umeclidinium 0.0625 MG/ACTUAT / vilanterol 0.025 MG/ACTUAT Dry Powder Inhaler,SCD,R,,R03,,R03A,,R03AL,Adrenergics in combination with anticholinergics incl. triple combinations with corticosteroids
quercetol etolamina etamsilato,9060.0,quercetin,IN,A,,A11,,A11J,,A11JC,"Vitamins, other combinations"
suspendio terapia hormononal hace meses,1427222.0,parathyroid hormone,IN,H,,H05,,H05A,,H05AA,Parathyroid hormones and analogues
inhalador budesonida formoterol,389132.0,budesonide / formoterol,MIN,R,,R03,,R03A,,R03AK,"Adrenergics in combination with corticosteroids or other drugs, excl. anticholinergics"
citragel,1362890.0,citral,IN,,,,,,,,
siliramina,,,,,,,,,,,
productos naturales,1089808.0,Tears Naturale PM,BN,S,,S01,,S01X,,S01XA,Other ophthalmologicals
nimodipino,7426.0,nimodipine,IN,C,,C08,,C08C,,C08CA,Dihydropyridine derivatives
mesalazina,52582.0,mesalamine,IN,A,,A07,,A07E,,A07EC,Aminosalicylic acid and similar agents
quimio junio,214953.0,Absorbine Jr.,BN,M,,M02,,M02A,,M02AX,Other topical products for joint and muscular pain
colchicina,2683.0,colchicine,IN,M,,M04,,M04A,,M04AC,Preparations with no effect on uric acid metabolism
yasminiq,748857.0,{21 (drospirenone 3 MG / ethinyl estradiol 0.03 MG Oral Tablet) / 7 (inert ingredients 1 MG Oral Tablet) } Pack [Yasmin 28 Day],BPCK,G,,G03,,G03A,,G03AC,Progestogens
tramadol ocasional,10689.0,tramadol,IN,N,,N02,,N02A,,N02AX,Other opioids
esomperazol,283742.0,esomeprazole,IN,A,,A02,,A02B,,A02BC,Proton pump inhibitors
terapia reemplazo enzimatico,1544274.0,hydrolyzed sericin (enzymatic; 2500 MW),IN,,,,,,,,
sprya mometasona nasal,1165392.0,mometasone Nasal Product,SCDG,D,,D07,,D07A,,D07AC,"Corticosteroids, potent (group III)"
acetaminofen codeinda,161.0,acetaminophen,IN,N,,N02,,N02A,,N02AJ,Opioids in combination with non-opioid analgesics
acetaminofen ocasional,161.0,acetaminophen,IN,N,,N02,,N02A,,N02AJ,Opioids in combination with non-opioid analgesics
omega equinacea,4301.0,omega-3 fatty acids,IN,,,,,,,,
eutirox tab mcg cada dia,966177.0,levothyroxine sodium 0.1 MG Oral Tablet [Euthyrox],SBD,H,,H03,,H03A,,H03AA,Thyroid hormones
insomnio,,,,,,,,,,,
udca mg,11065.0,ursodiol,PIN,A,,A05,,A05A,,A05AA,Bile acids and derivatives
vit c d,11253.0,vitamin D,IN,,,,,,,,
salmeterol fluticasona mcg puff cada horas fi,284635.0,fluticasone / salmeterol,MIN,R,,R03,,R03A,,R03AK,"Adrenergics in combination with corticosteroids or other drugs, excl. anticholinergics"
flunarizina mg,4459.0,flunarizine,IN,N,,N07,,N07C,,N07CA,Antivertigo preparations
zopliclona,40001.0,zopiclone,IN,N,,N05,,N05C,,N05CF,Benzodiazepine related drugs
ketotifeno dias,6146.0,ketotifen,IN,S,,S01,,S01G,,S01GX,Other antiallergics
vit acido folico,4511.0,folic acid,IN,B,,B03,,B03A,,B03AD,Iron in combination with folic acid
gemifibrozilo,4719.0,gemfibrozil,IN,C,,C10,,C10A,,C10AB,Fibrates
prazosina,8629.0,prazosin,IN,C,,C02,,C02C,,C02CA,Alpha-adrenoreceptor antagonists
acetamnofen,161.0,acetaminophen,IN,N,,N02,,N02A,,N02AJ,Opioids in combination with non-opioid analgesics
critantec colirio,1046700.0,glycerin 2.5 MG/ML / naphazoline hydrochloride 0.12 MG/ML Ophthalmic Solution,SCD,S,,S01,,S01G,,S01GA,Sympathomimetics used as decongestants
tamsulon duo,1369778.0,Effaclar Duo,BN,D,,D10,,D10A,,D10AE,Peroxides
mometasona spray nasal,1797864.0,mometasone Metered Dose Nasal Spray,SCDF,D,,D07,,D07A,,D07AC,"Corticosteroids, potent (group III)"
ginofer,,,,,,,,,,,
brobioticos,1301664.0,Rezyst Probiotic,BN,A,,A07,,A07F,,A07FA,Antidiarrheal microorganisms
mezalazina,52582.0,mesalamine,IN,A,,A07,,A07E,,A07EC,Aminosalicylic acid and similar agents
clorferinamina,,,,,,,,,,,
mometasona,108118.0,mometasone,IN,R,,R03,,R03A,,R03AK,"Adrenergics in combination with corticosteroids or other drugs, excl. anticholinergics"
dabigatran,1546356.0,dabigatran,IN,,,,,,,,
abiraterona mg,1100072.0,abiraterone,IN,L,,L02,,L02B,,L02BX,Other hormone antagonists and related agents
litagliptina,1100699.0,linagliptin,IN,A,,A10,,A10B,,A10BH,Dipeptidyl peptidase 4 (DPP-4) inhibitors
inhalador,,,,,,,,,,,
venlafaxina,39786.0,venlafaxine,IN,N,,N06,,N06A,,N06AX,Other antidepressants
betametasona topica prepucio,1514.0,betamethasone,IN,D,,D07,,D07B,,D07BC,"Corticosteroids, potent, combinations with antiseptics"
peg laxante,1310594.0,polyethylene glycol 4000,IN,,,,,,,,
amoxicilina,723.0,amoxicillin,IN,J,,J01,,J01C,,J01CA,Penicillins with extended spectrum
exforge,722127.0,Exforge,BN,C,,C08,,C08C,,C08CA,Dihydropyridine derivatives
acetainofen,161.0,acetaminophen,IN,N,,N02,,N02A,,N02AJ,Opioids in combination with non-opioid analgesics
seretide,1999800.0,seractide,IN,,,,,,,,
enalarpil,3827.0,enalapril,IN,C,,C09,,C09A,,C09AA,"ACE inhibitors, plain"
levostiroxin mcg,10582.0,levothyroxine,IN,H,,H03,,H03A,,H03AA,Thyroid hormones
homeopatia,285167.0,Urtica urens homeopathic preparation,IN,,,,,,,,
ovulos,,,,,,,,,,,
isoflavona,259226.0,soy protein isolate 40 MG Oral Tablet,SCD,,,,,,,,
etanercept,214555.0,etanercept,IN,L,,L04,,L04A,,L04AB,Tumor necrosis factor alpha (TNF-alpha) inhibitors
omeprazol ocasional,7646.0,omeprazole,IN,A,,A02,,A02B,,A02BC,Proton pump inhibitors
isotetrinoina,6064.0,isotretinoin,IN,D,,D10,,D10B,,D10BA,Retinoids for treatment of acne
milpax,,,,,,,,,,,
amlodipino valsartan hctz,852897.0,amlodipine / hydrochlorothiazide / valsartan,MIN,C,,C08,,C08C,,C08CA,Dihydropyridine derivatives
furosemida levotiroxina,4603.0,furosemide,IN,C,,C03,,C03C,,C03CA,"Sulfonamides, plain"
inyeccion planificacion,,,,,,,,,,,
rinaid,,,,,,,,,,,
lubricante ocular lagricel,476707.0,hydroxypropylcellulose 5 MG Drug Implant,SCD,S,,S01,,S01X,,S01XA,Other ophthalmologicals
beclometasona,1347.0,beclomethasone,IN,A,,A07,,A07E,,A07EA,Corticosteroids acting locally
prednisolona atropina,689615.0,atropine / prednisolone,MIN,A,,A03,,A03B,,A03BA,"Belladonna alkaloids, tertiary amines"
losartan x,52175.0,losartan,IN,C,,C09,,C09C,,C09CA,"Angiotensin II receptor blockers (ARBs), plain"
citrato mg artrosis,114200.0,citrate,IN,,,,,,,,
tramadol gotas,10689.0,tramadol,IN,N,,N02,,N02A,,N02AX,Other opioids
advil,153010.0,Advil,BN,M,,M01,,M01A,,M01AE,Propionic acid derivatives
neurexam,,,,,,,,,,,
finorrinex spray,,,,,,,,,,,
imipran,,,,,,,,,,,
acetato leuprolide,203217.0,leuprolide acetate,PIN,L,,L02,,L02A,,L02AE,Gonadotropin releasing hormone analogues
atrovastatina,83367.0,atorvastatin,IN,C,,C10,,C10B,,C10BA,Combinations of various lipid modifying agents
spray nasal mometasona,1797864.0,mometasone Metered Dose Nasal Spray,SCDF,D,,D07,,D07A,,D07AC,"Corticosteroids, potent (group III)"
continua,203354.0,MS Contin,BN,N,,N02,,N02A,,N02AA,Natural opium alkaloids
inh budemas,,,,,,,,,,,
acetaminofen tizanidina,161.0,acetaminophen,IN,N,,N02,,N02A,,N02AJ,Opioids in combination with non-opioid analgesics
anticonceptivo,,,,,,,,,,,
enlaparil,,,,,,,,,,,
asa x,217263.0,Gas-X,BN,A,,A03,,A03A,,A03AX,Other drugs for functional gastrointestinal disorders
rupafin,,,,,,,,,,,
ketorolaco,35827.0,ketorolac,IN,S,,S01,,S01F,,S01FB,Sympathomimetics excl. antiglaucoma preparations
clonazapam,2598.0,clonazepam,IN,N,,N03,,N03A,,N03AE,Benzodiazepine derivatives
nimesulina,53694.0,nimesulide,IN,M,,M01,,M01A,,M01AX,"Other antiinflammatory and antirheumatic agents, non-steroids"
vitivel vitaminas,1151.0,ascorbic acid,IN,A,,A11,,A11J,,A11JC,"Vitamins, other combinations"
salagen,202959.0,Salagen,BN,N,,N07,,N07A,,N07AX,Other parasympathomimetics
ibuprofeno ocasional,5640.0,ibuprofen,IN,N,,N02,,N02A,,N02AJ,Opioids in combination with non-opioid analgesics
deslanzoprazol,816346.0,dexlansoprazole,IN,A,,A02,,A02B,,A02BC,Proton pump inhibitors
hipolimpemiante stafem,,,,,,,,,,,
quimiterapias,,,,,,,,,,,
colchimedio,,,,,,,,,,,
aminodex,313782.0,acetaminophen 325 MG Oral Tablet,SCD,N,,N02,,N02B,,N02BE,Anilides
hiosmina,3489.0,diosmin,IN,C,,C05,,C05C,,C05CA,Bioflavonoids
lt x,220200.0,Tegrin-LT Shampoo,BN,P,,P03,,P03A,,P03AC,"Pyrethrines, incl. synthetic compounds"
tranexamico,10691.0,tranexamic acid,IN,B,,B02,,B02A,,B02AA,Amino acids
tansulosina,77492.0,tamsulosin,IN,G,,G04,,G04C,,G04CA,Alpha-adrenoreceptor antagonists
acetaminofen dolor oido hace dias,161.0,acetaminophen,IN,N,,N02,,N02A,,N02AJ,Opioids in combination with non-opioid analgesics
oxibutinina,32675.0,oxybutynin,IN,G,,G04,,G04B,,G04BD,Drugs for urinary frequency and incontinence
sinalgesn,,,,,,,,,,,
bactrim f,151399.0,Bactrim,BN,J,,J01,,J01E,,J01EC,Intermediate-acting sulfonamides
anotado,,,,,,,,,,,
medicacion regula menstruacion,253182.0,"insulin, regular, human",IN,A,,A10,,A10A,,A10AD,"Insulins and analogues for injection, intermediate- or long-acting combined with fast-acting"
izoclon ocasionalmente,,,,,,,,,,,
midodrina,6963.0,midodrine,IN,C,,C01,,C01C,,C01CA,Adrenergic and dopaminergic agents
esomax,,,,,,,,,,,
salmeterol,36117.0,salmeterol,IN,R,,R03,,R03A,,R03AK,"Adrenergics in combination with corticosteroids or other drugs, excl. anticholinergics"
salbutamol inhalador,435.0,albuterol,IN,R,,R03,,R03A,,R03AC,Selective beta-2-adrenoreceptor agonists
metformima x,217263.0,Gas-X,BN,A,,A03,,A03A,,A03AX,Other drugs for functional gastrointestinal disorders
dolex duramas,2598449.0,Dodex,BN,B,,B03,,B03B,,B03BA,Vitamin B12 (cyanocobalamin and analogues)
hcta,,,,,,,,,,,
candesartan,214354.0,candesartan,IN,C,,C09,,C09C,,C09CA,"Angiotensin II receptor blockers (ARBs), plain"
estrogenos gel,4100.0,estrogens,IN,G,,G03,,G03E,,G03EA,Androgens and estrogens
antihistaminico gotas oculares,1366495.0,Ahist Antihistamine,BN,R,,R06,,R06A,,R06AE,Piperazine derivatives
hormona crecimiento,1427222.0,parathyroid hormone,IN,H,,H05,,H05A,,H05AA,Parathyroid hormones and analogues
ranitidina ocasional,9143.0,ranitidine,IN,A,,A02,,A02B,,A02BA,H2-receptor antagonists
atb,,,,,,,,,,,
flunarisina,4459.0,flunarizine,IN,N,,N07,,N07C,,N07CA,Antivertigo preparations
zintroid,,,,,,,,,,,
hierro parenteral,90176.0,iron,IN,,,,,,,,
oxcarbacepina,32624.0,oxcarbazepine,IN,N,,N03,,N03A,,N03AF,Carboxamide derivatives
tetralicina,,,,,,,,,,,
gingobiloba,,,,,,,,,,,
micronutirentes,,,,,,,,,,,
gotas inmunoterapia formuladas alergologo,643139.0,L-Formula,BN,B,,B05,,B05X,,B05XB,Amino acids
duopax,1599847.0,Duopa,BN,N,,N04,,N04B,,N04BA,Dopa and dopa derivatives
vitalix,1716046.0,Vital E- 500,BN,,,,,,,,
colestiramina,2447.0,cholestyramine resin,IN,C,,C10,,C10A,,C10AC,Bile acid sequestrants
mercaptopurina,103.0,mercaptopurine,IN,L,,L01,,L01B,,L01BB,Purine analogues
homeopaticos,285167.0,Urtica urens homeopathic preparation,IN,,,,,,,,
hemantina,6719.0,memantine,IN,N,,N06,,N06D,,N06DA,Anticholinesterases
furosemida oral,4603.0,furosemide,IN,C,,C03,,C03C,,C03CA,"Sulfonamides, plain"
relajantes musculares,1486874.0,menthol 30 MG/ML / methyl salicylate 100 MG/ML Topical Cream,SCD,M,,M02,,M02A,,M02AC,Preparations with salicylic acid derivatives
tejania,,,,,,,,,,,
beclometasona nasal,370992.0,beclomethasone Nasal Spray,SCDF,A,,A07,,A07E,,A07EA,Corticosteroids acting locally
lisinopril mg,29046.0,lisinopril,IN,C,,C09,,C09A,,C09AA,"ACE inhibitors, plain"
xarelto,1114199.0,Xarelto,BN,B,,B01,,B01A,,B01AF,Direct factor Xa inhibitors
seretide mananas,1999800.0,seractide,IN,,,,,,,,
levetericetam,114477.0,levetiracetam,IN,N,,N03,,N03A,,N03AX,Other antiepileptics
solo manejo hipercolesterolemia,1543730.0,Fallback Solo,BN,G,,G03,,G03A,,G03AC,Progestogens
pancreatinas,7880.0,pancreatin,IN,,,,,,,,
amlodipino tab dia,17767.0,amlodipine,IN,C,,C09,,C09D,,C09DX,"Angiotensin II receptor blockers (ARBs), other combinations"
spray nasal momentasona,1797864.0,mometasone Metered Dose Nasal Spray,SCDF,D,,D07,,D07A,,D07AC,"Corticosteroids, potent (group III)"
terapia inmunosupresora trasplante renal,1311269.0,Sus scrofa renal pelvis preparation,IN,,,,,,,,
gastrum,,,,,,,,,,,
dolex max,2598449.0,Dodex,BN,B,,B03,,B03B,,B03BA,Vitamin B12 (cyanocobalamin and analogues)
prednisolona mg dia,8638.0,prednisolone,IN,H,,H02,,H02A,,H02AB,Glucocorticoids
nasonex spray,153376.0,Nasonex,BN,D,,D07,,D07A,,D07AC,"Corticosteroids, potent (group III)"
ampicilina,733.0,ampicillin,IN,J,,J01,,J01C,,J01CR,"Combinations of penicillins, incl. beta-lactamase inhibitors"
metocarbamol,6845.0,methocarbamol,IN,M,,M03,,M03B,,M03BA,Carbamic acid esters
morfina,7052.0,morphine,IN,N,,N02,,N02A,,N02AA,Natural opium alkaloids
anovulatori s,863965.0,S-2,BN,,,,,,,,
psyllium fibra,8928.0,psyllium,IN,A,,A06,,A06A,,A06AC,Bulk-forming laxatives
alercit puff nasales,1311063.0,giant puffball extract,IN,,,,,,,,
tiotropio inhalador,69120.0,tiotropium,IN,R,,R03,,R03B,,R03BB,Anticholinergics
trimebutina,10819.0,trimebutine,IN,A,,A03,,A03A,,A03AA,"Synthetic anticholinergics, esters with tertiary amino group"
hidroten x,217263.0,Gas-X,BN,A,,A03,,A03A,,A03AX,Other drugs for functional gastrointestinal disorders
haloperidol gotas noche,5093.0,haloperidol,IN,N,,N05,,N05A,,N05AD,Butyrophenone derivatives
niguno,,,,,,,,,,,
citalopram,2556.0,citalopram,IN,N,,N06,,N06A,,N06AB,Selective serotonin reuptake inhibitors
ninguno cronico,,,,,,,,,,,
laxantes,,,,,,,,,,,
nuinguno,,,,,,,,,,,
sulfazalazina,9524.0,sulfasalazine,IN,A,,A07,,A07E,,A07EC,Aminosalicylic acid and similar agents
vitamina suspendida hace mes,1151.0,ascorbic acid,IN,A,,A11,,A11J,,A11JC,"Vitamins, other combinations"
tramal ocasional,2654624.0,tramadol hydrochloride Oral Capsule [Tramalgin],SBDFP,,,,,,,,
spray nasal esteroides,1363446.0,soy sterol,IN,,,,,,,,
yasmin,748857.0,{21 (drospirenone 3 MG / ethinyl estradiol 0.03 MG Oral Tablet) / 7 (inert ingredients 1 MG Oral Tablet) } Pack [Yasmin 28 Day],BPCK,G,,G03,,G03A,,G03AC,Progestogens
meds,197803.0,ibuprofen 20 MG/ML Oral Suspension,SCD,M,,M01,,M01A,,M01AE,Propionic acid derivatives
enalapril m g dia,3827.0,enalapril,IN,C,,C09,,C09A,,C09AA,"ACE inhibitors, plain"
esomeprazol ocasional,283742.0,esomeprazole,IN,A,,A02,,A02B,,A02BC,Proton pump inhibitors
anastrozol,84857.0,anastrozole,IN,L,,L02,,L02B,,L02BG,Aromatase inhibitors
fe oral,152364.0,Slow-Fe,BN,B,,B03,,B03A,,B03AA,"Iron bivalent, oral preparations"
medicacion dormir ocasional,1919068.0,Dormin,BN,R,,R06,,R06A,,R06AA,Aminoalkyl ethers
doxicicclina,,,,,,,,,,,
propafenona,8754.0,propafenone,IN,C,,C01,,C01B,,C01BC,"Antiarrhythmics, class Ic"
salbutamol inh,435.0,albuterol,IN,R,,R03,,R03A,,R03AC,Selective beta-2-adrenoreceptor agonists
isoniacida piridoxina,684879.0,pyridoxine,IN,A,,A11,,A11J,,A11JC,"Vitamins, other combinations"
candam h amlodipino candesartan hctz,284628.0,candesartan / hydrochlorothiazide,MIN,C,,C09,,C09C,,C09CA,"Angiotensin II receptor blockers (ARBs), plain"
naproxeno dolor,7258.0,naproxen,IN,M,,M01,,M01A,,M01AE,Propionic acid derivatives
tramal,2654624.0,tramadol hydrochloride Oral Capsule [Tramalgin],SBDFP,,,,,,,,
avamys suspendido,,,,,,,,,,,
colirios dorsolod,680973.0,Soliris,BN,L,,L04,,L04A,,L04AJ,Complement inhibitors
metoprolol cada horas,6918.0,metoprolol,IN,C,,C07,,C07F,,C07FB,Beta blocking agents and calcium channel blockers
calendula,285222.0,Calendula officinalis extract,IN,,,,,,,,
cefuroxima x,217263.0,Gas-X,BN,A,,A03,,A03A,,A03AX,Other drugs for functional gastrointestinal disorders
kepra,261547.0,Keppra,BN,N,,N03,,N03A,,N03AX,Other antiepileptics
eutirox mcg x,217263.0,Gas-X,BN,A,,A03,,A03A,,A03AX,Other drugs for functional gastrointestinal disorders
viit d,11253.0,vitamin D,IN,,,,,,,,
lynestrtenol x endometriosis,217263.0,Gas-X,BN,A,,A03,,A03A,,A03AX,Other drugs for functional gastrointestinal disorders
trigliceridos acido fenofibrico,24852.0,fenofibric acid,PIN,C,,C10,,C10A,,C10AB,Fibrates
antihistaminicos,1366495.0,Ahist Antihistamine,BN,R,,R06,,R06A,,R06AE,Piperazine derivatives
ticlofen,1292.0,baclofen,IN,M,,M03,,M03B,,M03BX,Other centrally acting agents
furosemida mg diaria,4603.0,furosemide,IN,C,,C03,,C03C,,C03CA,"Sulfonamides, plain"
b,11248.0,vitamin B12,IN,B,,B03,,B03B,,B03BA,Vitamin B12 (cyanocobalamin and analogues)
olmesartan hctz,817496.0,hydrochlorothiazide / olmesartan,MIN,C,,C09,,C09C,,C09CA,"Angiotensin II receptor blockers (ARBs), plain"
diltiazem mg,3443.0,diltiazem,IN,C,,C08,,C08D,,C08DB,Benzothiazepine derivatives
trimebutina mg,10819.0,trimebutine,IN,A,,A03,,A03A,,A03AA,"Synthetic anticholinergics, esters with tertiary amino group"
insulina lantus glargina,274783.0,insulin glargine,IN,A,,A10,,A10A,,A10AE,"Insulins and analogues for injection, long-acting"
dolex ocasional,2598449.0,Dodex,BN,B,,B03,,B03B,,B03BA,Vitamin B12 (cyanocobalamin and analogues)
desloratadina congestio nasal,275635.0,desloratadine,IN,R,,R01,,R01B,,R01BA,Sympathomimetics
multivitaminico,313599.0,ascorbic acid 35 MG/ML / cholecalciferol 0.01 MG/ML / vitamin A 0.45 MG/ML Oral Solution,SCD,A,,A11,,A11C,,A11CA,"Vitamin A, plain"
hierro oral,90176.0,iron,IN,,,,,,,,
astigmin,7315.0,neostigmine,IN,N,,N07,,N07A,,N07AA,Anticholinesterases
tamoxifeno dias,10324.0,tamoxifen,IN,L,,L02,,L02B,,L02BA,Anti-estrogens
letrozol,72965.0,letrozole,IN,L,,L02,,L02B,,L02BG,Aromatase inhibitors
cetirax,,,,,,,,,,,
citrato potasio,8588.0,potassium,IN,C,,C03,,C03C,,C03CB,Sulfonamides and potassium in combination
gotas oftalmicas prednisolona atrpina,8638.0,prednisolone,IN,H,,H02,,H02A,,H02AB,Glucocorticoids
testoresona im c meses,1151.0,ascorbic acid,IN,A,,A11,,A11J,,A11JC,"Vitamins, other combinations"
espironolactona,9997.0,spironolactone,IN,C,,C03,,C03D,,C03DA,Aldosterone antagonists
zopiclona,40001.0,zopiclone,IN,N,,N05,,N05C,,N05CF,Benzodiazepine related drugs
ciprofibrato,21149.0,ciprofibrate,IN,C,,C10,,C10A,,C10AB,Fibrates
hioscina dipirona,9603.0,scopolamine hydrobromide,PIN,A,,A03,,A03C,,A03CB,Belladonna and derivatives in combination with psycholeptics
gotas homeopaticas,285167.0,Urtica urens homeopathic preparation,IN,,,,,,,,
esomeprazol mg cada manana ayunas agua,283742.0,esomeprazole,IN,A,,A02,,A02B,,A02BC,Proton pump inhibitors
silimarina,9794.0,silymarin,IN,A,,A05,,A05B,,A05BA,Liver therapy
apixaban sertralina,1364430.0,apixaban,IN,B,,B01,,B01A,,B01AF,Direct factor Xa inhibitors
fluimucil,,,,,,,,,,,
efexor,151692.0,Effexor,BN,N,,N06,,N06A,,N06AX,Other antidepressants
calcio vit d,11253.0,vitamin D,IN,,,,,,,,
rouvastatina,301542.0,rosuvastatin,IN,C,,C10,,C10A,,C10AA,HMG CoA reductase inhibitors
proteina vo,8834.0,protein C,IN,B,,B02,,B02B,,B02BD,Blood coagulation factors
codeina,2670.0,codeine,IN,R,,R05,,R05D,,R05DA,Opium alkaloids and derivatives
mencionado enf actual,1945047.0,30 ACTUAT fluticasone furoate 0.1 MG/ACTUAT / umeclidinium 0.0625 MG/ACTUAT / vilanterol 0.025 MG/ACTUAT Dry Powder Inhaler,SCD,R,,R03,,R03A,,R03AL,Adrenergics in combination with anticholinergics incl. triple combinations with corticosteroids
setralina,36437.0,sertraline,IN,N,,N06,,N06A,,N06AB,Selective serotonin reuptake inhibitors
mometasona inh nasal,1165392.0,mometasone Nasal Product,SCDG,D,,D07,,D07A,,D07AC,"Corticosteroids, potent (group III)"
fitasteride,25025.0,finasteride,IN,G,,G04,,G04C,,G04CB,Testosterone-5-alpha reductase inhibitors
levetiracetam mg cada horas,114477.0,levetiracetam,IN,N,,N03,,N03A,,N03AX,Other antiepileptics
calcibon,795480.0,Calcidol,BN,A,,A11,,A11C,,A11CC,Vitamin D and analogues
amoxal clavulin,48203.0,clavulanate,IN,J,,J01,,J01C,,J01CR,"Combinations of penicillins, incl. beta-lactamase inhibitors"
med insomnio eszopiclona,461016.0,eszopiclone,IN,N,,N05,,N05C,,N05CF,Benzodiazepine related drugs
velafaxina,39786.0,venlafaxine,IN,N,,N06,,N06A,,N06AX,Other antidepressants
paroxetina,32937.0,paroxetine,IN,N,,N06,,N06A,,N06AB,Selective serotonin reuptake inhibitors
carbamazepina x dia,217263.0,Gas-X,BN,A,,A03,,A03A,,A03AX,Other drugs for functional gastrointestinal disorders
nasonex,153376.0,Nasonex,BN,D,,D07,,D07A,,D07AC,"Corticosteroids, potent (group III)"
minoxidil cabello,6984.0,minoxidil,IN,C,,C02,,C02D,,C02DC,Pyrimidine derivatives
metacarbamol ocasional,6845.0,methocarbamol,IN,M,,M03,,M03B,,M03BA,Carbamic acid esters
cannabis medicinal,1305550.0,Cannabis sativa seed oil,IN,,,,,,,,
bromuro ipratropio inh,203212.0,ipratropium bromide,PIN,R,,R03,,R03A,,R03AL,Adrenergics in combination with anticholinergics incl. triple combinations with corticosteroids
pregabalina pm,187832.0,pregabalin,IN,N,,N02,,N02B,,N02BF,Gabapentinoids
anticoceptivos,,,,,,,,,,,
atazanavir,343047.0,atazanavir,IN,J,,J05,,J05A,,J05AE,Protease inhibitors
valsartan hidroclorotiazida,214626.0,hydrochlorothiazide / valsartan,MIN,C,,C09,,C09D,,C09DA,Angiotensin II receptor blockers (ARBs) and diuretics
engistol,,,,,,,,,,,
roacutan,,,,,,,,,,,
metrotexate mg,6851.0,methotrexate,IN,L,,L01,,L01B,,L01BA,Folic acid analogues
gengibrozilo,4719.0,gemfibrozil,IN,C,,C10,,C10A,,C10AB,Fibrates
bromuro hioscina,203212.0,ipratropium bromide,PIN,R,,R03,,R03A,,R03AL,Adrenergics in combination with anticholinergics incl. triple combinations with corticosteroids
vitamina d c,1151.0,ascorbic acid,IN,A,,A11,,A11J,,A11JC,"Vitamins, other combinations"
vitamina c d,1151.0,ascorbic acid,IN,A,,A11,,A11J,,A11JC,"Vitamins, other combinations"
belarina,,,,,,,,,,,
centrum ocasional,1376087.0,Cestrum latifolium leaf extract,IN,,,,,,,,
carvedilol mg cada horas,20352.0,carvedilol,IN,C,,C07,,C07A,,C07AG,Alpha and beta blocking agents
bedoyecta mensual,1597298.0,acetaminophen 500 MG / caffeine 60 MG / pyrilamine maleate 15 MG Oral Tablet,SCD,N,,N02,,N02B,,N02BE,Anilides
latanoprosto,43611.0,latanoprost,IN,S,,S01,,S01E,,S01EE,Prostaglandin analogues
factor viii,4257.0,factor VIII,IN,B,,B02,,B02B,,B02BD,Blood coagulation factors
dolex forte ocasionasl,202844.0,Pred Forte,BN,S,,S01,,S01B,,S01BA,"Corticosteroids, plain"
losartan mg x,52175.0,losartan,IN,C,,C09,,C09C,,C09CA,"Angiotensin II receptor blockers (ARBs), plain"
metoprolol mgs interdiario,6918.0,metoprolol,IN,C,,C07,,C07F,,C07FB,Beta blocking agents and calcium channel blockers
parches lidocaina,6387.0,lidocaine,IN,D,,D04,,D04A,,D04AB,Anesthetics for topical use
tumsilosina dutasteride,228790.0,dutasteride,IN,G,,G04,,G04C,,G04CA,Alpha-adrenoreceptor antagonists
dololed,2711803.0,menthol 0.02 MG/MG / methyl salicylate 0.1 MG/MG Topical Gel,SCD,M,,M02,,M02A,,M02AC,Preparations with salicylic acid derivatives
tolteradina,119565.0,tolterodine,IN,G,,G04,,G04B,,G04BD,Drugs for urinary frequency and incontinence
zinc,11416.0,zinc,IN,,,,,,,,
probioticos,1301664.0,Rezyst Probiotic,BN,A,,A07,,A07F,,A07FA,Antidiarrheal microorganisms
analgesico recuerda,998598.0,Analgesic Balm GRX,BN,M,,M02,,M02A,,M02AC,Preparations with salicylic acid derivatives
actual,1945047.0,30 ACTUAT fluticasone furoate 0.1 MG/ACTUAT / umeclidinium 0.0625 MG/ACTUAT / vilanterol 0.025 MG/ACTUAT Dry Powder Inhaler,SCD,R,,R03,,R03A,,R03AL,Adrenergics in combination with anticholinergics incl. triple combinations with corticosteroids
losratan,52175.0,losartan,IN,C,,C09,,C09C,,C09CA,"Angiotensin II receptor blockers (ARBs), plain"
inmunosupresores,,,,,,,,,,,
vitorin,495215.0,Vytorin,BN,C,,C10,,C10B,,C10BA,Combinations of various lipid modifying agents
eumotrix,,,,,,,,,,,
ranitidina omeprazol,7646.0,omeprazole,IN,A,,A02,,A02B,,A02BC,Proton pump inhibitors
fe mas vitaminas,1099282.0,Mielim Y Mas,BN,R,,R05,,R05D,,R05DA,Opium alkaloids and derivatives
tto oncologico,,,,,,,,,,,
rinofrenol spray,,,,,,,,,,,
cromo vo,2496.0,chromium,IN,,,,,,,,
jarabe recuerda,1014005.0,dextromethorphan hydrobromide 0.667 MG/ML / guaifenesin 13.3 MG/ML Oral Solution,SCD,R,,R05,,R05F,,R05FA,Opium derivatives and expectorants
flixotide spray,,,,,,,,,,,
simbicort budesnida inh,745810.0,budesonide / formoterol Metered Dose Inhaler [Symbicort],SBDF,R,,R03,,R03A,,R03AK,"Adrenergics in combination with corticosteroids or other drugs, excl. anticholinergics"
ranitidina ocasionalmente,9143.0,ranitidine,IN,A,,A02,,A02B,,A02BA,H2-receptor antagonists
asa mg dia,1191.0,aspirin,IN,N,,N02,,N02B,,N02BA,Salicylic acid and derivatives
microgynon,,,,,,,,,,,
miravegron,1300786.0,mirabegron,IN,G,,G04,,G04B,,G04BD,Drugs for urinary frequency and incontinence
abacavir,190521.0,abacavir,IN,J,,J05,,J05A,,J05AR,"Antivirals for treatment of HIV infections, combinations"
ver enfermedad actual,1550700.0,Kentucky bluegrass pollen extract 100 IR / orchard grass pollen extract 100 IR / perennial rye grass pollen extract 100 IR / sweet vernal grass pollen extract 100 IR / Timothy grass pollen extract 100 IR Sublingual Tablet,SCD,V,,V01,,V01A,,V01AA,Allergen extracts
montelukast inh,88249.0,montelukast,IN,R,,R03,,R03D,,R03DC,Leukotriene receptor antagonists
losartan hctz amlodipino,214619.0,hydrochlorothiazide / losartan,MIN,C,,C09,,C09C,,C09CA,"Angiotensin II receptor blockers (ARBs), plain"
microginon suave,581662.0,ethanol 0.7 ML/ML Topical Gel,SCD,D,,D08,,D08A,,D08AX,Other antiseptics and disinfectants
visane,581660.0,ethanol 0.62 ML/ML Topical Gel,SCD,D,,D08,,D08A,,D08AX,Other antiseptics and disinfectants
isotetrinoin,6064.0,isotretinoin,IN,D,,D10,,D10B,,D10BA,Retinoids for treatment of acne
bilaxten x urticaria,217263.0,Gas-X,BN,A,,A03,,A03A,,A03AX,Other drugs for functional gastrointestinal disorders
esoeprazol,283742.0,esomeprazole,IN,A,,A02,,A02B,,A02BC,Proton pump inhibitors
ea,317678.0,Enema,DF,,,,,,,,
metformina zitagliptina,729717.0,metformin / sitagliptin,MIN,A,,A10,,A10B,,A10BD,Combinations of oral blood glucose lowering drugs
mirapex er mg,901536.0,pramipexole Extended Release Oral Tablet [Mirapex],SBDF,N,,N04,,N04B,,N04BC,Dopamine agonists
leche magnesia,6582.0,magnesium oxide,IN,A,,A11,,A11J,,A11JB,Vitamins with minerals
telmisartan hctz,284636.0,hydrochlorothiazide / telmisartan,MIN,C,,C09,,C09D,,C09DA,Angiotensin II receptor blockers (ARBs) and diuretics
tramado,10689.0,tramadol,IN,N,,N02,,N02A,,N02AX,Other opioids
imipramina,5691.0,imipramine,IN,N,,N06,,N06A,,N06AA,Non-selective monoamine reuptake inhibitors
histotal,,,,,,,,,,,
smecta enterogermina,543363.0,Umecta,BN,B,,B05,,B05B,,B05BC,Solutions producing osmotic diuresis
astaxantina,18451.0,astaxanthin,IN,A,,A11,,A11G,,A11GB,"Ascorbic acid (vitamin C), combinations"
simpause,1918056.0,{7 (ethinyl estradiol 0.01 MG Oral Tablet) / 84 (ethinyl estradiol 0.03 MG / levonorgestrel 0.15 MG Oral Tablet) } Pack [Simpesse 91 Day],BPCK,G,,G03,,G03A,,G03AA,"Progestogens and estrogens, fixed combinations"
evalax,,,,,,,,,,,
acetaminofen hidrocodona,161.0,acetaminophen,IN,N,,N02,,N02A,,N02AJ,Opioids in combination with non-opioid analgesics
complejo b vitamina c,1151.0,ascorbic acid,IN,A,,A11,,A11J,,A11JC,"Vitamins, other combinations"
saxagliptina,857974.0,saxagliptin,IN,A,,A10,,A10B,,A10BD,Combinations of oral blood glucose lowering drugs
enzimas pancreaticas,7880.0,pancreatin,IN,,,,,,,,
insullina nph,317235.0,"insulin isophane, beef",PIN,,,,,,,,
niga,,,,,,,,,,,
claira,581660.0,ethanol 0.62 ML/ML Topical Gel,SCD,D,,D08,,D08A,,D08AX,Other antiseptics and disinfectants
biologico oral,2637767.0,beremagene geperpavec-svdt 5000000000 UNT/ML Topical Suspension [Vyjuvek],SBD,D,,D03,,D03A,,D03AX,Other cicatrizants
fibra,824586.0,psyllium 3400 MG Powder for Oral Suspension,SCD,A,,A06,,A06A,,A06AC,Bulk-forming laxatives
nieg,,,,,,,,,,,
i glargina,1426748.0,iobenguane I-123,PIN,V,,V09,,V09I,,V09IX,Other diagnostic radiopharmaceuticals for tumour detection
mometasyn,108118.0,mometasone,IN,R,,R03,,R03A,,R03AK,"Adrenergics in combination with corticosteroids or other drugs, excl. anticholinergics"
exemastano,258494.0,exemestane,IN,L,,L02,,L02B,,L02BG,Aromatase inhibitors
dolotrin f,2590763.0,Stomodine F,BN,A,,A01,,A01A,,A01AB,Antiinfectives and antiseptics for local oral treatment
arepripazol,,,,,,,,,,,
critantec colirios,680973.0,Soliris,BN,L,,L04,,L04A,,L04AJ,Complement inhibitors
inhalador esteroide,2720028.0,menthol 0.0035 MG/MG / petrolatum 0.797 MG/MG / zinc oxide 0.05 MG/MG Rectal Ointment,SCD,D,,D02,,D02A,,D02AB,Zinc products
estrogenos conjugados,4099.0,"estrogens, conjugated (USP)",IN,G,,G03,,G03F,,G03FA,"Progestogens and estrogens, fixed combinations"
hemodialisis m j s,2658261.0,"hepatitis B surface antigen (isoform L), recombinant / hepatitis B surface antigen (isoform M), recombinant / hepatitis B surface antigen (isoform S), recombinant Injection [Prehevbrio]",SBDFP,J,,J07,,J07B,,J07BC,Hepatitis vaccines
haemate p,219008.0,P & S,BN,D,,D11,,D11A,,D11AC,Medicated shampoos
ao,545626.0,sodium monofluorophosphate 0.0076 MG/MG Toothpaste,SCD,A,,A01,,A01A,,A01AA,Caries prophylactic agents
polietilenglicol,,,,,,,,,,,
biplena,,,,,,,,,,,
losartan metropolol,52175.0,losartan,IN,C,,C09,,C09C,,C09CA,"Angiotensin II receptor blockers (ARBs), plain"
interferon cada dias,4381.0,interferon-beta,IN,L,,L03,,L03A,,L03AB,Interferons
asa suspender hoy,1191.0,aspirin,IN,N,,N02,,N02B,,N02BA,Salicylic acid and derivatives
fexofenadina,87636.0,fexofenadine,IN,R,,R06,,R06A,,R06AX,Other antihistamines for systemic use
clorfeniramina,2400.0,chlorpheniramine,IN,R,,R01,,R01B,,R01BA,Sympathomimetics
betaloc zoc losartan,52175.0,losartan,IN,C,,C09,,C09C,,C09CA,"Angiotensin II receptor blockers (ARBs), plain"
isoclon ocasional,352728.0,Isochron,BN,C,,C01,,C01D,,C01DA,Organic nitrates
gingo biloba,236809.0,Ginkgo biloba extract,IN,,,,,,,,
betaloc zoc,196503.0,Zocor,BN,C,,C10,,C10A,,C10AA,HMG CoA reductase inhibitors
rosuvastatina mg dia,301542.0,rosuvastatin,IN,C,,C10,,C10A,,C10AA,HMG CoA reductase inhibitors
alefast d,11253.0,vitamin D,IN,,,,,,,,
zaldiar,,,,,,,,,,,
ibesartan,83818.0,irbesartan,IN,C,,C09,,C09C,,C09CA,"Angiotensin II receptor blockers (ARBs), plain"
furosemida,4603.0,furosemide,IN,C,,C03,,C03C,,C03CA,"Sulfonamides, plain"
anastrazol inicio sept,84857.0,anastrozole,IN,L,,L02,,L02B,,L02BG,Aromatase inhibitors
enlapril,3827.0,enalapril,IN,C,,C09,,C09A,,C09AA,"ACE inhibitors, plain"
vincristina,11202.0,vincristine,IN,L,,L01,,L01C,,L01CA,Vinca alkaloids and analogues
enalaparil,3827.0,enalapril,IN,C,,C09,,C09A,,C09AA,"ACE inhibitors, plain"
alfa metil dopa,1657852.0,"dopa, DL",IN,,,,,,,,
ranitidinsa,9143.0,ranitidine,IN,A,,A02,,A02B,,A02BA,H2-receptor antagonists
mucosina,359601.0,guaifenesin 400 MG Oral Tablet,SCD,R,,R05,,R05C,,R05CA,Expectorants
rinae spray,,,,,,,,,,,
fosamax,114265.0,Fosamax,BN,M,,M05,,M05B,,M05BA,Bisphosphonates
trazadna,,,,,,,,,,,
acido ibandronico,115265.0,ibandronic acid,PIN,M,,M05,,M05B,,M05BA,Bisphosphonates
hanumet,1372738.0,Janumet,BN,A,,A10,,A10B,,A10BD,Combinations of oral blood glucose lowering drugs
euthyrox,217006.0,Euthyrox,BN,H,,H03,,H03A,,H03AA,Thyroid hormones
tratamiento,,,,,,,,,,,
glicina,4919.0,glycine,IN,B,,B05,,B05B,,B05BA,Solutions for parenteral nutrition
lumiga colirio glaucoma,1368327.0,Galphimia glauca whole extract,IN,,,,,,,,
lisonopril,29046.0,lisinopril,IN,C,,C09,,C09A,,C09AA,"ACE inhibitors, plain"
vitamina c b d,1151.0,ascorbic acid,IN,A,,A11,,A11J,,A11JC,"Vitamins, other combinations"
metoproolol,6918.0,metoprolol,IN,C,,C07,,C07F,,C07FB,Beta blocking agents and calcium channel blockers
trimetropim sulfa,1101603.0,Supra Sulfa,BN,J,,J01,,J01E,,J01EB,Short-acting sulfonamides
antigriplaes,,,,,,,,,,,
vitaminas calcio,1895.0,calcium,IN,,,,,,,,
pregabalina mg cada horas,187832.0,pregabalin,IN,N,,N02,,N02B,,N02BF,Gabapentinoids
trimetropin sulfa,1101603.0,Supra Sulfa,BN,J,,J01,,J01E,,J01EB,Short-acting sulfonamides
nignuno,,,,,,,,,,,
nibolona,38260.0,tibolone,IN,G,,G03,,G03C,,G03CX,Other estrogens
domperidona cc cada horas,3626.0,domperidone,IN,A,,A03,,A03F,,A03FA,Propulsives
aines relajandtes musculares,1486874.0,menthol 30 MG/ML / methyl salicylate 100 MG/ML Topical Cream,SCD,M,,M02,,M02A,,M02AC,Preparations with salicylic acid derivatives
ziac,75038.0,Ziac,BN,C,,C07,,C07A,,C07AB,"Beta blocking agents, selective"
iofi tabs ginecol,,,,,,,,,,,
ac folico metotrexate,4511.0,folic acid,IN,B,,B03,,B03A,,B03AD,Iron in combination with folic acid
planificacion,,,,,,,,,,,
tamsulon,77492.0,tamsulosin,IN,G,,G04,,G04C,,G04CA,Alpha-adrenoreceptor antagonists
hidrocodona naroxeno,5489.0,hydrocodone,IN,N,,N02,,N02A,,N02AJ,Opioids in combination with non-opioid analgesics
rsouvastatina x,217263.0,Gas-X,BN,A,,A03,,A03A,,A03AX,Other drugs for functional gastrointestinal disorders
oxibutina,,,,,,,,,,,
caltrate,215850.0,Caltrate,BN,A,,A02,,A02A,,A02AC,Calcium compounds
disgracil,,,,,,,,,,,
synthoid,224920.0,Synthroid,BN,H,,H03,,H03A,,H03AA,Thyroid hormones
iburofeno,5640.0,ibuprofen,IN,N,,N02,,N02A,,N02AJ,Opioids in combination with non-opioid analgesics
estrogel oct,405052.0,Estrogel,BN,G,,G03,,G03C,,G03CA,"Natural and semisynthetic estrogens, plain"
cilcobenzarpina,,,,,,,,,,,
nifedipino,7417.0,nifedipine,IN,C,,C08,,C08C,,C08CA,Dihydropyridine derivatives
loracepam,6470.0,lorazepam,IN,N,,N05,,N05B,,N05BA,Benzodiazepine derivatives
ocasionalmente micronutrientes,,,,,,,,,,,
bisolvon,625.0,ambroxol,IN,R,,R02,,R02A,,R02AD,"Anesthetics, local"
avamys,,,,,,,,,,,
lorazepam,6470.0,lorazepam,IN,N,,N05,,N05B,,N05BA,Benzodiazepine derivatives
bomba insulina,253182.0,"insulin, regular, human",IN,A,,A10,,A10A,,A10AD,"Insulins and analogues for injection, intermediate- or long-acting combined with fast-acting"
fluconazol,4450.0,fluconazole,IN,J,,J02,,J02A,,J02AC,Triazole and tetrazole derivatives
hiperlipen,,,,,,,,,,,
beclometasona inh,1155693.0,beclomethasone Inhalant Product,SCDG,A,,A07,,A07E,,A07EA,Corticosteroids acting locally
medicamentos naturista,581662.0,ethanol 0.7 ML/ML Topical Gel,SCD,D,,D08,,D08A,,D08AX,Other antiseptics and disinfectants
tamoxiffeno,10324.0,tamoxifen,IN,L,,L02,,L02B,,L02BA,Anti-estrogens
trilectan,261680.0,Trileptal,BN,N,,N03,,N03A,,N03AF,Carboxamide derivatives
x neurol,217263.0,Gas-X,BN,A,,A03,,A03A,,A03AX,Other drugs for functional gastrointestinal disorders
metamusil,6802.0,Metamucil,BN,A,,A06,,A06A,,A06AC,Bulk-forming laxatives
nistatina,7597.0,nystatin,IN,D,,D07,,D07C,,D07CB,"Corticosteroids, moderately potent, combinations with antibiotics"
myrbetric,1300792.0,Myrbetriq,BN,G,,G04,,G04B,,G04BD,Drugs for urinary frequency and incontinence
pregabalina x,217263.0,Gas-X,BN,A,,A03,,A03A,,A03AX,Other drugs for functional gastrointestinal disorders
winadeine f,2590763.0,Stomodine F,BN,A,,A01,,A01A,,A01AB,Antiinfectives and antiseptics for local oral treatment
propranolol mg cada horas,8787.0,propranolol,IN,C,,C07,,C07A,,C07AA,"Beta blocking agents, non-selective"
sotaren h,202976.0,Voltaren,BN,D,,D11,,D11A,,D11AX,Other dermatologicals
cmz,,,,,,,,,,,
endocrinol,,,,,,,,,,,
calcitriol,1894.0,calcitriol,IN,A,,A11,,A11C,,A11CC,Vitamin D and analogues
lidoprocto,,,,,,,,,,,
salmeterol fluticasona,284635.0,fluticasone / salmeterol,MIN,R,,R03,,R03A,,R03AK,"Adrenergics in combination with corticosteroids or other drugs, excl. anticholinergics"
salmeterol fluticasona ipratropio salbutamol,284635.0,fluticasone / salmeterol,MIN,R,,R03,,R03A,,R03AK,"Adrenergics in combination with corticosteroids or other drugs, excl. anticholinergics"
dicloxacilina,3356.0,dicloxacillin,IN,J,,J01,,J01C,,J01CF,Beta-lactamase resistant penicillins
depoprovera,,,,,,,,,,,
eclometasona nasal,370992.0,beclomethasone Nasal Spray,SCDF,A,,A07,,A07E,,A07EA,Corticosteroids acting locally
piroxicam,8356.0,piroxicam,IN,M,,M01,,M01A,,M01AC,Oxicams
etirocoxib,307296.0,etoricoxib,IN,M,,M01,,M01A,,M01AH,Coxibs
mirtazapina tab noche,15996.0,mirtazapine,IN,N,,N06,,N06A,,N06AX,Other antidepressants
dramamine,151666.0,Dramamine,BN,R,,R06,,R06A,,R06AA,Aminoalkyl ethers
dipirona gr,,,,,,,,,,,
bupropion depresion,42347.0,bupropion,IN,N,,N06,,N06A,,N06AX,Other antidepressants
recuerda,,,,,,,,,,,
tramal long,1364404.0,long pepper extract,IN,,,,,,,,
clorazepam,2598.0,clonazepam,IN,N,,N03,,N03A,,N03AE,Benzodiazepine derivatives
hidrocloroquina,,,,,,,,,,,
hidroxicina,,,,,,,,,,,
emb,4110.0,ethambutol,IN,J,,J04,,J04A,,J04AK,Other drugs for treatment of tuberculosis
alfametildopa,,,,,,,,,,,
abatecept,614391.0,abatacept,IN,L,,L04,,L04A,,L04AA,Selective immunosuppressants
tolterodina,119565.0,tolterodine,IN,G,,G04,,G04B,,G04BD,Drugs for urinary frequency and incontinence
estrogenos orales,4100.0,estrogens,IN,G,,G03,,G03E,,G03EA,Androgens and estrogens
vitamina b d,11253.0,vitamin D,IN,,,,,,,,
tetraciclina,10395.0,tetracycline,IN,A,,A02,,A02B,,A02BD,Combinations for eradication of Helicobacter pylori
anticonceptivos oral,,,,,,,,,,,
timolol ofalmico,10600.0,timolol,IN,C,,C07,,C07A,,C07AA,"Beta blocking agents, non-selective"
tadalafilo,358263.0,tadalafil,IN,G,,G04,,G04B,,G04BE,Drugs used in erectile dysfunction
tylenol ocasional cefalea,202433.0,Tylenol,BN,N,,N02,,N02B,,N02BE,Anilides
analgesicos cefalea,998598.0,Analgesic Balm GRX,BN,M,,M02,,M02A,,M02AC,Preparations with salicylic acid derivatives
analgesicos migrana,42643.0,Migranal,BN,N,,N02,,N02C,,N02CA,Ergot alkaloids
ritalina,224917.0,Ritalin,BN,N,,N06,,N06B,,N06BA,Centrally acting sympathomimetics
doxiciclina,3640.0,doxycycline,IN,J,,J01,,J01A,,J01AA,Tetracyclines
dapaglifozina,,,,,,,,,,,
pila planificacion implantda,2655603.0,pilocarpine hydrochloride Ophthalmic Solution [Pilagan],SBDFP,,,,,,,,
asma,,,,,,,,,,,
meds actualkmente,197803.0,ibuprofen 20 MG/ML Oral Suspension,SCD,M,,M01,,M01A,,M01AE,Propionic acid derivatives
lacosamida carbamazepina,623400.0,lacosamide,IN,N,,N03,,N03A,,N03AX,Other antiepileptics
trimetropin,10829.0,trimethoprim,IN,J,,J01,,J01E,,J01EE,"Combinations of sulfonamides and trimethoprim, incl. derivatives"
levocetiriceina,356887.0,levocetirizine,IN,R,,R06,,R06A,,R06AE,Piperazine derivatives
albendazol,430.0,albendazole,IN,P,,P02,,P02C,,P02CA,Benzimidazole derivatives
vit d c hierro complejo b,11251.0,vitamin B complex,IN,,,,,,,,
everolimus mg c h,141704.0,everolimus,IN,L,,L04,,L04A,,L04AH,Mammalian target of rapamycin (mTOR) kinase inhibitors
quimio may,852015.0,corn pollen extract,IN,V,,V01,,V01A,,V01AA,Allergen extracts
lacroyl,2182891.0,lauroyl methylaminoproprionate,IN,,,,,,,,
acido folico calcio fe,4511.0,folic acid,IN,B,,B03,,B03A,,B03AD,Iron in combination with folic acid
dinogest,22968.0,dienogest,IN,G,,G03,,G03D,,G03DB,Pregnadien derivatives
lagricel ojo seco,12062.0,alfacalcidol,IN,A,,A11,,A11C,,A11CC,Vitamin D and analogues
gelicart,2385121.0,Licart,BN,M,,M01,,M01A,,M01AB,Acetic acid derivatives and related substances
multivitaminas,313599.0,ascorbic acid 35 MG/ML / cholecalciferol 0.01 MG/ML / vitamin A 0.45 MG/ML Oral Solution,SCD,A,,A11,,A11C,,A11CA,"Vitamin A, plain"
hidroxicloroquina junio,5521.0,hydroxychloroquine,IN,P,,P01,,P01B,,P01BA,Aminoquinolines
analgesicos periodo,,,,,,,,,,,
lt x lunes viernes,,,,,,,,,,,
enoxaparina mg cada dias,,,,,,,,,,,
alergfast,,,,,,,,,,,
meloxican,,,,,,,,,,,
metrinelle,,,,,,,,,,,
amitriptilina ocasional dormir,,,,,,,,,,,
olodina,,,,,,,,,,,
cosopt colirio,,,,,,,,,,,
baclofen x,,,,,,,,,,,
cloruro mg,,,,,,,,,,,
pregabvalina,,,,,,,,,,,
canabis gotas ocasional,,,,,,,,,,,
baclofeno,,,,,,,,,,,
lyrica sinalgen,,,,,,,,,,,
acetminofen,,,,,,,,,,,
tobramicina,,,,,,,,,,,
isofen forte,,,,,,,,,,,
simvastatina ezetimibe,,,,,,,,,,,
isotretinoida,,,,,,,,,,,
betaloc mg dia,,,,,,,,,,,
simbicort,,,,,,,,,,,
rifaximina,,,,,,,,,,,
metoclopramida,,,,,,,,,,,
analgesicos ocasionales,,,,,,,,,,,
ansioliticos,,,,,,,,,,,
provera,,,,,,,,,,,
enzimar,,,,,,,,,,,
anticonceptivos control sangrado,,,,,,,,,,,
ciprofibtrato,,,,,,,,,,,
asa ocasional,,,,,,,,,,,
terapia hormonal,,,,,,,,,,,
pilorcapina,,,,,,,,,,,
sevedol ocasional,,,,,,,,,,,
tomo asa semana pasada,,,,,,,,,,,
vitamnias,,,,,,,,,,,
bicalutamida,,,,,,,,,,,
losartah hctz,,,,,,,,,,,
metformina mg,,,,,,,,,,,
tetralyzal,,,,,,,,,,,
antiretrovirales,,,,,,,,,,,
dolex duraflex,,,,,,,,,,,
alfuzosina,,,,,,,,,,,
zen,,,,,,,,,,,
amlodipino mexazolam mg vortioxetina mg duodart,,,,,,,,,,,
spray nasal asonex,,,,,,,,,,,
ibersartan,,,,,,,,,,,
naratriptan,,,,,,,,,,,
mycroginon,,,,,,,,,,,
colestir,,,,,,,,,,,
tapentadol,,,,,,,,,,,
topamax,,,,,,,,,,,
deslodex,,,,,,,,,,,
asa dosis unica mg,,,,,,,,,,,
fe vitaminas,,,,,,,,,,,
escitalpram,,,,,,,,,,,
dianogest,,,,,,,,,,,
ninuguno,,,,,,,,,,,
kepra venlafaxina,,,,,,,,,,,
q,,,,,,,,,,,
hidrocodona acetamninofen,,,,,,,,,,,
terbinafina,,,,,,,,,,,
enalapril x,,,,,,,,,,,
vitaminas c,,,,,,,,,,,
tibonola trh,,,,,,,,,,,
isotretinoina,,,,,,,,,,,
viene paciente,,,,,,,,,,,
inmunoterapia mensual alergia acaros,,,,,,,,,,,
metoformina,,,,,,,,,,,
tmp sulfa,,,,,,,,,,,
loratadina rinitis,,,,,,,,,,,
denosumab,,,,,,,,,,,
vit b calcio,,,,,,,,,,,
calcibon d,,,,,,,,,,,
estriol ovulos,,,,,,,,,,,
saxenda bajar peso,,,,,,,,,,,
medicamento dolor,,,,,,,,,,,
calcio suspendido,,,,,,,,,,,
hipercolesterolemia,,,,,,,,,,,
dolex dolor,,,,,,,,,,,
traumee,,,,,,,,,,,
cefalexina profilactica orina esteril,,,,,,,,,,,
tramadol vo segun necesidad,,,,,,,,,,,
lantanoprost colirio,,,,,,,,,,,
zentrum,,,,,,,,,,,
oxicodona,,,,,,,,,,,
dipirona hioscina,,,,,,,,,,,
raltegravir,,,,,,,,,,,
syntroyd,,,,,,,,,,,
sertraina,,,,,,,,,,,
flavonoides,,,,,,,,,,,
descrito ea,,,,,,,,,,,
yazmin,,,,,,,,,,,
dapaglifozina metformina,,,,,,,,,,,
metronidazol cumplio dias,,,,,,,,,,,
trelozol,,,,,,,,,,,
omeprazol susp,,,,,,,,,,,
vitc,,,,,,,,,,,
trazodona mg noche,,,,,,,,,,,
bactrim,,,,,,,,,,,
testosterona cada tres meses,,,,,,,,,,,
anticonceptivo orales,,,,,,,,,,,
medicamento naturista recuerda nombre,,,,,,,,,,,
lactancia materna exclusiva,,,,,,,,,,,
azitromicina x tto odontologico,,,,,,,,,,,
lovsatatina,,,,,,,,,,,
imatinib,,,,,,,,,,,
vitmaina b,,,,,,,,,,,
tramadol lumbalgia,,,,,,,,,,,
simeticona,,,,,,,,,,,
cianocolabalina,,,,,,,,,,,
latanoprost,,,,,,,,,,,
metoprolol succinato betaloc zok,,,,,,,,,,,
tenofovir profilaxis hiv,,,,,,,,,,,
quemador grasa,,,,,,,,,,,
metronidazol,,,,,,,,,,,
vortioxetina mg x tab dia,,,,,,,,,,,
propafenona x,,,,,,,,,,,
acetaminofen buscapina dolor,,,,,,,,,,,
aciclovir,,,,,,,,,,,
enalapril mg c horas,,,,,,,,,,,
acetaminofen cafeina,,,,,,,,,,,
movidol,,,,,,,,,,,
gestavic,,,,,,,,,,,
acido tranexamico,,,,,,,,,,,
valsartan mg,,,,,,,,,,,
escitalopran,,,,,,,,,,,
naaproxeno,,,,,,,,,,,
silodosina diaria,,,,,,,,,,,
atorvastaina,,,,,,,,,,,
vitaminas cabello,,,,,,,,,,,
losartan mg cada h,,,,,,,,,,,
metadona,,,,,,,,,,,
iofi,,,,,,,,,,,
sulfato fe cianocobalamina,,,,,,,,,,,
medicamento acne,,,,,,,,,,,
etarnecet semanal biologico,,,,,,,,,,,
premarin,,,,,,,,,,,
metformina mg dia,,,,,,,,,,,
proteinas suplementos,,,,,,,,,,,
fluconazol x sem,,,,,,,,,,,
valsartan x mgs,,,,,,,,,,,
tiamina,,,,,,,,,,,
iboprofeno,,,,,,,,,,,
pregabalina mg c horas,,,,,,,,,,,
atorvastatina mg dia ocasional,,,,,,,,,,,
galvusmet,,,,,,,,,,,
rovastatina mg,,,,,,,,,,,
linagliptina,,,,,,,,,,,
ferroprotina,,,,,,,,,,,
hidroxido magnesio,,,,,,,,,,,
goutex,,,,,,,,,,,
broncodilatador,,,,,,,,,,,
tramadol acetaminofen,,,,,,,,,,,
mesalasina,,,,,,,,,,,
acido urodesoxicolico,,,,,,,,,,,
amlodipino mg,,,,,,,,,,,
prolertus,,,,,,,,,,,
tetrinex,,,,,,,,,,,
medroxiprogesterona,,,,,,,,,,,
lanzoprazol ocasional,,,,,,,,,,,
silodosina,720825.0,silodosin,IN,G,,G04,,G04C,,G04CA,Alpha-adrenoreceptor antagonists
cardersartan,214354.0,candesartan,IN,C,,C09,,C09C,,C09CA,"Angiotensin II receptor blockers (ARBs), plain"
tegretol,203029.0,Tegretol,BN,N,,N03,,N03A,,N03AF,Carboxamide derivatives
valsartan hctz,214626.0,hydrochlorothiazide / valsartan,MIN,C,,C09,,C09D,,C09DA,Angiotensin II receptor blockers (ARBs) and diuretics
levotiroxina ucg,10582.0,levothyroxine,IN,H,,H03,,H03A,,H03AA,Thyroid hormones
citrato magnesio,6574.0,magnesium,IN,,,,,,,,
interferon,1421648.0,gamma-interferon,IN,L,,L03,,L03A,,L03AB,Interferons
metimazol esomeprazol,283742.0,esomeprazole,IN,A,,A02,,A02B,,A02BC,Proton pump inhibitors
viplena,,,,,,,,,,,
eritromicina,4053.0,erythromycin,IN,J,,J01,,J01F,,J01FA,Macrolides
apocard flecainida,4441.0,flecainide,IN,C,,C01,,C01B,,C01BC,"Antiarrhythmics, class Ic"
vitamina c zinc,1151.0,ascorbic acid,IN,A,,A11,,A11J,,A11JC,"Vitamins, other combinations"
levocetirizina,356887.0,levocetirizine,IN,R,,R06,,R06A,,R06AE,Piperazine derivatives
sevedol par ael dolor,830861.0,24 HR diltiazem hydrochloride 120 MG Extended Release Oral Capsule,SCD,C,,C08,,C08D,,C08DB,Benzothiazepine derivatives
bromuro otilonio,203212.0,ipratropium bromide,PIN,R,,R03,,R03A,,R03AL,Adrenergics in combination with anticholinergics incl. triple combinations with corticosteroids
enalapril mg,3827.0,enalapril,IN,C,,C09,,C09A,,C09AA,"ACE inhibitors, plain"
insulina larga acccion usc noche,253182.0,"insulin, regular, human",IN,A,,A10,,A10A,,A10AD,"Insulins and analogues for injection, intermediate- or long-acting combined with fast-acting"
neg,,,,,,,,,,,
carbamacepina,2002.0,carbamazepine,IN,N,,N03,,N03A,,N03AF,Carboxamide derivatives
anemnidox,,,,,,,,,,,
doxylamina,3642.0,doxylamine,IN,N,,N02,,N02B,,N02BE,Anilides
asa mg x,217263.0,Gas-X,BN,A,,A03,,A03A,,A03AX,Other drugs for functional gastrointestinal disorders
anticonecptivos orales,,,,,,,,,,,
levotiroxina cada dia,10582.0,levothyroxine,IN,H,,H03,,H03A,,H03AA,Thyroid hormones
levotiroxina mcg cada dia,10582.0,levothyroxine,IN,H,,H03,,H03A,,H03AA,Thyroid hormones
ozempic semana,1991307.0,Ozempic,BN,A,,A10,,A10B,,A10BJ,Glucagon-like peptide-1 (GLP-1) analogues
astonin tab dia,1441544.0,Alstonia constricta bark extract,IN,,,,,,,,
anemidx,,,,,,,,,,,
antiacidos,1897.0,calcium carbonate,IN,A,,A12,,A12A,,A12AX,"Calcium, combinations with vitamin D and/or other drugs"
triptorelina,38782.0,triptorelin,IN,L,,L02,,L02A,,L02AE,Gonadotropin releasing hormone analogues
piperacilina tazobactam,74169.0,piperacillin / tazobactam,MIN,J,,J01,,J01C,,J01CR,"Combinations of penicillins, incl. beta-lactamase inhibitors"
calcibon vitamina d,11253.0,vitamin D,IN,,,,,,,,
mometosana,,,,,,,,,,,
hidroxido aluminio,612.0,aluminum hydroxide,IN,A,,A02,,A02A,,A02AD,"Combinations and complexes of aluminium, calcium and magnesium compounds"
anticonceptivo inyectable,,,,,,,,,,,
terapia antialergrenica,,,,,,,,,,,
afidra,607583.0,Apidra,BN,A,,A10,,A10A,,A10AB,"Insulins and analogues for injection, fast-acting"
levotiroxina ucg dia,10582.0,levothyroxine,IN,H,,H03,,H03A,,H03AA,Thyroid hormones
fe ocasional,152364.0,Slow-Fe,BN,B,,B03,,B03A,,B03AA,"Iron bivalent, oral preparations"
omeprzol,7646.0,omeprazole,IN,A,,A02,,A02B,,A02BC,Proton pump inhibitors
diltiazem,3443.0,diltiazem,IN,C,,C08,,C08D,,C08DB,Benzothiazepine derivatives
metformina irrregular,6809.0,metformin,IN,A,,A10,,A10B,,A10BD,Combinations of oral blood glucose lowering drugs
mometasona spray cada dia,1797864.0,mometasone Metered Dose Nasal Spray,SCDF,D,,D07,,D07A,,D07AC,"Corticosteroids, potent (group III)"
naproxeno segun dolor,7258.0,naproxen,IN,M,,M01,,M01A,,M01AE,Propionic acid derivatives
valsartan cada dia mg di ban,215374.0,Aqua-Ban,BN,,,,,,,,
rosuvastatina ocasional,301542.0,rosuvastatin,IN,C,,C10,,C10A,,C10AA,HMG CoA reductase inhibitors
antiretrovirales accidente laboral,,,,,,,,,,,
mirtazipina zopiclona,40001.0,zopiclone,IN,N,,N05,,N05C,,N05CF,Benzodiazepine related drugs
clobetasol topico,2590.0,clobetasol,IN,D,,D07,,D07A,,D07AD,"Corticosteroids, very potent (group IV)"
dalteparina,67109.0,dalteparin,IN,B,,B01,,B01A,,B01AB,Heparin group
diosmina x insuf venosa,217263.0,Gas-X,BN,A,,A03,,A03A,,A03AX,Other drugs for functional gastrointestinal disorders
levetiracetam mg dia,114477.0,levetiracetam,IN,N,,N03,,N03A,,N03AX,Other antiepileptics
bromazepam,1749.0,bromazepam,IN,N,,N05,,N05B,,N05BA,Benzodiazepine derivatives
mometasona spray,1797864.0,mometasone Metered Dose Nasal Spray,SCDF,D,,D07,,D07A,,D07AC,"Corticosteroids, potent (group III)"
magnesio mg cada dia,6574.0,magnesium,IN,,,,,,,,
trimebutina simeticona,9796.0,simethicone,IN,A,,A02,,A02A,,A02AF,Antacids with antiflatulents
clonazepan,2598.0,clonazepam,IN,N,,N03,,N03A,,N03AE,Benzodiazepine derivatives
levotiroxina mg dia,10582.0,levothyroxine,IN,H,,H03,,H03A,,H03AA,Thyroid hormones
suspendidos sertralina quetiapina,51272.0,quetiapine,IN,N,,N05,,N05A,,N05AH,"Diazepines, oxazepines, thiazepines and oxepines"
esomeporazol,283742.0,esomeprazole,IN,A,,A02,,A02B,,A02BC,Proton pump inhibitors
medicacion artrosis manos,543481.0,Vanos,BN,C,,C05,,C05A,,C05AA,Corticosteroids
neosaldina,,,,,,,,,,,
bedoyecta,,,,,,,,,,,
losartan mgs cada,52175.0,losartan,IN,C,,C09,,C09C,,C09CA,"Angiotensin II receptor blockers (ARBs), plain"
macrodantina cada noche,203054.0,Macrodantin,BN,J,,J01,,J01X,,J01XE,Nitrofuran derivatives
isoface isotretinoina cada noche,6064.0,isotretinoin,IN,D,,D10,,D10B,,D10BA,Retinoids for treatment of acne
tto acne,1310910.0,Propionibacterium acnes,IN,,,,,,,,
dutasterida,228790.0,dutasteride,IN,G,,G04,,G04C,,G04CA,Alpha-adrenoreceptor antagonists
anticocnceptivos orales,,,,,,,,,,,
sawpalmeto,,,,,,,,,,,
hidroclorotiazida,5487.0,hydrochlorothiazide,IN,C,,C09,,C09D,,C09DX,"Angiotensin II receptor blockers (ARBs), other combinations"
azetaolamida,167.0,acetazolamide,IN,S,,S01,,S01E,,S01EC,Carbonic anhydrase inhibitors
anti inflamatorios esteroideos,1541087.0,Anti Bac,BN,D,,D02,,D02A,,D02AF,Salicylic acid preparations
naturales,1089808.0,Tears Naturale PM,BN,S,,S01,,S01X,,S01XA,Other ophthalmologicals
dianomed,,,,,,,,,,,
isopretinoina,6064.0,isotretinoin,IN,D,,D10,,D10B,,D10BA,Retinoids for treatment of acne
asa calcio fe,152364.0,Slow-Fe,BN,B,,B03,,B03A,,B03AA,"Iron bivalent, oral preparations"
losartan mg c h,52175.0,losartan,IN,C,,C09,,C09C,,C09CA,"Angiotensin II receptor blockers (ARBs), plain"
carbidopa levodopa,103990.0,carbidopa / levodopa,MIN,N,,N04,,N04B,,N04BA,Dopa and dopa derivatives
ver nota,1550700.0,Kentucky bluegrass pollen extract 100 IR / orchard grass pollen extract 100 IR / perennial rye grass pollen extract 100 IR / sweet vernal grass pollen extract 100 IR / Timothy grass pollen extract 100 IR Sublingual Tablet,SCD,V,,V01,,V01A,,V01AA,Allergen extracts
antimigranoso,,,,,,,,,,,
tamsulosina mg,77492.0,tamsulosin,IN,G,,G04,,G04C,,G04CA,Alpha-adrenoreceptor antagonists
duodart tamsulosina dutasteride,1001472.0,dutasteride / tamsulosin,MIN,G,,G04,,G04C,,G04CA,Alpha-adrenoreceptor antagonists
pregabalina x mgs,217263.0,Gas-X,BN,A,,A03,,A03A,,A03AX,Other drugs for functional gastrointestinal disorders
losartan x mgs,52175.0,losartan,IN,C,,C09,,C09C,,C09CA,"Angiotensin II receptor blockers (ARBs), plain"
captopril x mgs,1998.0,captopril,IN,C,,C09,,C09B,,C09BA,ACE inhibitors and diuretics
metformina x mgs,217263.0,Gas-X,BN,A,,A03,,A03A,,A03AX,Other drugs for functional gastrointestinal disorders
dipirona,,,,,,,,,,,
vitd vit b calcio,11251.0,vitamin B complex,IN,,,,,,,,
valerato estradiol,24395.0,estradiol valerate,PIN,G,,G03,,G03F,,G03FA,"Progestogens and estrogens, fixed combinations"
ac tranexamico mg dia,10691.0,tranexamic acid,IN,B,,B02,,B02A,,B02AA,Amino acids
plitican ocasional,,,,,,,,,,,
levotiraxina dia,996520.0,dextromethorphan hydrobromide 2 MG/ML / guaifenesin 20 MG/ML Oral Solution,SCD,R,,R05,,R05D,,R05DA,Opium alkaloids and derivatives
naturista colageno vitamina c,1151.0,ascorbic acid,IN,A,,A11,,A11J,,A11JC,"Vitamins, other combinations"
medicacion migrana,42643.0,Migranal,BN,N,,N02,,N02C,,N02CA,Ergot alkaloids
farmadec vit d,11253.0,vitamin D,IN,,,,,,,,
diclofenac im,3355.0,diclofenac,IN,M,,M01,,M01A,,M01AB,Acetic acid derivatives and related substances
sulfazalacina,9524.0,sulfasalazine,IN,A,,A07,,A07E,,A07EC,Aminosalicylic acid and similar agents
enalapril cada,3827.0,enalapril,IN,C,,C09,,C09A,,C09AA,"ACE inhibitors, plain"
dole forte,202844.0,Pred Forte,BN,S,,S01,,S01B,,S01BA,"Corticosteroids, plain"
etrocoxib,307296.0,etoricoxib,IN,M,,M01,,M01A,,M01AH,Coxibs
efvirene,195085.0,efavirenz,IN,J,,J05,,J05A,,J05AR,"Antivirals for treatment of HIV infections, combinations"
lt,220200.0,Tegrin-LT Shampoo,BN,P,,P03,,P03A,,P03AC,"Pyrethrines, incl. synthetic compounds"
vit d calcio,11253.0,vitamin D,IN,,,,,,,,
ketiapina,,,,,,,,,,,
dilastina,202740.0,Dilantin,BN,N,,N03,,N03A,,N03AB,Hydantoin derivatives
cetirizina ocasional,20610.0,cetirizine,IN,R,,R06,,R06A,,R06AE,Piperazine derivatives
levotioxina,,,,,,,,,,,
tamsulozina,77492.0,tamsulosin,IN,G,,G04,,G04C,,G04CA,Alpha-adrenoreceptor antagonists
diclofenaco ibuprofeno ocasional,5640.0,ibuprofen,IN,N,,N02,,N02A,,N02AJ,Opioids in combination with non-opioid analgesics
rivaroxaban,1114195.0,rivaroxaban,IN,B,,B01,,B01A,,B01AF,Direct factor Xa inhibitors
telmisartan,73494.0,telmisartan,IN,C,,C09,,C09C,,C09CA,"Angiotensin II receptor blockers (ARBs), plain"
lovastatina x mgs,217263.0,Gas-X,BN,A,,A03,,A03A,,A03AX,Other drugs for functional gastrointestinal disorders
betaloc zock,2655450.0,metoprolol tartrate Oral Tablet [Betaloc],SBDFP,,,,,,,,
lymecin,,,,,,,,,,,
inh soos crisis,106315.0,benzoyl peroxide 100 MG/ML Topical Cream,SCD,D,,D10,,D10A,,D10AE,Peroxides
liotironina mcg dia x l s,1722382.0,"L-methionine-S,R-sulfoximine",IN,,,,,,,,
omega actual,,,,,,,,,,,
captorpil,1998.0,captopril,IN,C,,C09,,C09B,,C09BA,ACE inhibitors and diuretics
losartan cda h,52175.0,losartan,IN,C,,C09,,C09C,,C09CA,"Angiotensin II receptor blockers (ARBs), plain"
venatil,,,,,,,,,,,
losartan hctz,214619.0,hydrochlorothiazide / losartan,MIN,C,,C09,,C09C,,C09CA,"Angiotensin II receptor blockers (ARBs), plain"
dorzolamina gotas,60207.0,dorzolamide,IN,S,,S01,,S01E,,S01EC,Carbonic anhydrase inhibitors
liraglutide,475968.0,liraglutide,IN,A,,A10,,A10B,,A10BJ,Glucagon-like peptide-1 (GLP-1) analogues
imipramida cistitis cronica,5691.0,imipramine,IN,N,,N06,,N06A,,N06AA,Non-selective monoamine reuptake inhibitors
lveotiroxina,,,,,,,,,,,
atb indicado infectologia,1307969.0,tamarind seed extract,IN,,,,,,,,
dasatinil,475342.0,dasatinib,IN,L,,L01,,L01E,,L01EA,BCR-ABL tyrosine kinase inhibitors
vit vit c,1151.0,ascorbic acid,IN,A,,A11,,A11J,,A11JC,"Vitamins, other combinations"
acido folico mg horas,4511.0,folic acid,IN,B,,B03,,B03A,,B03AD,Iron in combination with folic acid
hiperliper,,,,,,,,,,,
pregaballina,187832.0,pregabalin,IN,N,,N02,,N02B,,N02BF,Gabapentinoids
valkote,,,,,,,,,,,
azatioprina colchicina,1256.0,azathioprine,IN,L,,L04,,L04A,,L04AX,Other immunosuppressants
glibenclamida x mgs,217263.0,Gas-X,BN,A,,A03,,A03A,,A03AX,Other drugs for functional gastrointestinal disorders
asa calcio,1895.0,calcium,IN,,,,,,,,
amitriptilina tab noche,704.0,amitriptyline,IN,N,,N06,,N06A,,N06AA,Non-selective monoamine reuptake inhibitors
fluconazol aciclovir,4450.0,fluconazole,IN,J,,J02,,J02A,,J02AC,Triazole and tetrazole derivatives
euitrox,,,,,,,,,,,
estafen,,,,,,,,,,,
suplemento cannabis medicinal,1305550.0,Cannabis sativa seed oil,IN,,,,,,,,
tamosulosina,77492.0,tamsulosin,IN,G,,G04,,G04C,,G04CA,Alpha-adrenoreceptor antagonists
etoricoxib ocasional,307296.0,etoricoxib,IN,M,,M01,,M01A,,M01AH,Coxibs
escitalopram mg cada dia,321988.0,escitalopram,IN,N,,N06,,N06A,,N06AB,Selective serotonin reuptake inhibitors
mometaona spray nasal,1797864.0,mometasone Metered Dose Nasal Spray,SCDF,D,,D07,,D07A,,D07AC,"Corticosteroids, potent (group III)"
xalacom dorsolamida,,,,,,,,,,,
etoricoxib cada dia,,,,,,,,,,,
losaratan mg cada h,,,,,,,,,,,
apixaban cada h,,,,,,,,,,,
meloxicam ocasional,,,,,,,,,,,
proteina,,,,,,,,,,,
vit d c biotina,,,,,,,,,,,
eutirox sd,,,,,,,,,,,
vitamina d u dia,,,,,,,,,,,
onlazapina,,,,,,,,,,,
levodopa carbidopa x mg,,,,,,,,,,,
enalapril mg cada horas,,,,,,,,,,,
flavoxato mg x,,,,,,,,,,,
xultophy,,,,,,,,,,,
neuroxen,,,,,,,,,,,
dalteparine,,,,,,,,,,,
amlodipino x mgs,,,,,,,,,,,
cloroquina tab mg lunes viernes,,,,,,,,,,,
quetiapina mg,,,,,,,,,,,
gestavid dha,,,,,,,,,,,
semaglutide,,,,,,,,,,,
pradaxa,,,,,,,,,,,
levetiracetan,,,,,,,,,,,
levotiroxina x mgs,,,,,,,,,,,
espirinolactona,,,,,,,,,,,
meds actualmente,,,,,,,,,,,
infusion igiv cada dias,,,,,,,,,,,
tramadol gotas hrs,10689.0,tramadol,IN,N,,N02,,N02A,,N02AX,Other opioids
montelukas,88249.0,montelukast,IN,R,,R03,,R03D,,R03DC,Leukotriene receptor antagonists
normolip,,,,,,,,,,,
suplemento vitamina,1151.0,ascorbic acid,IN,A,,A11,,A11J,,A11JC,"Vitamins, other combinations"
fe zinc,152364.0,Slow-Fe,BN,B,,B03,,B03A,,B03AA,"Iron bivalent, oral preparations"
lyrica ocasional,593441.0,Lyrica,BN,N,,N02,,N02B,,N02BF,Gabapentinoids
ciclosporina,3008.0,cyclosporine,IN,L,,L04,,L04A,,L04AD,Calcineurin inhibitors
cannabis medicinal gotas,1305550.0,Cannabis sativa seed oil,IN,,,,,,,,
mg enalapril,3827.0,enalapril,IN,C,,C09,,C09A,,C09AA,"ACE inhibitors, plain"
levitiracetam,114477.0,levetiracetam,IN,N,,N03,,N03A,,N03AX,Other antiepileptics
indapamida diuretico,5764.0,indapamide,IN,C,,C03,,C03B,,C03BA,"Sulfonamides, plain"
sulfato ferroso ascorbico,1151.0,ascorbic acid,IN,A,,A11,,A11J,,A11JC,"Vitamins, other combinations"
metformina x x poliquistosis ovarica,217263.0,Gas-X,BN,A,,A03,,A03A,,A03AX,Other drugs for functional gastrointestinal disorders
warfrina metoprolol,6918.0,metoprolol,IN,C,,C07,,C07F,,C07FB,Beta blocking agents and calcium channel blockers
alegra x alergia ocular,217263.0,Gas-X,BN,A,,A03,,A03A,,A03AX,Other drugs for functional gastrointestinal disorders
suplementos hierro calcio,90176.0,iron,IN,,,,,,,,
suplemento vitaminico,827349.0,Bifidobacterium infantis 4 MG Oral Capsule [Align],SBD,,,,,,,,
cacio,891721.0,cocoa bean allergenic extract,IN,V,,V01,,V01A,,V01AA,Allergen extracts
warfarina l v mg s d mg,42697.0,Gammagard,BN,B,,B06,,B06A,,B06AA,Enzymes
cetirizina cada dia,20610.0,cetirizine,IN,R,,R06,,R06A,,R06AE,Piperazine derivatives
calcio hierrro,1895.0,calcium,IN,,,,,,,,
amlodipino mg cada noche,17767.0,amlodipine,IN,C,,C09,,C09D,,C09DX,"Angiotensin II receptor blockers (ARBs), other combinations"
metfromina,,,,,,,,,,,
calcio vitamina d,11253.0,vitamin D,IN,,,,,,,,
bilaxten tab dia,996520.0,dextromethorphan hydrobromide 2 MG/ML / guaifenesin 20 MG/ML Oral Solution,SCD,R,,R05,,R05D,,R05DA,Opium alkaloids and derivatives
niuguno,,,,,,,,,,,
orlistat,37925.0,orlistat,IN,A,,A08,,A08A,,A08AB,Peripherally acting antiobesity products
vitamina c biotina,1151.0,ascorbic acid,IN,A,,A11,,A11J,,A11JC,"Vitamins, other combinations"
nutragesta,,,,,,,,,,,
antihistaminico bilaxten,1366495.0,Ahist Antihistamine,BN,R,,R06,,R06A,,R06AE,Piperazine derivatives
hidroxicloroquina,5521.0,hydroxychloroquine,IN,P,,P01,,P01B,,P01BA,Aminoquinolines
pantprazol,40790.0,pantoprazole,IN,A,,A02,,A02B,,A02BC,Proton pump inhibitors
pazopanib,714438.0,pazopanib,IN,L,,L01,,L01E,,L01EX,Other protein kinase inhibitors
fortini,1309421.0,Drynaria fortunei root extract,IN,,,,,,,,
rotigotina,616739.0,rotigotine,IN,N,,N04,,N04B,,N04BC,Dopamine agonists
sucralfato,10156.0,sucralfate,IN,A,,A02,,A02B,,A02BX,Other drugs for peptic ulcer and gastro-oesophageal reflux disease (GORD)
sucrafalte,10156.0,sucralfate,IN,A,,A02,,A02B,,A02BX,Other drugs for peptic ulcer and gastro-oesophageal reflux disease (GORD)
medicamentos laboratorios heel,2656152.0,benzyl alcohol / lidocaine hydrochloride Topical Spray [Biochemistry Heel No Pain],SBDFP,,,,,,,,
atacand,215458.0,Atacand,BN,C,,C09,,C09C,,C09CA,"Angiotensin II receptor blockers (ARBs), plain"
furosemida qd empagliflozina qd enalapril qd rosuvastatina qd metoprolol bid mtf qd asa qd,,,,,,,,,,,
biperideno,1589.0,biperiden,IN,N,,N04,,N04A,,N04AA,Tertiary amines
sinpause,,,,,,,,,,,
desmopresina,3251.0,desmopressin,IN,H,,H01,,H01B,,H01BA,Vasopressin and analogues
acetaminofe codeina,2670.0,codeine,IN,R,,R05,,R05D,,R05DA,Opium alkaloids and derivatives
dia,996520.0,dextromethorphan hydrobromide 2 MG/ML / guaifenesin 20 MG/ML Oral Solution,SCD,R,,R05,,R05D,,R05DA,Opium alkaloids and derivatives
vitamina d suplementos,11253.0,vitamin D,IN,,,,,,,,
gastricomel hell,,,,,,,,,,,
analgesico segun dolor,998598.0,Analgesic Balm GRX,BN,M,,M02,,M02A,,M02AC,Preparations with salicylic acid derivatives
implante hormonal planificacion,1427222.0,parathyroid hormone,IN,H,,H05,,H05A,,H05AA,Parathyroid hormones and analogues
eutirox omeprazol,7646.0,omeprazole,IN,A,,A02,,A02B,,A02BC,Proton pump inhibitors
omeprazole,7646.0,omeprazole,IN,A,,A02,,A02B,,A02BC,Proton pump inhibitors
losartan h,52175.0,losartan,IN,C,,C09,,C09C,,C09CA,"Angiotensin II receptor blockers (ARBs), plain"
losartan horas,52175.0,losartan,IN,C,,C09,,C09C,,C09CA,"Angiotensin II receptor blockers (ARBs), plain"
porpafenona,,,,,,,,,,,
losartarn,52175.0,losartan,IN,C,,C09,,C09C,,C09CA,"Angiotensin II receptor blockers (ARBs), plain"
hierro sulfato ferroso,90176.0,iron,IN,,,,,,,,
quimioterapia im orales,,,,,,,,,,,
prgabalina,187832.0,pregabalin,IN,N,,N02,,N02B,,N02BF,Gabapentinoids
triptorelina intramuscular mg vez mes,38782.0,triptorelin,IN,L,,L02,,L02A,,L02AE,Gonadotropin releasing hormone analogues
prednisolona tab mg vo cada hrs,8638.0,prednisolone,IN,H,,H02,,H02A,,H02AB,Glucocorticoids
bronchovaxom gms,,,,,,,,,,,
carbamazepina mg dia,2002.0,carbamazepine,IN,N,,N03,,N03A,,N03AF,Carboxamide derivatives
trmebutina,10819.0,trimebutine,IN,A,,A03,,A03A,,A03AA,"Synthetic anticholinergics, esters with tertiary amino group"
satoren,581662.0,ethanol 0.7 ML/ML Topical Gel,SCD,D,,D08,,D08A,,D08AX,Other antiseptics and disinfectants
apixaban mg cada hrs,1364430.0,apixaban,IN,B,,B01,,B01A,,B01AF,Direct factor Xa inhibitors
eutirox ibersartam,217006.0,Euthyrox,BN,H,,H03,,H03A,,H03AA,Thyroid hormones
oxcarbazepina,32624.0,oxcarbazepine,IN,N,,N03,,N03A,,N03AF,Carboxamide derivatives
nutrientes,,,,,,,,,,,
salbutamol ing,435.0,albuterol,IN,R,,R03,,R03A,,R03AC,Selective beta-2-adrenoreceptor agonists
fluvoxamina,42355.0,fluvoxamine,IN,N,,N06,,N06A,,N06AB,Selective serotonin reuptake inhibitors
cefalexina finalizada itu,2231.0,cephalexin,IN,J,,J01,,J01D,,J01DB,First-generation cephalosporins
coveratrix perindopril indapamida amlodipino,388499.0,indapamide / perindopril,MIN,C,,C09,,C09A,,C09AA,"ACE inhibitors, plain"
acertaminofen,161.0,acetaminophen,IN,N,,N02,,N02A,,N02AJ,Opioids in combination with non-opioid analgesics
amoxacicilina,,,,,,,,,,,
tto antihelicobacter,1318501.0,Helicobacter pylori,IN,,,,,,,,
neurobion im,198440.0,acetaminophen 500 MG Oral Tablet,SCD,N,,N02,,N02B,,N02BE,Anilides
vit c biotina,1151.0,ascorbic acid,IN,A,,A11,,A11J,,A11JC,"Vitamins, other combinations"
atorvastatina ocasional,83367.0,atorvastatin,IN,C,,C10,,C10B,,C10BA,Combinations of various lipid modifying agents
mirtazpina,15996.0,mirtazapine,IN,N,,N06,,N06A,,N06AX,Other antidepressants
letrazol,72965.0,letrozole,IN,L,,L02,,L02B,,L02BG,Aromatase inhibitors
suplemento hierro,90176.0,iron,IN,,,,,,,,
vitaminaa d,11253.0,vitamin D,IN,,,,,,,,
sulfato zinc,11416.0,zinc,IN,,,,,,,,
anticonceptivos orales ovario poliquistico,,,,,,,,,,,
atprvastatina,83367.0,atorvastatin,IN,C,,C10,,C10B,,C10BA,Combinations of various lipid modifying agents
bosentan mg vo cada horas,75207.0,bosentan,IN,C,,C02,,C02K,,C02KX,Antihypertensives for pulmonary arterial hypertension
saxenda liraglutida,1598264.0,Saxenda,BN,A,,A10,,A10B,,A10BJ,Glucagon-like peptide-1 (GLP-1) analogues
olmesartan,321064.0,olmesartan,IN,C,,C09,,C09D,,C09DX,"Angiotensin II receptor blockers (ARBs), other combinations"
semaglutide ozempic,1991309.0,semaglutide Pen Injector [Ozempic],SBDF,A,,A10,,A10B,,A10BJ,Glucagon-like peptide-1 (GLP-1) analogues
eutirox x mgs,217263.0,Gas-X,BN,A,,A03,,A03A,,A03AX,Other drugs for functional gastrointestinal disorders
heel,2656152.0,benzyl alcohol / lidocaine hydrochloride Topical Spray [Biochemistry Heel No Pain],SBDFP,,,,,,,,
bupoprion,2655695.0,bupropion hydrochloride Extended Release Oral Tablet [Budeprion],SBDFP,,,,,,,,
biocalcio,,,,,,,,,,,
gastrofast,,,,,,,,,,,
micronutrientes embarazo,,,,,,,,,,,
hioscina ibuprofeno,5640.0,ibuprofen,IN,N,,N02,,N02A,,N02AJ,Opioids in combination with non-opioid analgesics
hidrocodona tabletas,5489.0,hydrocodone,IN,N,,N02,,N02A,,N02AJ,Opioids in combination with non-opioid analgesics
anticonceptivos orales hierro,90176.0,iron,IN,,,,,,,,
colageno vitd glucosamina vit,4845.0,glucosamine,IN,M,,M01,,M01A,,M01AX,"Other antiinflammatory and antirheumatic agents, non-steroids"
fortex,1309788.0,Eucommia ulmoides bark extract,IN,,,,,,,,
oxitocina ui iv,7824.0,oxytocin,IN,H,,H01,,H01B,,H01BB,Oxytocin and analogues
metformina sitagliptina,729717.0,metformin / sitagliptin,MIN,A,,A10,,A10B,,A10BD,Combinations of oral blood glucose lowering drugs
anticonceptivos inyectables,,,,,,,,,,,
naturistas,,,,,,,,,,,
vetrapamilo,11170.0,verapamil,IN,C,,C08,,C08D,,C08DA,Phenylalkylamine derivatives
winadine f,2590763.0,Stomodine F,BN,A,,A01,,A01A,,A01AB,Antiinfectives and antiseptics for local oral treatment
ziped,,,,,,,,,,,
levotioroxina,10582.0,levothyroxine,IN,H,,H03,,H03A,,H03AA,Thyroid hormones
tiroxyn,2656734.0,benzalkonium chloride / benzocaine Topical Solution [Viroxyn],SBDFP,,,,,,,,
ferpro tab dia,996520.0,dextromethorphan hydrobromide 2 MG/ML / guaifenesin 20 MG/ML Oral Solution,SCD,R,,R05,,R05D,,R05DA,Opium alkaloids and derivatives
fibrastrin,,,,,,,,,,,
olmetec x mgs,217263.0,Gas-X,BN,A,,A03,,A03A,,A03AX,Other drugs for functional gastrointestinal disorders
delifon,,,,,,,,,,,
atorvastatina x mgs,217263.0,Gas-X,BN,A,,A03,,A03A,,A03AX,Other drugs for functional gastrointestinal disorders
naturista,581662.0,ethanol 0.7 ML/ML Topical Gel,SCD,D,,D08,,D08A,,D08AX,Other antiseptics and disinfectants
hidroxiurea,5552.0,hydroxyurea,IN,L,,L01,,L01X,,L01XX,Other antineoplastic agents
lanzoptazol,17128.0,lansoprazole,IN,A,,A02,,A02B,,A02BC,Proton pump inhibitors
bisoprolol mgs,,,,,,,,,,,
amlodipino mgs,17767.0,amlodipine,IN,C,,C09,,C09D,,C09DX,"Angiotensin II receptor blockers (ARBs), other combinations"
tevetens,,,,,,,,,,,
metrotexate vit c,1151.0,ascorbic acid,IN,A,,A11,,A11J,,A11JC,"Vitamins, other combinations"
allercet ocasional,215129.0,Allerest 12 Hour Nasal Spray,BN,R,,R01,,R01A,,R01AA,"Sympathomimetics, plain"
acido ursodesoxicolico mg tab,183830.0,iocetamic acid,IN,V,,V08,,V08A,,V08AC,"Watersoluble, hepatotropic X-ray contrast media"
pregabalina ocasional,187832.0,pregabalin,IN,N,,N02,,N02B,,N02BF,Gabapentinoids
ver hc,215381.0,Aquanil HC,BN,D,,D07,,D07A,,D07AA,"Corticosteroids, weak (group I)"
pradaxa x,1037046.0,Pradaxa,BN,B,,B01,,B01A,,B01AE,Direct thrombin inhibitors
evotiroxina,,,,,,,,,,,
acetaminofen forte,,,,,,,,,,,
rosuvastina x mgs,,,,,,,,,,,
vitaminas hierro probioticos,,,,,,,,,,,
prednisona x mgs,,,,,,,,,,,
olanzapina mg dia,61381.0,olanzapine,IN,,,,,,,,
hidrosmina,,,,,,,,,,,
venlapasina,,,,,,,,,,,
sucralfate,10156.0,sucralfate,IN,A,,A02,,A02B,,A02BX,Other drugs for peptic ulcer and gastro-oesophageal reflux disease (GORD)
evotiroxina mcg dia,996520.0,dextromethorphan hydrobromide 2 MG/ML / guaifenesin 20 MG/ML Oral Solution,SCD,R,,R05,,R05D,,R05DA,Opium alkaloids and derivatives
asa x mgs,217263.0,Gas-X,BN,A,,A03,,A03A,,A03AX,Other drugs for functional gastrointestinal disorders
hormonoterapia,,,,,,,,,,,
pregabalina mgs,187832.0,pregabalin,IN,N,,N02,,N02B,,N02BF,Gabapentinoids
asa x mg,217263.0,Gas-X,BN,A,,A03,,A03A,,A03AX,Other drugs for functional gastrointestinal disorders
oxibutinina clorhidrato,32675.0,oxybutynin,IN,G,,G04,,G04B,,G04BD,Drugs for urinary frequency and incontinence
warfarina suspendida hace dias,11289.0,warfarin,IN,B,,B01,,B01A,,B01AA,Vitamin K antagonists
aceite mineral,1117107.0,Veneno de Abeja Aceite de Vibora,BN,M,,M02,,M02A,,M02AC,Preparations with salicylic acid derivatives
uroprane,,,,,,,,,,,
rifam tmp smx x ortop,217263.0,Gas-X,BN,A,,A03,,A03A,,A03AX,Other drugs for functional gastrointestinal disorders
cefalea,,,,,,,,,,,
facetix terapia hormonal ovarios poliquisticos,1427222.0,parathyroid hormone,IN,H,,H05,,H05A,,H05AA,Parathyroid hormones and analogues
rivostatina,,,,,,,,,,,
hctz x mgs,5487.0,hydrochlorothiazide,IN,C,,C09,,C09D,,C09DX,"Angiotensin II receptor blockers (ARBs), other combinations"
peg gramos dia,1310594.0,polyethylene glycol 4000,IN,,,,,,,,
planificando,,,,,,,,,,,
medicamento natural raiz,33093.0,peppermint preparation,IN,,,,,,,,
acetaminofen mas codeina,1099282.0,Mielim Y Mas,BN,R,,R05,,R05D,,R05DA,Opium alkaloids and derivatives
neosaldine,,,,,,,,,,,
testosterona cada mes,10379.0,testosterone,IN,G,,G03,,G03B,,G03BA,3-oxoandrosten (4) derivatives
salbutamol nec budesonida formoterol c h,389132.0,budesonide / formoterol,MIN,R,,R03,,R03A,,R03AK,"Adrenergics in combination with corticosteroids or other drugs, excl. anticholinergics"
gotas cannabis passiflora,1309979.0,passiflora incarnata flowering top extract,IN,,,,,,,,
fe calcio vitaminas,152364.0,Slow-Fe,BN,B,,B03,,B03A,,B03AA,"Iron bivalent, oral preparations"
salbutamol betametasona mometasona,108118.0,mometasone,IN,R,,R03,,R03A,,R03AK,"Adrenergics in combination with corticosteroids or other drugs, excl. anticholinergics"
caltrate plus tab diaria,1372696.0,Caltrate Plus D,BN,A,,A12,,A12A,,A12AX,"Calcium, combinations with vitamin D and/or other drugs"
enoxaparina mg cada horas,67108.0,enoxaparin,IN,B,,B01,,B01A,,B01AB,Heparin group
sirtadin,,,,,,,,,,,
micronurientes,,,,,,,,,,,
acetmanofen,,,,,,,,,,,
enalapril mg c h,3827.0,enalapril,IN,C,,C09,,C09A,,C09AA,"ACE inhibitors, plain"
insulina glarigina,274783.0,insulin glargine,IN,A,,A10,,A10A,,A10AE,"Insulins and analogues for injection, long-acting"
termino quimioterapia junio,214953.0,Absorbine Jr.,BN,M,,M02,,M02A,,M02AX,Other topical products for joint and muscular pain
gotas oftalmol,2688947.0,250 ML dibasic potassium phosphate 4.72 MG/ML / monobasic potassium phosphate 4.48 MG/ML Injection,SCD,B,,B05,,B05B,,B05BB,Solutions affecting the electrolyte balance
bilaxten,,,,,,,,,,,
doxepina,3638.0,doxepin,IN,N,,N06,,N06A,,N06AA,Non-selective monoamine reuptake inhibitors
bupropion,42347.0,bupropion,IN,N,,N06,,N06A,,N06AX,Other antidepressants
amlodipino mg cada dia,17767.0,amlodipine,IN,C,,C09,,C09D,,C09DX,"Angiotensin II receptor blockers (ARBs), other combinations"
losartan mg cada dia,52175.0,losartan,IN,C,,C09,,C09C,,C09CA,"Angiotensin II receptor blockers (ARBs), plain"
dienomet hormonas,22968.0,dienogest,IN,G,,G03,,G03D,,G03DB,Pregnadien derivatives
hidrocodona acetaminofen oral,161.0,acetaminophen,IN,N,,N02,,N02A,,N02AJ,Opioids in combination with non-opioid analgesics
semaglutida,1991302.0,semaglutide,IN,A,,A10,,A10B,,A10BJ,Glucagon-like peptide-1 (GLP-1) analogues
losartan x metoprolol x metformina x jardiance empagliflozina x asa x hctz atorvastatina,217263.0,Gas-X,BN,A,,A03,,A03A,,A03AX,Other drugs for functional gastrointestinal disorders
eutirox mcg valsartan c h hctz c h asa c,1151.0,ascorbic acid,IN,A,,A11,,A11J,,A11JC,"Vitamins, other combinations"
tetralisal antibiotico,2716737.0,Bactine Antibiotic,BN,D,,D06,,D06A,,D06AX,Other antibiotics for topical use
vitaminicos,,,,,,,,,,,
dextransoprasol,,,,,,,,,,,
nifedipino mg,7417.0,nifedipine,IN,C,,C08,,C08C,,C08CA,Dihydropyridine derivatives
acetaminofen codeina f,217508.0,Hemocyte-F,BN,B,,B03,,B03A,,B03AD,Iron in combination with folic acid
triptico,,,,,,,,,,,
polivitaminicos,,,,,,,,,,,
enfermedad actual,1945047.0,30 ACTUAT fluticasone furoate 0.1 MG/ACTUAT / umeclidinium 0.0625 MG/ACTUAT / vilanterol 0.025 MG/ACTUAT Dry Powder Inhaler,SCD,R,,R03,,R03A,,R03AL,Adrenergics in combination with anticholinergics incl. triple combinations with corticosteroids
levottiroxina x mgs,217263.0,Gas-X,BN,A,,A03,,A03A,,A03AX,Other drugs for functional gastrointestinal disorders
complejho b,11248.0,vitamin B12,IN,B,,B03,,B03B,,B03BA,Vitamin B12 (cyanocobalamin and analogues)
omeprazol x mgs,7646.0,omeprazole,IN,A,,A02,,A02B,,A02BC,Proton pump inhibitors
jardiance,1545659.0,Jardiance,BN,A,,A10,,A10B,,A10BK,Sodium-glucose co-transporter 2 (SGLT2) inhibitors
ocrelizumab,1876366.0,ocrelizumab,IN,L,,L04,,L04A,,L04AG,Monoclonal antibodies
vitamina b b biotina,11251.0,vitamin B complex,IN,,,,,,,,
nifepidino,,,,,,,,,,,
glibenclamida,4815.0,glyburide,IN,A,,A10,,A10B,,A10BB,Sulfonylureas
lubiprostone,623033.0,lubiprostone,IN,A,,A06,,A06A,,A06AX,Other drugs for constipation
calcibon hierro acido folico,4511.0,folic acid,IN,B,,B03,,B03A,,B03AD,Iron in combination with folic acid
rizatriptan,88014.0,rizatriptan,IN,N,,N02,,N02C,,N02CC,Selective serotonin (5HT1) agonists
mylanta esomeprazol,283742.0,esomeprazole,IN,A,,A02,,A02B,,A02BC,Proton pump inhibitors
insulinas,253182.0,"insulin, regular, human",IN,A,,A10,,A10A,,A10AD,"Insulins and analogues for injection, intermediate- or long-acting combined with fast-acting"
pregabalina tramadol acetaminfen naproxeno,10689.0,tramadol,IN,N,,N02,,N02A,,N02AX,Other opioids
acetaminfen codeina,2670.0,codeine,IN,R,,R05,,R05D,,R05DA,Opium alkaloids and derivatives
hctz x,5487.0,hydrochlorothiazide,IN,C,,C09,,C09D,,C09DX,"Angiotensin II receptor blockers (ARBs), other combinations"
sertralina x,217263.0,Gas-X,BN,A,,A03,,A03A,,A03AX,Other drugs for functional gastrointestinal disorders
enalapril carvedilol,20352.0,carvedilol,IN,C,,C07,,C07A,,C07AG,Alpha and beta blocking agents
losartan c h amlodipino mg,52175.0,losartan,IN,C,,C09,,C09C,,C09CA,"Angiotensin II receptor blockers (ARBs), plain"
carbamazepina mg cada horas,2002.0,carbamazepine,IN,N,,N03,,N03A,,N03AF,Carboxamide derivatives
sulzinc,,,,,,,,,,,
enzimas digestivas,1310754.0,inulin 200 MG / Lacticaseibacillus rhamnosus GG 10000000000 UNT Oral Capsule,SCD,,,,,,,,
inmunotec,581662.0,ethanol 0.7 ML/ML Topical Gel,SCD,D,,D08,,D08A,,D08AX,Other antiseptics and disinfectants
acetaminoifen ocasional,161.0,acetaminophen,IN,N,,N02,,N02A,,N02AJ,Opioids in combination with non-opioid analgesics
saldiar,,,,,,,,,,,
celcocib,140587.0,celecoxib,IN,L,,L01,,L01X,,L01XX,Other antineoplastic agents
ninfuno,,,,,,,,,,,
cevedol,2656855.0,morphine sulfate Oral Tablet [Sevredol],SBDFP,,,,,,,,
tizanidina x bruxismo,217263.0,Gas-X,BN,A,,A03,,A03A,,A03AX,Other drugs for functional gastrointestinal disorders
insulina glargina ui cada noche,274783.0,insulin glargine,IN,A,,A10,,A10A,,A10AE,"Insulins and analogues for injection, long-acting"
dienomed acos,,,,,,,,,,,
espirulina,487252.0,Spirulina,IN,,,,,,,,
bisagen,,,,,,,,,,,
crestor mg,320864.0,Crestor,BN,C,,C10,,C10A,,C10AA,HMG CoA reductase inhibitors
centrum fem,2590818.0,Fem Choice,BN,G,,G03,,G03A,,G03AC,Progestogens
moxiflosacino,139462.0,moxifloxacin,IN,J,,J01,,J01M,,J01MA,Fluoroquinolones
levotiroxia,10582.0,levothyroxine,IN,H,,H03,,H03A,,H03AA,Thyroid hormones
valsartan propranolol,8787.0,propranolol,IN,C,,C07,,C07A,,C07AA,"Beta blocking agents, non-selective"
hczt,,,,,,,,,,,
dutastride,228790.0,dutasteride,IN,G,,G04,,G04C,,G04CA,Alpha-adrenoreceptor antagonists
dexilant,902621.0,Dexilant,BN,A,,A02,,A02B,,A02BC,Proton pump inhibitors
vitaminca c,1151.0,ascorbic acid,IN,A,,A11,,A11J,,A11JC,"Vitamins, other combinations"
ventolin,8887.0,Ventolin,BN,R,,R03,,R03A,,R03AC,Selective beta-2-adrenoreceptor agonists
enalapril mg vo cada horas,3827.0,enalapril,IN,C,,C09,,C09A,,C09AA,"ACE inhibitors, plain"
buscapina ocasionalmente,1597298.0,acetaminophen 500 MG / caffeine 60 MG / pyrilamine maleate 15 MG Oral Tablet,SCD,N,,N02,,N02B,,N02BE,Anilides
sulfasalazina,9524.0,sulfasalazine,IN,A,,A07,,A07E,,A07EC,Aminosalicylic acid and similar agents
xatrane,,,,,,,,,,,
oxibutimina,,,,,,,,,,,
advil ocasional,153010.0,Advil,BN,M,,M01,,M01A,,M01AE,Propionic acid derivatives
asa cada dia,1191.0,aspirin,IN,N,,N02,,N02B,,N02BA,Salicylic acid and derivatives
daily amway,1792372.0,Lenvima,BN,L,,L01,,L01E,,L01EX,Other protein kinase inhibitors
acetaminofen vitaminas,161.0,acetaminophen,IN,N,,N02,,N02A,,N02AJ,Opioids in combination with non-opioid analgesics
acetaminofen advil ocasional,153010.0,Advil,BN,M,,M01,,M01A,,M01AE,Propionic acid derivatives
metoprolol mg cada h,6918.0,metoprolol,IN,C,,C07,,C07F,,C07FB,Beta blocking agents and calcium channel blockers
acetaminoen ocasional,161.0,acetaminophen,IN,N,,N02,,N02A,,N02AJ,Opioids in combination with non-opioid analgesics
losaratan,52175.0,losartan,IN,C,,C09,,C09C,,C09CA,"Angiotensin II receptor blockers (ARBs), plain"
terapia reemplazo hormonal,1427222.0,parathyroid hormone,IN,H,,H05,,H05A,,H05AA,Parathyroid hormones and analogues
atorvastatina losartan,52175.0,losartan,IN,C,,C09,,C09C,,C09CA,"Angiotensin II receptor blockers (ARBs), plain"
medicacion ginecologica,,,,,,,,,,,
ketoprofeno,6142.0,ketoprofen,IN,M,,M01,,M01A,,M01AE,Propionic acid derivatives
probioticos enzimas gastricas,4698.0,gastric mucins,IN,,,,,,,,
mycardis x mhs,217263.0,Gas-X,BN,A,,A03,,A03A,,A03AX,Other drugs for functional gastrointestinal disorders
losartan mgs,52175.0,losartan,IN,C,,C09,,C09C,,C09CA,"Angiotensin II receptor blockers (ARBs), plain"
fluoxetina mg cada dia x dias am,217263.0,Gas-X,BN,A,,A03,,A03A,,A03AX,Other drugs for functional gastrointestinal disorders
vitd,2418.0,cholecalciferol,IN,A,,A11,,A11J,,A11JB,Vitamins with minerals
dienogest,22968.0,dienogest,IN,G,,G03,,G03D,,G03DB,Pregnadien derivatives
triamcinolona,10759.0,triamcinolone,IN,D,,D07,,D07A,,D07AB,"Corticosteroids, moderately potent (group II)"
levotiroxina clonazepam bupropion,2598.0,clonazepam,IN,N,,N03,,N03A,,N03AE,Benzodiazepine derivatives
lirica,593441.0,Lyrica,BN,N,,N02,,N02B,,N02BF,Gabapentinoids
vitmaina c,1151.0,ascorbic acid,IN,A,,A11,,A11J,,A11JC,"Vitamins, other combinations"
spray nasal merimer,,,,,,,,,,,
fen cafe,1234579.0,phenylephrine hydrochloride 25 MG/ML Ophthalmic Solution,SCD,S,,S01,,S01F,,S01FB,Sympathomimetics excl. antiglaucoma preparations
esteroide estanozolol,10032.0,stanozolol,IN,A,,A14,,A14A,,A14AA,Androstan derivatives
tiriparatida,32915.0,teriparatide,IN,H,,H05,,H05A,,H05AA,Parathyroid hormones and analogues
fennil alanina,426.0,alanine,IN,B,,B05,,B05B,,B05BA,Solutions for parenteral nutrition
alnalgesicos,998598.0,Analgesic Balm GRX,BN,M,,M02,,M02A,,M02AC,Preparations with salicylic acid derivatives
isofes,,,,,,,,,,,
atacand candesartan mg x,368268.0,candesartan Oral Tablet [Atacand],SBDF,C,,C09,,C09C,,C09CA,"Angiotensin II receptor blockers (ARBs), plain"
loracepoam mgs,6470.0,lorazepam,IN,N,,N05,,N05B,,N05BA,Benzodiazepine derivatives
enalapril mgs,3827.0,enalapril,IN,C,,C09,,C09A,,C09AA,"ACE inhibitors, plain"
coveram,2655515.0,verapamil hydrochloride Extended Release Oral Tablet [Covera],SBDFP,,,,,,,,
oscarmacepina x mgs,217263.0,Gas-X,BN,A,,A03,,A03A,,A03AX,Other drugs for functional gastrointestinal disorders
hidrocodona mas acetaminofen,1099282.0,Mielim Y Mas,BN,R,,R05,,R05D,,R05DA,Opium alkaloids and derivatives
minoxifem,,,,,,,,,,,
migradol,42643.0,Migranal,BN,N,,N02,,N02C,,N02CA,Ergot alkaloids
nifedipino x mgs,217263.0,Gas-X,BN,A,,A03,,A03A,,A03AX,Other drugs for functional gastrointestinal disorders
tamoxifeno tab,10324.0,tamoxifen,IN,L,,L02,,L02B,,L02BA,Anti-estrogens
eutirox losartan atorvastatina metoprolol sertralina esomeprazol asa,52175.0,losartan,IN,C,,C09,,C09C,,C09CA,"Angiotensin II receptor blockers (ARBs), plain"
codeina ocasional,2670.0,codeine,IN,R,,R05,,R05D,,R05DA,Opium alkaloids and derivatives
valganciclovir,275891.0,valganciclovir,IN,J,,J05,,J05A,,J05AB,Nucleosides and nucleotides excl. reverse transcriptase inhibitors
biogaia,1247273.0,BioGaia,BN,,,,,,,,
nuliteli,801054.0,polyethylene glycol 3350 420000 MG / potassium chloride 1480 MG / sodium bicarbonate 5720 MG / sodium chloride 11200 MG Powder for Oral Solution,SCD,B,,B05,,B05C,,B05CB,Salt solutions
vitmaminas,11246.0,vitamin A,IN,A,,A11,,A11J,,A11JA,Combinations of vitamins
herrexfol,,,,,,,,,,,
tolteridona,,,,,,,,,,,
losartan atorvastatina,52175.0,losartan,IN,C,,C09,,C09C,,C09CA,"Angiotensin II receptor blockers (ARBs), plain"
dayaminerol,,,,,,,,,,,
rosuvastatina veces semana,301542.0,rosuvastatin,IN,C,,C10,,C10A,,C10AA,HMG CoA reductase inhibitors
presdnisolona x mgs,217263.0,Gas-X,BN,A,,A03,,A03A,,A03AX,Other drugs for functional gastrointestinal disorders
htzda mg dia,996520.0,dextromethorphan hydrobromide 2 MG/ML / guaifenesin 20 MG/ML Oral Solution,SCD,R,,R05,,R05D,,R05DA,Opium alkaloids and derivatives
nticonceptivos,,,,,,,,,,,
vitaminas mas calcio,1099282.0,Mielim Y Mas,BN,R,,R05,,R05D,,R05DA,Opium alkaloids and derivatives
tamsulom,,,,,,,,,,,
vdesvelafaxina,734064.0,desvenlafaxine,IN,N,,N06,,N06A,,N06AX,Other antidepressants
ac tranexamico x mioma uterino,217263.0,Gas-X,BN,A,,A03,,A03A,,A03AX,Other drugs for functional gastrointestinal disorders
atorvastatina bg diltiazem mg c h asa mg losartan mg dia losartan mg hctz,214619.0,hydrochlorothiazide / losartan,MIN,C,,C09,,C09C,,C09CA,"Angiotensin II receptor blockers (ARBs), plain"
rivaroxaban mg dia bisoprolol mg dia,1114195.0,rivaroxaban,IN,B,,B01,,B01A,,B01AF,Direct factor Xa inhibitors
calcio magnesio,6574.0,magnesium,IN,,,,,,,,
desloratadina c h,1151.0,ascorbic acid,IN,A,,A11,,A11J,,A11JC,"Vitamins, other combinations"
eletrozol,72965.0,letrozole,IN,L,,L02,,L02B,,L02BG,Aromatase inhibitors
acido ursodeoxicol,183830.0,iocetamic acid,IN,V,,V08,,V08A,,V08AC,"Watersoluble, hepatotropic X-ray contrast media"
clonidina,2599.0,clonidine,IN,C,,C02,,C02A,,C02AC,Imidazoline receptor agonists
inhalador salbutamol,435.0,albuterol,IN,R,,R03,,R03A,,R03AC,Selective beta-2-adrenoreceptor agonists
vitmina complejo b,11251.0,vitamin B complex,IN,,,,,,,,
pregablina,187832.0,pregabalin,IN,N,,N02,,N02B,,N02BF,Gabapentinoids
dipirona cafeina,1886.0,caffeine,IN,N,,N02,,N02B,,N02BA,Salicylic acid and derivatives
montelukast salbutamol,88249.0,montelukast,IN,R,,R03,,R03D,,R03DC,Leukotriene receptor antagonists
cetirizina beclometasona salbutamol,20610.0,cetirizine,IN,R,,R06,,R06A,,R06AE,Piperazine derivatives
tramadol segun dolor,10689.0,tramadol,IN,N,,N02,,N02A,,N02AX,Other opioids
facetis,,,,,,,,,,,
ciclofen,1431683.0,Cicloferon,BN,D,,D08,,D08A,,D08AJ,Quaternary ammonium compounds
salbutamol inhal,435.0,albuterol,IN,R,,R03,,R03A,,R03AC,Selective beta-2-adrenoreceptor agonists
eterocoxib,307296.0,etoricoxib,IN,M,,M01,,M01A,,M01AH,Coxibs
furoato mometasona,108118.0,mometasone,IN,R,,R03,,R03A,,R03AK,"Adrenergics in combination with corticosteroids or other drugs, excl. anticholinergics"
losartan mas hctzda,52175.0,losartan,IN,C,,C09,,C09C,,C09CA,"Angiotensin II receptor blockers (ARBs), plain"
sulfato ferroso calcio,1895.0,calcium,IN,,,,,,,,
diogenex,581662.0,ethanol 0.7 ML/ML Topical Gel,SCD,D,,D08,,D08A,,D08AX,Other antiseptics and disinfectants
sintroid mcg,224920.0,Synthroid,BN,H,,H03,,H03A,,H03AA,Thyroid hormones
testosterona im,10379.0,testosterone,IN,G,,G03,,G03B,,G03BA,3-oxoandrosten (4) derivatives
inmumobiologico,,,,,,,,,,,
mycrogon suave,1306122.0,Mycogone nigra allergenic extract,IN,,,,,,,,
medicamento colesterol,2438.0,cholesterol,IN,,,,,,,,
vit c zinc glucosamina,1151.0,ascorbic acid,IN,A,,A11,,A11J,,A11JC,"Vitamins, other combinations"
entresto sacubitril calsartan,2679796.0,sacubitril / valsartan Oral Pellet [Entresto],SBDF,C,,C09,,C09D,,C09DX,"Angiotensin II receptor blockers (ARBs), other combinations"
acetaminofen segun dolor,161.0,acetaminophen,IN,N,,N02,,N02A,,N02AJ,Opioids in combination with non-opioid analgesics
fitoestrogenos,,,,,,,,,,,
termisartan hctz,284636.0,hydrochlorothiazide / telmisartan,MIN,C,,C09,,C09D,,C09DA,Angiotensin II receptor blockers (ARBs) and diuretics
rosivastatina,301542.0,rosuvastatin,IN,C,,C10,,C10A,,C10AA,HMG CoA reductase inhibitors
winadeyne f,2590763.0,Stomodine F,BN,A,,A01,,A01A,,A01AB,Antiinfectives and antiseptics for local oral treatment
ezetimibe sinvastatina,484211.0,ezetimibe / simvastatin,MIN,C,,C10,,C10B,,C10BA,Combinations of various lipid modifying agents
neosaldina ocasional,,,,,,,,,,,
clortalidona,2409.0,chlorthalidone,IN,C,,C09,,C09D,,C09DA,Angiotensin II receptor blockers (ARBs) and diuretics
verapamilo x mgs,217263.0,Gas-X,BN,A,,A03,,A03A,,A03AX,Other drugs for functional gastrointestinal disorders
salmeterol inhalador,36117.0,salmeterol,IN,R,,R03,,R03A,,R03AK,"Adrenergics in combination with corticosteroids or other drugs, excl. anticholinergics"
enalapril x mgs,3827.0,enalapril,IN,C,,C09,,C09A,,C09AA,"ACE inhibitors, plain"
forciga,,,,,,,,,,,
sertralina trazodona,10737.0,trazodone,IN,N,,N06,,N06A,,N06AX,Other antidepressants
ventilan,8887.0,Ventolin,BN,R,,R03,,R03A,,R03AC,Selective beta-2-adrenoreceptor agonists
calcio esomeprazol,283742.0,esomeprazole,IN,A,,A02,,A02B,,A02BC,Proton pump inhibitors
espasmobil,,,,,,,,,,,
vit d c,11253.0,vitamin D,IN,,,,,,,,
letiroxina,,,,,,,,,,,
espirinolactona furosemida,4603.0,furosemide,IN,C,,C03,,C03C,,C03CA,"Sulfonamides, plain"
giardiance,1545659.0,Jardiance,BN,A,,A10,,A10B,,A10BK,Sodium-glucose co-transporter 2 (SGLT2) inhibitors
colypan,,,,,,,,,,,
anovulatoriorios orales,,,,,,,,,,,
hctz x gs,5487.0,hydrochlorothiazide,IN,C,,C09,,C09D,,C09DX,"Angiotensin II receptor blockers (ARBs), other combinations"
limesin,1428948.0,lidocaine 0.04 MG/MG / menthol 0.04 MG/MG Medicated Patch,SCD,D,,D04,,D04A,,D04AB,Anesthetics for topical use
deflazacort mg dia veces semana,22396.0,deflazacort,IN,H,,H02,,H02A,,H02AB,Glucocorticoids
omeprazol x,7646.0,omeprazole,IN,A,,A02,,A02B,,A02BC,Proton pump inhibitors
beclometasona spray nasal,370992.0,beclomethasone Nasal Spray,SCDF,A,,A07,,A07E,,A07EA,Corticosteroids acting locally
elthrombopaq,711942.0,eltrombopag,IN,B,,B02,,B02B,,B02BX,Other systemic hemostatics
espmeprazol,283742.0,esomeprazole,IN,A,,A02,,A02B,,A02BC,Proton pump inhibitors
levatiracetam,114477.0,levetiracetam,IN,N,,N03,,N03A,,N03AX,Other antiepileptics
liraglutida sc x,217263.0,Gas-X,BN,A,,A03,,A03A,,A03AX,Other drugs for functional gastrointestinal disorders
bromuro pinaverio,33724.0,pinaverium,IN,A,,A03,,A03A,,A03AX,Other drugs for functional gastrointestinal disorders
atorva x,217263.0,Gas-X,BN,A,,A03,,A03A,,A03AX,Other drugs for functional gastrointestinal disorders
valeriana,253206.0,valerian root extract,IN,N,,N05,,N05C,,N05CM,Other hypnotics and sedatives
allopurinol,519.0,allopurinol,IN,M,,M04,,M04A,,M04AA,Preparations inhibiting uric acid production
valsartan x,69749.0,valsartan,IN,C,,C09,,C09C,,C09CA,"Angiotensin II receptor blockers (ARBs), plain"
desloratadina salbutamol,275635.0,desloratadine,IN,R,,R01,,R01B,,R01BA,Sympathomimetics
jex acos,,,,,,,,,,,
vitaminas bion,1088214.0,Bion Tears,BN,S,,S01,,S01X,,S01XA,Other ophthalmologicals
tamoxifena,10324.0,tamoxifen,IN,L,,L02,,L02B,,L02BA,Anti-estrogens
levofloxacina,82122.0,levofloxacin,IN,J,,J01,,J01M,,J01MA,Fluoroquinolones
simvastatina,36567.0,simvastatin,IN,C,,C10,,C10A,,C10AA,HMG CoA reductase inhibitors
ver h clinica,2264790.0,DuoCare Clinical,BN,A,,A01,,A01A,,A01AB,Antiinfectives and antiseptics for local oral treatment
entricitabina tenofobir,1008145.0,emtricitabine / tenofovir disoproxil,MIN,J,,J05,,J05A,,J05AR,"Antivirals for treatment of HIV infections, combinations"
tremfya,1928593.0,Tremfya,BN,L,,L04,,L04A,,L04AC,Interleukin inhibitors
propanolol x mgs,217263.0,Gas-X,BN,A,,A03,,A03A,,A03AX,Other drugs for functional gastrointestinal disorders
sabril,152332.0,Sabril,BN,N,,N03,,N03A,,N03AG,Fatty acid derivatives
salbutamol beclometasona,435.0,albuterol,IN,R,,R03,,R03A,,R03AC,Selective beta-2-adrenoreceptor agonists
multivitamina,313599.0,ascorbic acid 35 MG/ML / cholecalciferol 0.01 MG/ML / vitamin A 0.45 MG/ML Oral Solution,SCD,A,,A11,,A11C,,A11CA,"Vitamin A, plain"
metformina mg veces dia,6809.0,metformin,IN,A,,A10,,A10B,,A10BD,Combinations of oral blood glucose lowering drugs
ac folico fe vit,152364.0,Slow-Fe,BN,B,,B03,,B03A,,B03AA,"Iron bivalent, oral preparations"
avamys topico,220345.0,Topicort,BN,D,,D07,,D07A,,D07AC,"Corticosteroids, potent (group III)"
hormona natural,33093.0,peppermint preparation,IN,,,,,,,,
hormonas im,1427222.0,parathyroid hormone,IN,H,,H05,,H05A,,H05AA,Parathyroid hormones and analogues
mosaprida,135091.0,mosapride,IN,A,,A03,,A03F,,A03FA,Propulsives
anticonvceptivos,,,,,,,,,,,
nticonceptivo implnatable sc,,,,,,,,,,,
pamoato detriptorelina,338529.0,triptorelin pamoate,PIN,L,,L02,,L02A,,L02AE,Gonadotropin releasing hormone analogues
medicacion estrenimiento,,,,,,,,,,,
losartan mas hctz,214619.0,hydrochlorothiazide / losartan,MIN,C,,C09,,C09C,,C09CA,"Angiotensin II receptor blockers (ARBs), plain"
disnogest,22968.0,dienogest,IN,G,,G03,,G03D,,G03DB,Pregnadien derivatives
usando inhalador nasal rinitis,1421432.0,Barleria prionitis whole extract,IN,,,,,,,,
urine flow,1547941.0,Urin DS,BN,G,,G04,,G04B,,G04BX,Other urologicals
levotiroxina mcg dia lunes viernes,540404.0,Lunesta,BN,N,,N05,,N05C,,N05CF,Benzodiazepine related drugs
atorvastationa,83367.0,atorvastatin,IN,C,,C10,,C10B,,C10BA,Combinations of various lipid modifying agents
neiga,,,,,,,,,,,
antibioticos gastritis elicobacter,2716737.0,Bactine Antibiotic,BN,D,,D06,,D06A,,D06AX,Other antibiotics for topical use
amixcilina clavulanato,48203.0,clavulanate,IN,J,,J01,,J01C,,J01CR,"Combinations of penicillins, incl. beta-lactamase inhibitors"
trimebutina mg x,217263.0,Gas-X,BN,A,,A03,,A03A,,A03AX,Other drugs for functional gastrointestinal disorders
l tiroxina x,153970.0,hyoscyamine,IN,A,,A03,,A03B,,A03BA,"Belladonna alkaloids, tertiary amines"
vitaminas suspendio,1151.0,ascorbic acid,IN,A,,A11,,A11J,,A11JC,"Vitamins, other combinations"
muttivitaminicos,313599.0,ascorbic acid 35 MG/ML / cholecalciferol 0.01 MG/ML / vitamin A 0.45 MG/ML Oral Solution,SCD,A,,A11,,A11C,,A11CA,"Vitamin A, plain"
concor mg c h,1151.0,ascorbic acid,IN,A,,A11,,A11J,,A11JC,"Vitamins, other combinations"
losartran x mgs,217263.0,Gas-X,BN,A,,A03,,A03A,,A03AX,Other drugs for functional gastrointestinal disorders
fenovas,,,,,,,,,,,
xerosat,,,,,,,,,,,
gotas oticas,2688947.0,250 ML dibasic potassium phosphate 4.72 MG/ML / monobasic potassium phosphate 4.48 MG/ML Injection,SCD,B,,B05,,B05B,,B05BB,Solutions affecting the electrolyte balance
micofenolato mofetil,68149.0,mycophenolate mofetil,IN,L,,L04,,L04A,,L04AA,Selective immunosuppressants
ver,1550700.0,Kentucky bluegrass pollen extract 100 IR / orchard grass pollen extract 100 IR / perennial rye grass pollen extract 100 IR / sweet vernal grass pollen extract 100 IR / Timothy grass pollen extract 100 IR Sublingual Tablet,SCD,V,,V01,,V01A,,V01AA,Allergen extracts
liraglutida diario,475968.0,liraglutide,IN,A,,A10,,A10B,,A10BJ,Glucagon-like peptide-1 (GLP-1) analogues
triporelina x mgs,217263.0,Gas-X,BN,A,,A03,,A03A,,A03AX,Other drugs for functional gastrointestinal disorders
synalgen,855633.0,diclofenac sodium 0.01 MG/MG Topical Gel,SCD,M,,M02,,M02A,,M02AA,"Antiinflammatory preparations, non-steroids for topical use"
fexofenadina alerfast,87636.0,fexofenadine,IN,R,,R06,,R06A,,R06AX,Other antihistamines for systemic use
sirolimus,35302.0,sirolimus,IN,L,,L04,,L04A,,L04AH,Mammalian target of rapamycin (mTOR) kinase inhibitors
tmp smx,142118.0,sulfamethoxazole 100 MG / trimethoprim 20 MG Oral Tablet,SCD,J,,J01,,J01E,,J01EC,Intermediate-acting sulfonamides
jaell,,,,,,,,,,,
tinox,,,,,,,,,,,
antireflujo,,,,,,,,,,,
parocetina,32937.0,paroxetine,IN,N,,N06,,N06A,,N06AB,Selective serotonin reuptake inhibitors
tamsulozna,,,,,,,,,,,
mirtasapina,15996.0,mirtazapine,IN,N,,N06,,N06A,,N06AX,Other antidepressants
amlodipino ac folico,17767.0,amlodipine,IN,C,,C09,,C09D,,C09DX,"Angiotensin II receptor blockers (ARBs), other combinations"
xatral od mg noche,356728.0,UroXatral,BN,G,,G04,,G04C,,G04CA,Alpha-adrenoreceptor antagonists
leflunomida,27169.0,leflunomide,IN,L,,L04,,L04A,,L04AK,Dihydroorotate dehydrogenase (DHODH) inhibitors
neurobion,198440.0,acetaminophen 500 MG Oral Tablet,SCD,N,,N02,,N02B,,N02BE,Anilides
rosuvastatina mg tab,301542.0,rosuvastatin,IN,C,,C10,,C10A,,C10AA,HMG CoA reductase inhibitors
metformina mg d,1358998.0,Zephrex-D,BN,R,,R01,,R01B,,R01BA,Sympathomimetics
oxacarbazepina,32624.0,oxcarbazepine,IN,N,,N03,,N03A,,N03AF,Carboxamide derivatives
pregabalina lyrca,187832.0,pregabalin,IN,N,,N02,,N02B,,N02BF,Gabapentinoids
hidroclorotizida,,,,,,,,,,,
neosalidne,,,,,,,,,,,
gotas oculares,476710.0,hydroxypropylcellulose Drug Implant,SCDF,S,,S01,,S01X,,S01XA,Other ophthalmologicals
escilatopram mg dia,321988.0,escitalopram,IN,N,,N06,,N06A,,N06AB,Selective serotonin reuptake inhibitors
tranexam tab dia,374181.0,tranexamic acid Oral Tablet,SCDF,B,,B02,,B02A,,B02AA,Amino acids
naturista membrasin,581662.0,ethanol 0.7 ML/ML Topical Gel,SCD,D,,D08,,D08A,,D08AX,Other antiseptics and disinfectants
jardiance duo,1545659.0,Jardiance,BN,A,,A10,,A10B,,A10BK,Sodium-glucose co-transporter 2 (SGLT2) inhibitors
buscapina fem,2590818.0,Fem Choice,BN,G,,G03,,G03A,,G03AC,Progestogens
analgesicos aines tramadol tapentadol,787390.0,tapentadol,IN,N,,N02,,N02A,,N02AX,Other opioids
somatropina mg,61148.0,somatropin,IN,H,,H01,,H01A,,H01AC,Somatropin and somatropin agonists
sumatriptam,37418.0,sumatriptan,IN,N,,N02,,N02C,,N02CC,Selective serotonin (5HT1) agonists
ginorel,,,,,,,,,,,
dolutegravir,1433868.0,dolutegravir,IN,J,,J05,,J05A,,J05AJ,Integrase inhibitors
vit d sumatriptan naproxeno,797426.0,naproxen / sumatriptan,MIN,N,,N02,,N02C,,N02CC,Selective serotonin (5HT1) agonists
enalapril hctz,214536.0,enalapril / hydrochlorothiazide,MIN,C,,C09,,C09A,,C09AA,"ACE inhibitors, plain"
dulexitna,,,,,,,,,,,
carvedilol mg c,20352.0,carvedilol,IN,C,,C07,,C07A,,C07AG,Alpha and beta blocking agents
vit c omega,1151.0,ascorbic acid,IN,A,,A11,,A11J,,A11JC,"Vitamins, other combinations"
nodol forte,202844.0,Pred Forte,BN,S,,S01,,S01B,,S01BA,"Corticosteroids, plain"
loratadina segun sintomas alergicos,28889.0,loratadine,IN,R,,R06,,R06A,,R06AX,Other antihistamines for systemic use
levotiroxina ug dia,10582.0,levothyroxine,IN,H,,H03,,H03A,,H03AA,Thyroid hormones
genboya,1721614.0,Genvoya,BN,V,,V03,,V03A,,V03AX,Other therapeutic products
sforge,,,,,,,,,,,
metrillene,,,,,,,,,,,
apaglutamida,1999574.0,apalutamide,IN,L,,L02,,L02B,,L02BB,Anti-androgens
clobazam,21241.0,clobazam,IN,N,,N05,,N05B,,N05BA,Benzodiazepine derivatives
trimebutin,10819.0,trimebutine,IN,A,,A03,,A03A,,A03AA,"Synthetic anticholinergics, esters with tertiary amino group"
levotiroxina mcgcada dia,10582.0,levothyroxine,IN,H,,H03,,H03A,,H03AA,Thyroid hormones
cramberry vitamina,125933.0,cranberry preparation,IN,,,,,,,,
prednisolona x,217263.0,Gas-X,BN,A,,A03,,A03A,,A03AX,Other drugs for functional gastrointestinal disorders
sertralina mg,36437.0,sertraline,IN,N,,N06,,N06A,,N06AB,Selective serotonin reuptake inhibitors
trazadona mg,10737.0,trazodone,IN,N,,N06,,N06A,,N06AX,Other antidepressants
afrin pediatrico spray nasal cada hors dias,361926.0,oxymetazoline Nasal Spray [Afrin],SBDF,R,,R01,,R01A,,R01AA,"Sympathomimetics, plain"
ilbersartan x mgs,217263.0,Gas-X,BN,A,,A03,,A03A,,A03AX,Other drugs for functional gastrointestinal disorders
apidra,607583.0,Apidra,BN,A,,A10,,A10A,,A10AB,"Insulins and analogues for injection, fast-acting"
glutamen,70602.0,glutamate,IN,B,,B05,,B05B,,B05BA,Solutions for parenteral nutrition
escitalopram x mgs,321988.0,escitalopram,IN,N,,N06,,N06A,,N06AB,Selective serotonin reuptake inhibitors
insulina,253182.0,"insulin, regular, human",IN,A,,A10,,A10A,,A10AD,"Insulins and analogues for injection, intermediate- or long-acting combined with fast-acting"
valsartan amlodipino,729455.0,amlodipine / valsartan,MIN,C,,C08,,C08C,,C08CA,Dihydropyridine derivatives
candesartan mg cada hs,214354.0,candesartan,IN,C,,C09,,C09C,,C09CA,"Angiotensin II receptor blockers (ARBs), plain"
esomeprazol x,283742.0,esomeprazole,IN,A,,A02,,A02B,,A02BC,Proton pump inhibitors
midodrina mg,6963.0,midodrine,IN,C,,C01,,C01C,,C01CA,Adrenergic and dopaminergic agents
acetamnofen codeina,2670.0,codeine,IN,R,,R05,,R05D,,R05DA,Opium alkaloids and derivatives
medrol cellcept,152633.0,Cellcept,BN,L,,L04,,L04A,,L04AA,Selective immunosuppressants
natel,352790.0,Natelle,BN,A,,A11,,A11G,,A11GA,"Ascorbic acid (vitamin C), plain"
fluoxetina mg dia,4493.0,fluoxetine,IN,N,,N06,,N06A,,N06AB,Selective serotonin reuptake inhibitors
dianogest estradiol mg,994203.0,dienogest / estradiol,MIN,G,,G03,,G03D,,G03DB,Pregnadien derivatives
deflaxacort,22396.0,deflazacort,IN,H,,H02,,H02A,,H02AB,Glucocorticoids
gestvit,,,,,,,,,,,
concord,901191.0,Concord grape allergenic extract,IN,,,,,,,,
lamitan x mgs,217263.0,Gas-X,BN,A,,A03,,A03A,,A03AX,Other drugs for functional gastrointestinal disorders
inmunocal,,,,,,,,,,,
apixaban x mgs,1364430.0,apixaban,IN,B,,B01,,B01A,,B01AF,Direct factor Xa inhibitors
anstazol,,,,,,,,,,,
madupar x mgs,217263.0,Gas-X,BN,A,,A03,,A03A,,A03AX,Other drugs for functional gastrointestinal disorders
bladuril,,,,,,,,,,,
flunarizina,4459.0,flunarizine,IN,N,,N07,,N07C,,N07CA,Antivertigo preparations
milanta ocasional,1040045.0,Milantex,BN,A,,A02,,A02A,,A02AF,Antacids with antiflatulents
tolak,1669869.0,Tolak,BN,L,,L01,,L01B,,L01BC,Pyrimidine analogues
cefadroxilo clindamicina,2177.0,cefadroxil,IN,J,,J01,,J01D,,J01DB,First-generation cephalosporins
nignuna,,,,,,,,,,,
anillo cervical planificacion,215960.0,Cervidil,BN,G,,G02,,G02A,,G02AD,Prostaglandins
tribumet,,,,,,,,,,,
salbutamol ocasional,435.0,albuterol,IN,R,,R03,,R03A,,R03AC,Selective beta-2-adrenoreceptor agonists
iversartan,,,,,,,,,,,
desloratadina ocasional,275635.0,desloratadine,IN,R,,R01,,R01B,,R01BA,Sympathomimetics
desvelafaxina,734064.0,desvenlafaxine,IN,N,,N06,,N06A,,N06AX,Other antidepressants
biotina colageno,1588.0,biotin,IN,B,,B03,,B03A,,B03AE,Iron in other combinations
alpurinol,519.0,allopurinol,IN,M,,M04,,M04A,,M04AA,Preparations inhibiting uric acid production
losartan mg x dia,52175.0,losartan,IN,C,,C09,,C09C,,C09CA,"Angiotensin II receptor blockers (ARBs), plain"
medss,1090846.0,Medi-Lyte,BN,A,,A12,,A12A,,A12AA,Calcium
colageno suplementos vitaminas,2714.0,collagen,IN,A,,A11,,A11G,,A11GB,"Ascorbic acid (vitamin C), combinations"
prednisolona mg diarios,8638.0,prednisolone,IN,H,,H02,,H02A,,H02AB,Glucocorticoids
vitmina d,11253.0,vitamin D,IN,,,,,,,,
enzimas difestivas,1310754.0,inulin 200 MG / Lacticaseibacillus rhamnosus GG 10000000000 UNT Oral Capsule,SCD,,,,,,,,
hiperlipem,,,,,,,,,,,
vitamix,11246.0,vitamin A,IN,A,,A11,,A11J,,A11JA,Combinations of vitamins
acido fenofibrico rosuvastatina,301542.0,rosuvastatin,IN,C,,C10,,C10A,,C10AA,HMG CoA reductase inhibitors
calcio hierro,90176.0,iron,IN,,,,,,,,
pregabalina mg dia,187832.0,pregabalin,IN,N,,N02,,N02B,,N02BF,Gabapentinoids
betahistina,1511.0,betahistine,IN,N,,N07,,N07C,,N07CA,Antivertigo preparations
naramig,1049906.0,diphenhydramine hydrochloride 2.5 MG/ML Oral Solution,SCD,R,,R06,,R06A,,R06AA,Aminoalkyl ethers
amlodipino losartan,52175.0,losartan,IN,C,,C09,,C09C,,C09CA,"Angiotensin II receptor blockers (ARBs), plain"
hiderax ivermectina,6069.0,ivermectin,IN,P,,P02,,P02C,,P02CF,Avermectines
telmisartan mg dia,73494.0,telmisartan,IN,C,,C09,,C09C,,C09CA,"Angiotensin II receptor blockers (ARBs), plain"
solucion citrato,2645817.0,caffeine citrate Oral Solution,SCDFP,N,,N06,,N06B,,N06BC,Xanthine derivatives
exenatide bydureon mg sc semanal,1653614.0,exenatide Injection [Bydureon],SBDF,A,,A10,,A10B,,A10BJ,Glucagon-like peptide-1 (GLP-1) analogues
glucophage x mgs,151827.0,Glucophage,BN,A,,A10,,A10B,,A10BA,Biguanides
sinalgen ocasinal,,,,,,,,,,,
vilaxten,,,,,,,,,,,
fluticazona,41126.0,fluticasone,IN,R,,R03,,R03A,,R03AK,"Adrenergics in combination with corticosteroids or other drugs, excl. anticholinergics"
eutirox mcgs dia,217006.0,Euthyrox,BN,H,,H03,,H03A,,H03AA,Thyroid hormones
torteradina,,,,,,,,,,,
ergotamina cafeina,4025.0,ergotamine,IN,N,,N02,,N02C,,N02CA,Ergot alkaloids
peg gr dia,1310594.0,polyethylene glycol 4000,IN,,,,,,,,
pregabalina dolor hombro izquierdo,187832.0,pregabalin,IN,N,,N02,,N02B,,N02BF,Gabapentinoids
irversatan,,,,,,,,,,,
seterizina,,,,,,,,,,,
latanoprox,43611.0,latanoprost,IN,S,,S01,,S01E,,S01EE,Prostaglandin analogues
migranon,892526.0,cashew nut allergenic extract,IN,V,,V01,,V01A,,V01AA,Allergen extracts
imipramina sertralina,5691.0,imipramine,IN,N,,N06,,N06A,,N06AA,Non-selective monoamine reuptake inhibitors
acta mnofen codeina,2670.0,codeine,IN,R,,R05,,R05D,,R05DA,Opium alkaloids and derivatives
picolonato,33684.0,picolinic acid,IN,,,,,,,,
sultamicilina,1009148.0,ampicillin / sulbactam,MIN,J,,J01,,J01C,,J01CR,"Combinations of penicillins, incl. beta-lactamase inhibitors"
leovotiroxina,,,,,,,,,,,
clortalidona mg,2409.0,chlorthalidone,IN,C,,C09,,C09D,,C09DA,Angiotensin II receptor blockers (ARBs) and diuretics
venlafaxina mg,39786.0,venlafaxine,IN,N,,N06,,N06A,,N06AX,Other antidepressants
loratadina vit d,11253.0,vitamin D,IN,,,,,,,,
hierro parenteral ultimo hace dias,90176.0,iron,IN,,,,,,,,
levotiroxina mcg cada manana,285149.0,banana extract,IN,,,,,,,,
pantorpazol,40790.0,pantoprazole,IN,A,,A02,,A02B,,A02BC,Proton pump inhibitors
alerpax,,,,,,,,,,,
avodart,352453.0,Avodart,BN,G,,G04,,G04C,,G04CB,Testosterone-5-alpha reductase inhibitors
alginato,1370451.0,alginate,IN,,,,,,,,
ciproheptadina,3013.0,cyproheptadine,IN,R,,R06,,R06A,,R06AX,Other antihistamines for systemic use
actaminofen ocasional,,,,,,,,,,,
pregabalinax mgs,187832.0,pregabalin,IN,N,,N02,,N02B,,N02BF,Gabapentinoids
metoprolol x mgs,6918.0,metoprolol,IN,C,,C07,,C07F,,C07FB,Beta blocking agents and calcium channel blockers
memantina modualz mg dia,6719.0,memantine,IN,N,,N06,,N06D,,N06DA,Anticholinesterases
ritmonorm,,,,,,,,,,,
everivimus,141704.0,everolimus,IN,L,,L04,,L04A,,L04AH,Mammalian target of rapamycin (mTOR) kinase inhibitors
analgesicos aocasionales,998598.0,Analgesic Balm GRX,BN,M,,M02,,M02A,,M02AC,Preparations with salicylic acid derivatives
gotaforte analgesico naturista,998598.0,Analgesic Balm GRX,BN,M,,M02,,M02A,,M02AC,Preparations with salicylic acid derivatives
dolex gripa,2598449.0,Dodex,BN,B,,B03,,B03B,,B03BA,Vitamin B12 (cyanocobalamin and analogues)
reflufin,,,,,,,,,,,
diovan x mgs,216652.0,Diovan,BN,C,,C09,,C09C,,C09CA,"Angiotensin II receptor blockers (ARBs), plain"
biologico,2637767.0,beremagene geperpavec-svdt 5000000000 UNT/ML Topical Suspension [Vyjuvek],SBD,D,,D03,,D03A,,D03AX,Other cicatrizants
tenofovir,117466.0,tenofovir,IN,,,,,,,,
medicamentos naturales,1089808.0,Tears Naturale PM,BN,S,,S01,,S01X,,S01XA,Other ophthalmologicals
actaminofen,,,,,,,,,,,
aspirina efervecente ocasional,198471.0,aspirin 500 MG Oral Tablet,SCD,A,,A01,,A01A,,A01AD,Other agents for local oral treatment
concor,901191.0,Concord grape allergenic extract,IN,,,,,,,,
isoklon,,,,,,,,,,,
naturales gastritis,1089808.0,Tears Naturale PM,BN,S,,S01,,S01X,,S01XA,Other ophthalmologicals
asomeprzol,283742.0,esomeprazole,IN,A,,A02,,A02B,,A02BC,Proton pump inhibitors
ac tranexamico tto dermatologico,10691.0,tranexamic acid,IN,B,,B02,,B02A,,B02AA,Amino acids
xatral,356728.0,UroXatral,BN,G,,G04,,G04C,,G04CA,Alpha-adrenoreceptor antagonists
slinda,10237.0,sulindac,IN,M,,M01,,M01A,,M01AB,Acetic acid derivatives and related substances
ibuprofeno cafeina,5640.0,ibuprofen,IN,N,,N02,,N02A,,N02AJ,Opioids in combination with non-opioid analgesics
losartan hctz x,214619.0,hydrochlorothiazide / losartan,MIN,C,,C09,,C09C,,C09CA,"Angiotensin II receptor blockers (ARBs), plain"
clonidina mcg dia,2599.0,clonidine,IN,C,,C02,,C02A,,C02AC,Imidazoline receptor agonists
sertralina mg dia patologia orl,36437.0,sertraline,IN,N,,N06,,N06A,,N06AB,Selective serotonin reuptake inhibitors
toma medicamento dormir recuerda,1919068.0,Dormin,BN,R,,R06,,R06A,,R06AA,Aminoalkyl ethers
atorvastatina levotiroxina,83367.0,atorvastatin,IN,C,,C10,,C10B,,C10BA,Combinations of various lipid modifying agents
sulfato fe,152364.0,Slow-Fe,BN,B,,B03,,B03A,,B03AA,"Iron bivalent, oral preparations"
amlodipino mg am,17767.0,amlodipine,IN,C,,C09,,C09D,,C09DX,"Angiotensin II receptor blockers (ARBs), other combinations"
beclometasona nasal oral,370992.0,beclomethasone Nasal Spray,SCDF,A,,A07,,A07E,,A07EA,Corticosteroids acting locally
dutasteride tamsulosina,1001472.0,dutasteride / tamsulosin,MIN,G,,G04,,G04C,,G04CA,Alpha-adrenoreceptor antagonists
olanzapina,61381.0,olanzapine,IN,N,,N05,,N05A,,N05AH,"Diazepines, oxazepines, thiazepines and oxepines"
facetix,,,,,,,,,,,
enalpril,3827.0,enalapril,IN,C,,C09,,C09A,,C09AA,"ACE inhibitors, plain"
ibersartan mg x,217263.0,Gas-X,BN,A,,A03,,A03A,,A03AX,Other drugs for functional gastrointestinal disorders
negada,1039339.0,ethanol 0.8 ML/ML Topical Solution,SCD,D,,D08,,D08A,,D08AX,Other antiseptics and disinfectants
losartan hidroclorotiazida,214619.0,hydrochlorothiazide / losartan,MIN,C,,C09,,C09C,,C09CA,"Angiotensin II receptor blockers (ARBs), plain"
fenila,,,,,,,,,,,
deferol,37744.0,teferrol,IN,,,,,,,,
alfozosina,17300.0,alfuzosin,IN,G,,G04,,G04C,,G04CA,Alpha-adrenoreceptor antagonists
solufsos,,,,,,,,,,,
linaglutide,475968.0,liraglutide,IN,A,,A10,,A10B,,A10BJ,Glucagon-like peptide-1 (GLP-1) analogues
multiviaminico,,,,,,,,,,,
periactin,2656288.0,cyproheptadine hydrochloride Oral Solution [Periactin],SBDFP,,,,,,,,
bromazepam anos mg dia,1749.0,bromazepam,IN,N,,N05,,N05B,,N05BA,Benzodiazepine derivatives
enalapril amlodipino,3827.0,enalapril,IN,C,,C09,,C09A,,C09AA,"ACE inhibitors, plain"
norfloxacina ocasional,7517.0,norfloxacin,IN,J,,J01,,J01M,,J01MA,Fluoroquinolones
sucrlfate,10156.0,sucralfate,IN,A,,A02,,A02B,,A02BX,Other drugs for peptic ulcer and gastro-oesophageal reflux disease (GORD)
vitaminas vitabiosa,1151.0,ascorbic acid,IN,A,,A11,,A11J,,A11JC,"Vitamins, other combinations"
traumel vo,,,,,,,,,,,
centrum woman,1376087.0,Cestrum latifolium leaf extract,IN,,,,,,,,
mirapex,218402.0,Mirapex,BN,N,,N04,,N04B,,N04BC,Dopamine agonists
insulina degludec ui,1670007.0,insulin degludec,IN,A,,A10,,A10A,,A10AE,"Insulins and analogues for injection, long-acting"
protector gastrico,1432144.0,Worm Protector 2X,BN,P,,P02,,P02C,,P02CC,Tetrahydropyrimidine derivatives
tretinova,10753.0,tretinoin,IN,D,,D10,,D10A,,D10AD,Retinoids for topical use in acne
atb infeccion vaginal,1312370.0,"human sputum, Bordetella pertussis infected",IN,,,,,,,,
valsartan cada dia,69749.0,valsartan,IN,C,,C09,,C09C,,C09CA,"Angiotensin II receptor blockers (ARBs), plain"
cefalexina dias hoy,2231.0,cephalexin,IN,J,,J01,,J01D,,J01DB,First-generation cephalosporins
carbamazepina cada dia,2002.0,carbamazepine,IN,N,,N03,,N03A,,N03AF,Carboxamide derivatives
cefalexina mg x dia,217263.0,Gas-X,BN,A,,A03,,A03A,,A03AX,Other drugs for functional gastrointestinal disorders
propanolol mg dia,8787.0,propranolol,IN,C,,C07,,C07A,,C07AA,"Beta blocking agents, non-selective"
valsartan mg dia,69749.0,valsartan,IN,C,,C09,,C09C,,C09CA,"Angiotensin II receptor blockers (ARBs), plain"
acetamionfen cafeina,1886.0,caffeine,IN,N,,N02,,N02B,,N02BA,Salicylic acid and derivatives
atorvsatatina,83367.0,atorvastatin,IN,C,,C10,,C10B,,C10BA,Combinations of various lipid modifying agents
losartan mg qd,52175.0,losartan,IN,C,,C09,,C09C,,C09CA,"Angiotensin II receptor blockers (ARBs), plain"
olmesartan amlodipino,1009015.0,amlodipine / olmesartan,MIN,C,,C09,,C09C,,C09CA,"Angiotensin II receptor blockers (ARBs), plain"
empaglifozina metformina,6809.0,metformin,IN,A,,A10,,A10B,,A10BD,Combinations of oral blood glucose lowering drugs
gingo biloa,236809.0,Ginkgo biloba extract,IN,,,,,,,,
fluticasona spray,1797889.0,fluticasone Metered Dose Nasal Spray,SCDF,R,,R01,,R01A,,R01AD,Corticosteroids
sulfato ferroso acido folico vitamina b,4511.0,folic acid,IN,B,,B03,,B03A,,B03AD,Iron in combination with folic acid
acido folico multivitaminico,4511.0,folic acid,IN,B,,B03,,B03A,,B03AD,Iron in combination with folic acid
selenio,36344.0,selenious acid,IN,,,,,,,,
rosuvastatina x mgs,217263.0,Gas-X,BN,A,,A03,,A03A,,A03AX,Other drugs for functional gastrointestinal disorders
ilbesartan,83818.0,irbesartan,IN,C,,C09,,C09C,,C09CA,"Angiotensin II receptor blockers (ARBs), plain"
metformina mgs,6809.0,metformin,IN,A,,A10,,A10B,,A10BD,Combinations of oral blood glucose lowering drugs
migradorixina,,,,,,,,,,,
zopiclona mg,40001.0,zopiclone,IN,N,,N05,,N05C,,N05CF,Benzodiazepine related drugs
clotrimazol,2623.0,clotrimazole,IN,D,,D01,,D01A,,D01AC,Imidazole and triazole derivatives
solfato ferroso,1310708.0,ferrosoferric oxide,IN,,,,,,,,
fe ms vitaminas,203354.0,MS Contin,BN,N,,N02,,N02A,,N02AA,Natural opium alkaloids
efezor,,,,,,,,,,,
budesonida inh,19831.0,budesonide,IN,A,,A07,,A07E,,A07EA,Corticosteroids acting locally
hemositon jarabe,1014005.0,dextromethorphan hydrobromide 0.667 MG/ML / guaifenesin 13.3 MG/ML Oral Solution,SCD,R,,R05,,R05F,,R05FA,Opium derivatives and expectorants
allegra suspendido,324026.0,Allegra,BN,R,,R06,,R06A,,R06AX,Other antihistamines for systemic use
naproxeno buscapina,7258.0,naproxen,IN,M,,M01,,M01A,,M01AE,Propionic acid derivatives
levotiroxian mcg,10582.0,levothyroxine,IN,H,,H03,,H03A,,H03AA,Thyroid hormones
atb gotas oftalmicas,2688947.0,250 ML dibasic potassium phosphate 4.72 MG/ML / monobasic potassium phosphate 4.48 MG/ML Injection,SCD,B,,B05,,B05B,,B05BB,Solutions affecting the electrolyte balance
bromuro ipatropi,203212.0,ipratropium bromide,PIN,R,,R03,,R03A,,R03AL,Adrenergics in combination with anticholinergics incl. triple combinations with corticosteroids
cetirizin ocasional,20610.0,cetirizine,IN,R,,R06,,R06A,,R06AE,Piperazine derivatives
gotas homeopaticas manzanilla,285167.0,Urtica urens homeopathic preparation,IN,,,,,,,,
belastina,1730435.0,elastin,IN,,,,,,,,
cialis mg,303263.0,Cialis,BN,G,,G04,,G04B,,G04BE,Drugs used in erectile dysfunction
dupilumac mcg cada dias,1876376.0,dupilumab,IN,D,,D11,,D11A,,D11AH,"Agents for dermatitis, excluding corticosteroids"
amlodino perindocril,54552.0,perindopril,IN,C,,C09,,C09B,,C09BB,ACE inhibitors and calcium channel blockers
actualmente,,,,,,,,,,,
inmunoglobulina sc,1426454.0,immunoglobulin A,IN,,,,,,,,
engados,,,,,,,,,,,
undecanoato testosterona,37864.0,testosterone undecanoate,PIN,G,,G03,,G03B,,G03BA,3-oxoandrosten (4) derivatives
gotas oido,631799.0,isopropyl alcohol 0.95 ML/ML Otic Solution,SCD,D,,D08,,D08A,,D08AX,Other antiseptics and disinfectants
enalaril,3827.0,enalapril,IN,C,,C09,,C09A,,C09AA,"ACE inhibitors, plain"
valsartan mhs,69749.0,valsartan,IN,C,,C09,,C09C,,C09CA,"Angiotensin II receptor blockers (ARBs), plain"
esteroide nasal noche,2720028.0,menthol 0.0035 MG/MG / petrolatum 0.797 MG/MG / zinc oxide 0.05 MG/MG Rectal Ointment,SCD,D,,D02,,D02A,,D02AB,Zinc products
nitrofurantoina x mgs,217263.0,Gas-X,BN,A,,A03,,A03A,,A03AX,Other drugs for functional gastrointestinal disorders
dapaglifozina x insulina glargina x isosorbide,274783.0,insulin glargine,IN,A,,A10,,A10A,,A10AE,"Insulins and analogues for injection, long-acting"
trazadone,10737.0,trazodone,IN,N,,N06,,N06A,,N06AX,Other antidepressants
hipotensoor colitrio,2531134.0,{4 (0.8 ML adalimumab 100 MG/ML Auto-Injector [Humira]) } Pack [Humira Pen 80 MG/0.8 ML - Starter Package for Pediatric Ulcerative Colitis],BPCK,L,,L04,,L04A,,L04AB,Tumor necrosis factor alpha (TNF-alpha) inhibitors
atorvastatia,83367.0,atorvastatin,IN,C,,C10,,C10B,,C10BA,Combinations of various lipid modifying agents
avamys rinitis,1421432.0,Barleria prionitis whole extract,IN,,,,,,,,
acetato ulipristal,1005920.0,ulipristal acetate,PIN,G,,G03,,G03A,,G03AD,Emergency contraceptives
mesazalasina,,,,,,,,,,,
digabatrina,14851.0,vigabatrin,IN,N,,N03,,N03A,,N03AG,Fatty acid derivatives
filgrastrim,68442.0,filgrastim,IN,L,,L03,,L03A,,L03AA,Colony stimulating factors
tramadol ocasional segun dolor,10689.0,tramadol,IN,N,,N02,,N02A,,N02AX,Other opioids
tamsulocina,77492.0,tamsulosin,IN,G,,G04,,G04C,,G04CA,Alpha-adrenoreceptor antagonists
antibiotico recuerda nombre,2716737.0,Bactine Antibiotic,BN,D,,D06,,D06A,,D06AX,Other antibiotics for topical use
propoanlol,8787.0,propranolol,IN,C,,C07,,C07A,,C07AA,"Beta blocking agents, non-selective"
metrinelli,,,,,,,,,,,
etarnecet,,,,,,,,,,,
ao donabella,545626.0,sodium monofluorophosphate 0.0076 MG/MG Toothpaste,SCD,A,,A01,,A01A,,A01AA,Caries prophylactic agents
suplemento dietario aminoacidos,827349.0,Bifidobacterium infantis 4 MG Oral Capsule [Align],SBD,,,,,,,,
teriparatida,32915.0,teriparatide,IN,H,,H05,,H05A,,H05AA,Parathyroid hormones and analogues
norvas,58927.0,Norvasc,BN,C,,C08,,C08C,,C08CA,Dihydropyridine derivatives
toxifeno,,,,,,,,,,,
ainex ocasional,219922.0,Sinex Long-Acting,BN,R,,R01,,R01A,,R01AA,"Sympathomimetics, plain"
tto alopecia,219462.0,Propecia,BN,G,,G04,,G04C,,G04CB,Testosterone-5-alpha reductase inhibitors
medicacion osteoporis,,,,,,,,,,,
vidagliptina metformina,596554.0,vildagliptin,IN,A,,A10,,A10B,,A10BH,Dipeptidyl peptidase 4 (DPP-4) inhibitors
medicacion hiperactividad vesical,539812.0,Vesicare,BN,G,,G04,,G04B,,G04BD,Drugs for urinary frequency and incontinence
valsartan mg cada h,69749.0,valsartan,IN,C,,C09,,C09C,,C09CA,"Angiotensin II receptor blockers (ARBs), plain"
anemidox acido folico,4511.0,folic acid,IN,B,,B03,,B03A,,B03AD,Iron in combination with folic acid
jarabe tos,1992047.0,Wong To Yick,BN,M,,M02,,M02A,,M02AC,Preparations with salicylic acid derivatives
exedrin,217020.0,Excedrin,BN,A,,A01,,A01A,,A01AD,Other agents for local oral treatment
symbicort cada h formoterol budesonida,745810.0,budesonide / formoterol Metered Dose Inhaler [Symbicort],SBDF,R,,R03,,R03A,,R03AK,"Adrenergics in combination with corticosteroids or other drugs, excl. anticholinergics"
hta,,,,,,,,,,,
medicamentos homepaticos gastritis,2636732.0,methyl salicylate 0.02 MG/MG Topical Ointment,SCD,M,,M02,,M02A,,M02AC,Preparations with salicylic acid derivatives
carbonato litio,1897.0,calcium carbonate,IN,A,,A12,,A12A,,A12AX,"Calcium, combinations with vitamin D and/or other drugs"
fosfomicina,4550.0,fosfomycin,IN,J,,J01,,J01X,,J01XX,Other antibacterials
acetaminofen ma shioscina,1099282.0,Mielim Y Mas,BN,R,,R05,,R05D,,R05DA,Opium alkaloids and derivatives
symbicor,327148.0,Symbicort,BN,R,,R03,,R03A,,R03AK,"Adrenergics in combination with corticosteroids or other drugs, excl. anticholinergics"
timolol dorsolamina,10600.0,timolol,IN,C,,C07,,C07A,,C07AA,"Beta blocking agents, non-selective"
pastas planificar,1125471.0,zinc oxide 250 MG/ML Topical Cream,SCD,D,,D02,,D02A,,D02AB,Zinc products
calcio caltrate tiamina vitamina c,1151.0,ascorbic acid,IN,A,,A11,,A11J,,A11JC,"Vitamins, other combinations"
dienogest ao,22968.0,dienogest,IN,G,,G03,,G03D,,G03DB,Pregnadien derivatives
cetirizina ocadsional,20610.0,cetirizine,IN,R,,R06,,R06A,,R06AE,Piperazine derivatives
janubia mg,638596.0,Januvia,BN,A,,A10,,A10B,,A10BH,Dipeptidyl peptidase 4 (DPP-4) inhibitors
omeorazol,7646.0,omeprazole,IN,A,,A02,,A02B,,A02BC,Proton pump inhibitors
losartan tab dia,372651.0,losartan Oral Tablet,SCDF,C,,C09,,C09C,,C09CA,"Angiotensin II receptor blockers (ARBs), plain"
acido acetilsalicilico mg c h via oral,1191.0,aspirin,IN,N,,N02,,N02B,,N02BA,Salicylic acid and derivatives
esomeorazol,283742.0,esomeprazole,IN,A,,A02,,A02B,,A02BC,Proton pump inhibitors
insulina glargina u pm,274783.0,insulin glargine,IN,A,,A10,,A10A,,A10AE,"Insulins and analogues for injection, long-acting"
tamoxifeno suspendido,10324.0,tamoxifen,IN,L,,L02,,L02B,,L02BA,Anti-estrogens
ilbersartan,83818.0,irbesartan,IN,C,,C09,,C09C,,C09CA,"Angiotensin II receptor blockers (ARBs), plain"
ferrokids,,,,,,,,,,,
microgynon suave,581662.0,ethanol 0.7 ML/ML Topical Gel,SCD,D,,D08,,D08A,,D08AX,Other antiseptics and disinfectants
metotrexate semanal,6851.0,methotrexate,IN,L,,L01,,L01B,,L01BA,Folic acid analogues
dabigatram,1546356.0,dabigatran,IN,,,,,,,,
bedoyeta mensual,1597298.0,acetaminophen 500 MG / caffeine 60 MG / pyrilamine maleate 15 MG Oral Tablet,SCD,N,,N02,,N02B,,N02BE,Anilides
hidroclorotiazida mg vo cada horas,5487.0,hydrochlorothiazide,IN,C,,C09,,C09D,,C09DX,"Angiotensin II receptor blockers (ARBs), other combinations"
propanolol mg cada horas,,,,,,,,,,,
levotirroxina,10582.0,levothyroxine,IN,H,,H03,,H03A,,H03AA,Thyroid hormones
candesartan hctz mg dia,284628.0,candesartan / hydrochlorothiazide,MIN,C,,C09,,C09C,,C09CA,"Angiotensin II receptor blockers (ARBs), plain"
alerced,,,,,,,,,,,
ativan tab x,202479.0,Ativan,BN,N,,N05,,N05B,,N05BA,Benzodiazepine derivatives
ver historia clinica,217140.0,Fletchers Castoria,BN,A,,A06,,A06A,,A06AB,Contact laxatives
alfazulona,,,,,,,,,,,
resveratrol seleni biotil vit c super magnesio,1000492.0,resveratrol,IN,A,,A11,,A11G,,A11GB,"Ascorbic acid (vitamin C), combinations"
alerfast,,,,,,,,,,,
silver cada dia,2606543.0,silver,IN,D,,D08,,D08A,,D08AL,Silver compounds
eclam,892539.0,clam allergenic extract,IN,V,,V01,,V01A,,V01AA,Allergen extracts
meloxicam dolor,41493.0,meloxicam,IN,M,,M01,,M01A,,M01AC,Oxicams
abrilar,2668066.0,Abrilada,BN,L,,L04,,L04A,,L04AB,Tumor necrosis factor alpha (TNF-alpha) inhibitors
enoxaparina mg dia,67108.0,enoxaparin,IN,B,,B01,,B01A,,B01AB,Heparin group
fexofenadina cada h,87636.0,fexofenadine,IN,R,,R06,,R06A,,R06AX,Other antihistamines for systemic use
vitamina c casional,1151.0,ascorbic acid,IN,A,,A11,,A11J,,A11JC,"Vitamins, other combinations"
pregabalina ibuprofeno hidrocodona,5640.0,ibuprofen,IN,N,,N02,,N02A,,N02AJ,Opioids in combination with non-opioid analgesics
nervoheel,,,,,,,,,,,
lovastatina esomeprazol,283742.0,esomeprazole,IN,A,,A02,,A02B,,A02BC,Proton pump inhibitors
antirretrovirales atazanavir ritonavir,343047.0,atazanavir,IN,J,,J05,,J05A,,J05AE,Protease inhibitors
ezetimibe simbastatina,484211.0,ezetimibe / simvastatin,MIN,C,,C10,,C10B,,C10BA,Combinations of various lipid modifying agents
tamsulozina dudasteride,1001472.0,dutasteride / tamsulosin,MIN,G,,G04,,G04C,,G04CA,Alpha-adrenoreceptor antagonists
multiples analgesicos sirven,998598.0,Analgesic Balm GRX,BN,M,,M02,,M02A,,M02AC,Preparations with salicylic acid derivatives
gastrofast esomeprazol,283742.0,esomeprazole,IN,A,,A02,,A02B,,A02BC,Proton pump inhibitors
analapril mg,3827.0,enalapril,IN,C,,C09,,C09A,,C09AA,"ACE inhibitors, plain"
triptorelian,38782.0,triptorelin,IN,L,,L02,,L02A,,L02AE,Gonadotropin releasing hormone analogues
bromuro tiotropio,69120.0,tiotropium,IN,R,,R03,,R03B,,R03BB,Anticholinergics
propanolol mg,8787.0,propranolol,IN,C,,C07,,C07A,,C07AA,"Beta blocking agents, non-selective"
tramadol mas acetaminofe diario,1099282.0,Mielim Y Mas,BN,R,,R05,,R05D,,R05DA,Opium alkaloids and derivatives
balzaratan,,,,,,,,,,,
digestad,1310754.0,inulin 200 MG / Lacticaseibacillus rhamnosus GG 10000000000 UNT Oral Capsule,SCD,,,,,,,,
diacereina,22759.0,diacetylrhein,IN,M,,M01,,M01A,,M01AX,"Other antiinflammatory and antirheumatic agents, non-steroids"
biolnogicos x artritis reumatoidea,217263.0,Gas-X,BN,A,,A03,,A03A,,A03AX,Other drugs for functional gastrointestinal disorders
inhalador nasal,,,,,,,,,,,
pregabalina dolor,187832.0,pregabalin,IN,N,,N02,,N02B,,N02BF,Gabapentinoids
momatsona,,,,,,,,,,,
aspirina mg dia,198471.0,aspirin 500 MG Oral Tablet,SCD,A,,A01,,A01A,,A01AD,Other agents for local oral treatment
domperidona ml cada horas,3626.0,domperidone,IN,A,,A03,,A03F,,A03FA,Propulsives
rivaboraxaban x,217263.0,Gas-X,BN,A,,A03,,A03A,,A03AX,Other drugs for functional gastrointestinal disorders
trh x menopausia,217263.0,Gas-X,BN,A,,A03,,A03A,,A03AX,Other drugs for functional gastrointestinal disorders
inhalador fluticasona,41126.0,fluticasone,IN,R,,R03,,R03A,,R03AK,"Adrenergics in combination with corticosteroids or other drugs, excl. anticholinergics"
mementina,6719.0,memantine,IN,N,,N06,,N06D,,N06DA,Anticholinesterases
quimioterapia intravenosa,,,,,,,,,,,
colchicina mg x,217263.0,Gas-X,BN,A,,A03,,A03A,,A03AX,Other drugs for functional gastrointestinal disorders
factores transferenia,5920.0,intrinsic factor,IN,B,,B03,,B03A,,B03AE,Iron in other combinations
minoxidil tto cabello,6984.0,minoxidil,IN,C,,C02,,C02D,,C02DC,Pyrimidine derivatives
atazanavir emtrifovir,343047.0,atazanavir,IN,J,,J05,,J05A,,J05AE,Protease inhibitors
hierro vitamina,90176.0,iron,IN,,,,,,,,
tacriolumus,42316.0,tacrolimus,IN,L,,L04,,L04A,,L04AD,Calcineurin inhibitors
anovulatorios orales,,,,,,,,,,,
acetazolamida mg cada h,167.0,acetazolamide,IN,S,,S01,,S01E,,S01EC,Carbonic anhydrase inhibitors
vitamina d actualmente toma,11253.0,vitamin D,IN,,,,,,,,
diltiazem mgs,3443.0,diltiazem,IN,C,,C08,,C08D,,C08DB,Benzothiazepine derivatives
levotiroxina mgs,10582.0,levothyroxine,IN,H,,H03,,H03A,,H03AA,Thyroid hormones
quanox tratamiento actual,1945047.0,30 ACTUAT fluticasone furoate 0.1 MG/ACTUAT / umeclidinium 0.0625 MG/ACTUAT / vilanterol 0.025 MG/ACTUAT Dry Powder Inhaler,SCD,R,,R03,,R03A,,R03AL,Adrenergics in combination with anticholinergics incl. triple combinations with corticosteroids
dolorsin fem,2590818.0,Fem Choice,BN,G,,G03,,G03A,,G03AC,Progestogens
cianocobalamina,11248.0,vitamin B12,IN,B,,B03,,B03B,,B03BA,Vitamin B12 (cyanocobalamin and analogues)
topiramato cada dia,38404.0,topiramate,IN,A,,A08,,A08A,,A08AA,Centrally acting antiobesity products
saxenda liraglutuda,1598264.0,Saxenda,BN,A,,A10,,A10B,,A10BJ,Glucagon-like peptide-1 (GLP-1) analogues
fluconazol cada semana solo lleva dosis,1543730.0,Fallback Solo,BN,G,,G03,,G03A,,G03AC,Progestogens
hemofolec,,,,,,,,,,,
amoxicilina clindamicina esomperazol,723.0,amoxicillin,IN,J,,J01,,J01C,,J01CA,Penicillins with extended spectrum
rupatadina,,,,,,,,,,,
sulpirida,10239.0,sulpiride,IN,N,,N05,,N05A,,N05AL,Benzamides
deflazacort mg tab tomar tab dia via oral manana,371693.0,deflazacort Oral Tablet,SCDF,H,,H02,,H02A,,H02AB,Glucocorticoids
vitamina fe ac folico,152364.0,Slow-Fe,BN,B,,B03,,B03A,,B03AA,"Iron bivalent, oral preparations"
rosuvastatina mg,301542.0,rosuvastatin,IN,C,,C10,,C10A,,C10AA,HMG CoA reductase inhibitors
hiclina acne,1310910.0,Propionibacterium acnes,IN,,,,,,,,
dexlansoprazol,816346.0,dexlansoprazole,IN,A,,A02,,A02B,,A02BC,Proton pump inhibitors
escitalopram mg dia,321988.0,escitalopram,IN,N,,N06,,N06A,,N06AB,Selective serotonin reuptake inhibitors
hivolona,,,,,,,,,,,
evalax peg,1310594.0,polyethylene glycol 4000,IN,,,,,,,,
eszopiclona,461016.0,eszopiclone,IN,N,,N05,,N05C,,N05CF,Benzodiazepine related drugs
doxiciclina dermatologia,3640.0,doxycycline,IN,J,,J01,,J01A,,J01AA,Tetracyclines
aines ocasional,763481.0,Dermoplast Pain,BN,C,,C05,,C05A,,C05AD,Local anesthetics
culmino quimioterapia mayo,581660.0,ethanol 0.62 ML/ML Topical Gel,SCD,D,,D08,,D08A,,D08AX,Other antiseptics and disinfectants
imipenem,5690.0,imipenem,IN,J,,J01,,J01D,,J01DH,Carbapenems
mirabegro tamsulosina metformina,77492.0,tamsulosin,IN,G,,G04,,G04C,,G04CA,Alpha-adrenoreceptor antagonists
c,1151.0,ascorbic acid,IN,A,,A11,,A11J,,A11JC,"Vitamins, other combinations"
medicacion osteoporosis,705824.0,100 ML zoledronic acid 0.05 MG/ML Injection,SCD,M,,M05,,M05B,,M05BA,Bisphosphonates
mitaxoxamida,,,,,,,,,,,
gotas ojos lubricante,1603462.0,Eyes Alive Lubricating,BN,,,,,,,,
vortioxetina mg dia,1455099.0,vortioxetine,IN,N,,N06,,N06A,,N06AX,Other antidepressants
fluoxetina mg vo cada dia,4493.0,fluoxetine,IN,N,,N06,,N06A,,N06AB,Selective serotonin reuptake inhibitors
nodol,2655563.0,acetaminophen / hydrocodone bitartrate Oral Tablet [Xodol],SBDFP,,,,,,,,
levotiroxina eutirox mcg dia,368903.0,levothyroxine Oral Tablet [Euthyrox],SBDF,H,,H03,,H03A,,H03AA,Thyroid hormones
evadax,,,,,,,,,,,
tizanidina,57258.0,tizanidine,IN,M,,M03,,M03B,,M03BX,Other centrally acting agents
empaglifozina mtf,1545653.0,empagliflozin,IN,A,,A10,,A10B,,A10BK,Sodium-glucose co-transporter 2 (SGLT2) inhibitors
amitriptilina mg dia,704.0,amitriptyline,IN,N,,N06,,N06A,,N06AA,Non-selective monoamine reuptake inhibitors
indica cipro hoy,203563.0,Cipro,BN,J,,J01,,J01M,,J01MA,Fluoroquinolones
moringa,1307834.0,Moringa oleifera leaf extract,IN,,,,,,,,
rosuvastatina mg noche,301542.0,rosuvastatin,IN,C,,C10,,C10A,,C10AA,HMG CoA reductase inhibitors
nevibolol mg dia,31555.0,nebivolol,IN,C,,C09,,C09D,,C09DX,"Angiotensin II receptor blockers (ARBs), other combinations"
alfa metildopa,1720259.0,asfotase alfa,IN,A,,A16,,A16A,,A16AB,Enzymes
deslodex d,11253.0,vitamin D,IN,,,,,,,,
cerazette aco,,,,,,,,,,,
retine,2268087.0,retinaldehyde,IN,,,,,,,,
biotina vit,1588.0,biotin,IN,B,,B03,,B03A,,B03AE,Iron in other combinations
ver nora,748977.0,{28 (norethindrone 0.35 MG Oral Tablet) } Pack [Nora-BE 28 Day],BPCK,G,,G03,,G03A,,G03AC,Progestogens
suplencia horm,2625891.0,Sunlenca,BN,J,,J05,,J05A,,J05AX,Other antivirals
duoflan,92540.0,Duoplant,BN,D,,D11,,D11A,,D11AF,Wart and anti-corn preparations
atorvasttina,83367.0,atorvastatin,IN,C,,C10,,C10B,,C10BA,Combinations of various lipid modifying agents
bisoprolol hctz qd,214317.0,bisoprolol / hydrochlorothiazide,MIN,C,,C07,,C07A,,C07AB,"Beta blocking agents, selective"
espironolactona mg dia,9997.0,spironolactone,IN,C,,C03,,C03D,,C03DA,Aldosterone antagonists
seroquel,83553.0,Seroquel,BN,N,,N05,,N05A,,N05AH,"Diazepines, oxazepines, thiazepines and oxepines"
oracea manejo rosacea,643822.0,Oracea,BN,A,,A01,,A01A,,A01AB,Antiinfectives and antiseptics for local oral treatment
aocs,,,,,,,,,,,
betaloc zok mg,2467583.0,Zokinvy,BN,A,,A16,,A16A,,A16AX,Various alimentary tract and metabolism products
hioscina naproxeno segun dolor,7258.0,naproxen,IN,M,,M01,,M01A,,M01AE,Propionic acid derivatives
acetaminofen ocasinal,161.0,acetaminophen,IN,N,,N02,,N02A,,N02AJ,Opioids in combination with non-opioid analgesics
unasyn vo,57773.0,Unasyn,BN,J,,J01,,J01C,,J01CR,"Combinations of penicillins, incl. beta-lactamase inhibitors"
lisinopril,29046.0,lisinopril,IN,C,,C09,,C09A,,C09AA,"ACE inhibitors, plain"
bedoyecta oral,,,,,,,,,,,
tapentadol cada h,787390.0,tapentadol,IN,N,,N02,,N02A,,N02AX,Other opioids
dolex acetaminofen,161.0,acetaminophen,IN,N,,N02,,N02A,,N02AJ,Opioids in combination with non-opioid analgesics
valsartan furosemida aldactone,151317.0,Aldactone,BN,C,,C03,,C03D,,C03DA,Aldosterone antagonists
vit d tiamina,11253.0,vitamin D,IN,,,,,,,,
izotretinoina,6064.0,isotretinoin,IN,D,,D10,,D10B,,D10BA,Retinoids for treatment of acne
ninbguno,,,,,,,,,,,
medicacion trigliceridos,1314420.0,tricaprylin,IN,,,,,,,,
femar,203769.0,Femara,BN,L,,L02,,L02B,,L02BG,Aromatase inhibitors
esopiclona mg noche,461016.0,eszopiclone,IN,N,,N05,,N05C,,N05CF,Benzodiazepine related drugs
monte lukas,2655050.0,guaifenesin / hydrocodone bitartrate Oral Solution [Monte-G HC],SBDFP,,,,,,,,
asa prevencion primaria,1191.0,aspirin,IN,N,,N02,,N02B,,N02BA,Salicylic acid and derivatives
humira biologico mg,353484.0,Humira,BN,L,,L04,,L04A,,L04AB,Tumor necrosis factor alpha (TNF-alpha) inhibitors
magnesio colageno,2714.0,collagen,IN,A,,A11,,A11G,,A11GB,"Ascorbic acid (vitamin C), combinations"
crisanten colirio,1046700.0,glycerin 2.5 MG/ML / naphazoline hydrochloride 0.12 MG/ML Ophthalmic Solution,SCD,S,,S01,,S01G,,S01GA,Sympathomimetics used as decongestants
colestid,151533.0,Colestid,BN,C,,C10,,C10A,,C10AC,Bile acid sequestrants
omeltec mg,,,,,,,,,,,
avamys intranasal,2607750.0,influenza A virus A/Norway/16606/2021 (H3N2) antigen 158000000 UNT/ML / influenza A virus A/Victoria/1/2020 (H1N1) antigen 158000000 UNT/ML / influenza B virus B/Austria/1359417/2021 antigen 158000000 UNT/ML / influenza B virus B/Phuket/3073/2013 antigen 158000000 UNT/ML Nasal Spray [FluMist Quadrivalent 2022-2023],SBD,J,,J07,,J07B,,J07BB,Influenza vaccines
propanolol temblor manos,8787.0,propranolol,IN,C,,C07,,C07A,,C07AA,"Beta blocking agents, non-selective"
crestor,320864.0,Crestor,BN,C,,C10,,C10A,,C10AA,HMG CoA reductase inhibitors
nortricol,,,,,,,,,,,
levoceterizina,356887.0,levocetirizine,IN,R,,R06,,R06A,,R06AE,Piperazine derivatives
buscapina trmadol ocasional,10689.0,tramadol,IN,N,,N02,,N02A,,N02AX,Other opioids
yess,,,,,,,,,,,
vitaminas c selenium zinc calcio biotina,1151.0,ascorbic acid,IN,A,,A11,,A11J,,A11JC,"Vitamins, other combinations"
nitrofuranoina mg,7454.0,nitrofurantoin,IN,J,,J01,,J01X,,J01XE,Nitrofuran derivatives
nimeciclina,,,,,,,,,,,
cetirizina interdiaria,20610.0,cetirizine,IN,R,,R06,,R06A,,R06AE,Piperazine derivatives
acetaminofen mas codeina solo crisis,1543730.0,Fallback Solo,BN,G,,G03,,G03A,,G03AC,Progestogens
salbutamol inh crisis asmatica,1310164.0,Centella asiatica extract,IN,,,,,,,,
rivastigmina parche,183379.0,rivastigmine,IN,N,,N06,,N06D,,N06DA,Anticholinesterases
survastatina cada noche,36567.0,simvastatin,IN,C,,C10,,C10A,,C10AA,HMG CoA reductase inhibitors
losartan am mg pm,52175.0,losartan,IN,C,,C09,,C09C,,C09CA,"Angiotensin II receptor blockers (ARBs), plain"
dip,1423931.0,West Dip,BN,D,,D08,,D08A,,D08AG,Iodine products
timolol gotas oftalmicas,10600.0,timolol,IN,C,,C07,,C07A,,C07AA,"Beta blocking agents, non-selective"
furiosemida,4603.0,furosemide,IN,C,,C03,,C03C,,C03CA,"Sulfonamides, plain"
betalok zoc,196503.0,Zocor,BN,C,,C10,,C10A,,C10AA,HMG CoA reductase inhibitors
calcio vit d c,1895.0,calcium,IN,,,,,,,,
yasminique,,,,,,,,,,,
vitacerebrina,,,,,,,,,,,
tapentadol mg,787390.0,tapentadol,IN,N,,N02,,N02A,,N02AX,Other opioids
traumel,,,,,,,,,,,
propanolol mg dia tomar noche,8787.0,propranolol,IN,C,,C07,,C07A,,C07AA,"Beta blocking agents, non-selective"
metimazol mgs,6835.0,methimazole,IN,H,,H03,,H03B,,H03BB,Sulfur-containing imidazole derivatives
mirena,152061.0,Mirena,BN,G,,G03,,G03A,,G03AC,Progestogens
flunarazina,4459.0,flunarizine,IN,N,,N07,,N07C,,N07CA,Antivertigo preparations
carbamazepina cada horas,2002.0,carbamazepine,IN,N,,N03,,N03A,,N03AF,Carboxamide derivatives
vitaminas d,11253.0,vitamin D,IN,,,,,,,,
duopas,1599847.0,Duopa,BN,N,,N04,,N04B,,N04BA,Dopa and dopa derivatives
aripiprazol,89013.0,aripiprazole,IN,N,,N05,,N05A,,N05AX,Other antipsychotics
empaglifozina mg,1545653.0,empagliflozin,IN,A,,A10,,A10B,,A10BK,Sodium-glucose co-transporter 2 (SGLT2) inhibitors
espironolactoma mg c h carvedilol c h,1151.0,ascorbic acid,IN,A,,A11,,A11J,,A11JC,"Vitamins, other combinations"
ozempic,1991307.0,Ozempic,BN,A,,A10,,A10B,,A10BJ,Glucagon-like peptide-1 (GLP-1) analogues
nofertyl ampolla,,,,,,,,,,,
x ray dol,761976.0,chondroitin sulfates 400 MG / glucosamine 750 MG / methylsulfonylmethane 375 MG Oral Tablet,SCD,M,,M01,,M01A,,M01AX,"Other antiinflammatory and antirheumatic agents, non-steroids"
testosterona mg dia,10379.0,testosterone,IN,G,,G03,,G03B,,G03BA,3-oxoandrosten (4) derivatives
eutirox mg dia,217006.0,Euthyrox,BN,H,,H03,,H03A,,H03AA,Thyroid hormones
escitlopran,321988.0,escitalopram,IN,N,,N06,,N06A,,N06AB,Selective serotonin reuptake inhibitors
gabapentina mg,25480.0,gabapentin,IN,N,,N02,,N02B,,N02BF,Gabapentinoids
ciprofloxacino,2551.0,ciprofloxacin,IN,S,,S01,,S01A,,S01AE,Fluoroquinolones
rivosiclib,1873916.0,ribociclib,IN,L,,L01,,L01E,,L01EF,Cyclin-dependent kinase (CDK) inhibitors
ruvosina,,,,,,,,,,,
vitamina ojos,1151.0,ascorbic acid,IN,A,,A11,,A11J,,A11JC,"Vitamins, other combinations"
sytnrhoid x x,217263.0,Gas-X,BN,A,,A03,,A03A,,A03AX,Other drugs for functional gastrointestinal disorders
calcio vitamida d,11253.0,vitamin D,IN,,,,,,,,
metprolol,6918.0,metoprolol,IN,C,,C07,,C07F,,C07FB,Beta blocking agents and calcium channel blockers
omni ocas,1192943.0,Omni Gel,BN,A,,A01,,A01A,,A01AA,Caries prophylactic agents
loratadina ceterizina,28889.0,loratadine,IN,R,,R06,,R06A,,R06AX,Other antihistamines for systemic use
avamys nasal,,,,,,,,,,,
duloxetina mg,72625.0,duloxetine,IN,N,,N06,,N06A,,N06AX,Other antidepressants
dimoflax levosulpiida pancreatina simeticona,9796.0,simethicone,IN,A,,A02,,A02A,,A02AF,Antacids with antiflatulents
acetaminofen necesidad,161.0,acetaminophen,IN,N,,N02,,N02A,,N02AJ,Opioids in combination with non-opioid analgesics
tratamiento rosacea,2672350.0,azelaic acid 50 MG/ML / tranexamic acid 10 MG/ML Topical Cream,SCD,B,,B02,,B02A,,B02AA,Amino acids
acido urzadexocicolico,183830.0,iocetamic acid,IN,V,,V08,,V08A,,V08AC,"Watersoluble, hepatotropic X-ray contrast media"
levodopa carbidopa entocapona,404786.0,carbidopa / entacapone / levodopa,MIN,N,,N04,,N04B,,N04BA,Dopa and dopa derivatives
doxicilina,,,,,,,,,,,
brimodol oftalmico,,,,,,,,,,,
dupilumab,1876376.0,dupilumab,IN,D,,D11,,D11A,,D11AH,"Agents for dermatitis, excluding corticosteroids"
minoxidil mg,6984.0,minoxidil,IN,C,,C02,,C02D,,C02DC,Pyrimidine derivatives
latanopros gotas,43611.0,latanoprost,IN,S,,S01,,S01E,,S01EE,Prostaglandin analogues
sitagliptina,593411.0,sitagliptin,IN,A,,A10,,A10B,,A10BH,Dipeptidyl peptidase 4 (DPP-4) inhibitors
cmplejo b,11248.0,vitamin B12,IN,B,,B03,,B03B,,B03BA,Vitamin B12 (cyanocobalamin and analogues)
ver enfrmedad actual,1550700.0,Kentucky bluegrass pollen extract 100 IR / orchard grass pollen extract 100 IR / perennial rye grass pollen extract 100 IR / sweet vernal grass pollen extract 100 IR / Timothy grass pollen extract 100 IR Sublingual Tablet,SCD,V,,V01,,V01A,,V01AA,Allergen extracts
oxerpic,,,,,,,,,,,
betaloc zok,2467583.0,Zokinvy,BN,A,,A16,,A16A,,A16AX,Various alimentary tract and metabolism products
enalapril mg cada h,3827.0,enalapril,IN,C,,C09,,C09A,,C09AA,"ACE inhibitors, plain"
zolem,,,,,,,,,,,
hidromorfona jeringa prellena,3423.0,hydromorphone,IN,N,,N02,,N02A,,N02AA,Natural opium alkaloids
clritromicina,,,,,,,,,,,
traumeel,,,,,,,,,,,
metopropol x mgs,217263.0,Gas-X,BN,A,,A03,,A03A,,A03AX,Other drugs for functional gastrointestinal disorders
excedrin ocasional,217020.0,Excedrin,BN,A,,A01,,A01A,,A01AD,Other agents for local oral treatment
olmersartan,321064.0,olmesartan,IN,C,,C09,,C09D,,C09DX,"Angiotensin II receptor blockers (ARBs), other combinations"
gestavit calcio,1895.0,calcium,IN,,,,,,,,
secutinumab,1599788.0,secukinumab,IN,L,,L04,,L04A,,L04AC,Interleukin inhibitors
fe parenteral,152364.0,Slow-Fe,BN,B,,B03,,B03A,,B03AA,"Iron bivalent, oral preparations"
inhaladores,,,,,,,,,,,
dolofen,2657521.0,propoxyphene hydrochloride Oral Capsule [Doloxene],SBDFP,,,,,,,,
atorvastatina mg dia,83367.0,atorvastatin,IN,C,,C10,,C10B,,C10BA,Combinations of various lipid modifying agents
pregbalina mg,187832.0,pregabalin,IN,N,,N02,,N02B,,N02BF,Gabapentinoids
clonazepam gotas noche,2598.0,clonazepam,IN,N,,N03,,N03A,,N03AE,Benzodiazepine derivatives
atorvastatina interdiario,83367.0,atorvastatin,IN,C,,C10,,C10B,,C10BA,Combinations of various lipid modifying agents
fibramas,,,,,,,,,,,
metoprolol succinato mg cada horas,221124.0,metoprolol succinate,PIN,C,,C07,,C07A,,C07AB,"Beta blocking agents, selective"
diltiazem x mgs,3443.0,diltiazem,IN,C,,C08,,C08D,,C08DB,Benzothiazepine derivatives
hidroxiurea x mgs,217263.0,Gas-X,BN,A,,A03,,A03A,,A03AX,Other drugs for functional gastrointestinal disorders
linagliptina mg dia,1100699.0,linagliptin,IN,A,,A10,,A10B,,A10BH,Dipeptidyl peptidase 4 (DPP-4) inhibitors
truxa,2657440.0,lidocaine hydrochloride Injectable Solution [Truxacaine],SBDFP,,,,,,,,
sertralina mg iniciara medicacmento despues procedimiento,36437.0,sertraline,IN,N,,N06,,N06A,,N06AB,Selective serotonin reuptake inhibitors
estrilid,,,,,,,,,,,
lossartan x mgs,217263.0,Gas-X,BN,A,,A03,,A03A,,A03AX,Other drugs for functional gastrointestinal disorders
mo meds actualmente,1007733.0,"mineral oil / mineral oil, light",MIN,S,,S01,,S01X,,S01XA,Other ophthalmologicals
vitamina d zinc,11253.0,vitamin D,IN,,,,,,,,
levotirxoina,,,,,,,,,,,
prednisolona gotas,8638.0,prednisolone,IN,H,,H02,,H02A,,H02AB,Glucocorticoids
orlistat mgs,37925.0,orlistat,IN,A,,A08,,A08A,,A08AB,Peripherally acting antiobesity products
ondansetrom,26225.0,ondansetron,IN,A,,A04,,A04A,,A04AA,Serotonin (5HT3) antagonists
quetiapina x mgs,217263.0,Gas-X,BN,A,,A03,,A03A,,A03AX,Other drugs for functional gastrointestinal disorders
deslanzoprazole,816346.0,dexlansoprazole,IN,A,,A02,,A02B,,A02BC,Proton pump inhibitors
medicamento recuerda nombre,,,,,,,,,,,
ozenpic,1991307.0,Ozempic,BN,A,,A10,,A10B,,A10BJ,Glucagon-like peptide-1 (GLP-1) analogues
oxibutinino,,,,,,,,,,,
olmesartan mg dia,321064.0,olmesartan,IN,C,,C09,,C09D,,C09DX,"Angiotensin II receptor blockers (ARBs), other combinations"
refier,1305638.0,almond oil,IN,,,,,,,,
gotas dormir,1919068.0,Dormin,BN,R,,R06,,R06A,,R06AA,Aminoalkyl ethers
digestar,1310754.0,inulin 200 MG / Lacticaseibacillus rhamnosus GG 10000000000 UNT Oral Capsule,SCD,,,,,,,,
pastillas anticonceptivas,199393.0,menthol 10 MG Oral Lozenge,SCD,R,,R02,,R02A,,R02AX,Other throat preparations
dclofenaco codeina,2670.0,codeine,IN,R,,R05,,R05D,,R05DA,Opium alkaloids and derivatives
vitamina interdiaria,1151.0,ascorbic acid,IN,A,,A11,,A11J,,A11JC,"Vitamins, other combinations"
naramig migrana,42643.0,Migranal,BN,N,,N02,,N02C,,N02CA,Ergot alkaloids
vit amina d,11253.0,vitamin D,IN,,,,,,,,
vit b vit,11251.0,vitamin B complex,IN,,,,,,,,
atirvastatina x mgs,217263.0,Gas-X,BN,A,,A03,,A03A,,A03AX,Other drugs for functional gastrointestinal disorders
propranolol mg cada horas omeprazol mg cada horas,8787.0,propranolol,IN,C,,C07,,C07A,,C07AA,"Beta blocking agents, non-selective"
evelyn natural,33093.0,peppermint preparation,IN,,,,,,,,
enoxaparina mg cada hs,67108.0,enoxaparin,IN,B,,B01,,B01A,,B01AB,Heparin group
zoplicona,,,,,,,,,,,
sinusim spray nasal,,,,,,,,,,,
escitaloprna mg,321988.0,escitalopram,IN,N,,N06,,N06A,,N06AB,Selective serotonin reuptake inhibitors
toma similac mama,1425175.0,Healthy Mama,BN,A,,A02,,A02A,,A02AC,Calcium compounds
agalsidasa iv,338817.0,agalsidase beta,IN,A,,A16,,A16A,,A16AB,Enzymes
losartan mg x hctz mg dia amlodipino mg dia,214619.0,hydrochlorothiazide / losartan,MIN,C,,C09,,C09C,,C09CA,"Angiotensin II receptor blockers (ARBs), plain"
clavuvlin,48203.0,clavulanate,IN,J,,J01,,J01C,,J01CR,"Combinations of penicillins, incl. beta-lactamase inhibitors"
ertapenem dias,325642.0,ertapenem,IN,J,,J01,,J01D,,J01DH,Carbapenems
hidroxicina ocasional,,,,,,,,,,,
oloftal gotas oftalmicas,2688947.0,250 ML dibasic potassium phosphate 4.72 MG/ML / monobasic potassium phosphate 4.48 MG/ML Injection,SCD,B,,B05,,B05B,,B05BB,Solutions affecting the electrolyte balance
losartan hidroclorotiazida cada manana,214619.0,hydrochlorothiazide / losartan,MIN,C,,C09,,C09C,,C09CA,"Angiotensin II receptor blockers (ARBs), plain"
prebioticos,1301664.0,Rezyst Probiotic,BN,A,,A07,,A07F,,A07FA,Antidiarrheal microorganisms
azeflu spray nasa,,,,,,,,,,,
espasmol,,,,,,,,,,,
anticonceptios orales,,,,,,,,,,,
acetaminofen ibuprofeno,161.0,acetaminophen,IN,N,,N02,,N02A,,N02AJ,Opioids in combination with non-opioid analgesics
nifedipino mg cada dia,7417.0,nifedipine,IN,C,,C08,,C08C,,C08CA,Dihydropyridine derivatives
capecitabina mg,194000.0,capecitabine,IN,L,,L01,,L01B,,L01BC,Pyrimidine analogues
edad anos,,,,,,,,,,,
valcote mg,304959.0,Valcyte,BN,J,,J05,,J05A,,J05AB,Nucleosides and nucleotides excl. reverse transcriptase inhibitors
niego,,,,,,,,,,,
hierro iv,90176.0,iron,IN,,,,,,,,
tansulo duo,1369778.0,Effaclar Duo,BN,D,,D10,,D10A,,D10AE,Peroxides
magnesio vitamina d escitalopram,321988.0,escitalopram,IN,N,,N06,,N06A,,N06AB,Selective serotonin reuptake inhibitors
avamys spray nasal,,,,,,,,,,,
rivotril clonazepam,2598.0,clonazepam,IN,N,,N03,,N03A,,N03AE,Benzodiazepine derivatives
pegfilgrastrim,338036.0,pegfilgrastim,IN,L,,L03,,L03A,,L03AA,Colony stimulating factors
pancreatina simeticona dia,9796.0,simethicone,IN,A,,A02,,A02A,,A02AF,Antacids with antiflatulents
glicosamina,4845.0,glucosamine,IN,M,,M01,,M01A,,M01AX,"Other antiinflammatory and antirheumatic agents, non-steroids"
midodrina media tableta cada h,1371997.0,Stellaria media extract,IN,,,,,,,,
warfarina titulada inr,11289.0,warfarin,IN,B,,B01,,B01A,,B01AA,Vitamin K antagonists
januvia sitagliptina,665035.0,sitagliptin Oral Tablet [Januvia],SBDF,A,,A10,,A10B,,A10BH,Dipeptidyl peptidase 4 (DPP-4) inhibitors
insulina degludec,1670007.0,insulin degludec,IN,A,,A10,,A10A,,A10AE,"Insulins and analogues for injection, long-acting"
leprit,,,,,,,,,,,
pegabalina,187832.0,pregabalin,IN,N,,N02,,N02B,,N02BF,Gabapentinoids
salmeterol flutizasona,284635.0,fluticasone / salmeterol,MIN,R,,R03,,R03A,,R03AK,"Adrenergics in combination with corticosteroids or other drugs, excl. anticholinergics"
acetaminofen vo,161.0,acetaminophen,IN,N,,N02,,N02A,,N02AJ,Opioids in combination with non-opioid analgesics
hormonas menopausia,1427222.0,parathyroid hormone,IN,H,,H05,,H05A,,H05AA,Parathyroid hormones and analogues
fe oral calcio,152364.0,Slow-Fe,BN,B,,B03,,B03A,,B03AA,"Iron bivalent, oral preparations"
xanax,202363.0,Xanax,BN,N,,N05,,N05B,,N05BA,Benzodiazepine derivatives
metadona mg,6813.0,methadone,IN,N,,N07,,N07B,,N07BC,Drugs used in opioid dependence
clonazepam gota pm,2598.0,clonazepam,IN,N,,N03,,N03A,,N03AE,Benzodiazepine derivatives
hidrocodona acetaminofen,161.0,acetaminophen,IN,N,,N02,,N02A,,N02AJ,Opioids in combination with non-opioid analgesics
entivio biologico,1538138.0,Entyvio,BN,L,,L04,,L04A,,L04AG,Monoclonal antibodies
prograf prednisona,196463.0,Prograf,BN,L,,L04,,L04A,,L04AD,Calcineurin inhibitors
vitaminas lisina colageno,2714.0,collagen,IN,A,,A11,,A11G,,A11GB,"Ascorbic acid (vitamin C), combinations"
toma medicamentos par ael dolor,830861.0,24 HR diltiazem hydrochloride 120 MG Extended Release Oral Capsule,SCD,C,,C08,,C08D,,C08DB,Benzothiazepine derivatives
acido tranexamico suspendido,10691.0,tranexamic acid,IN,B,,B02,,B02A,,B02AA,Amino acids
asa hace dias,1191.0,aspirin,IN,N,,N02,,N02B,,N02BA,Salicylic acid and derivatives
fluticasona nasal,1165656.0,fluticasone Nasal Product,SCDG,R,,R01,,R01A,,R01AD,Corticosteroids
quimioterapia oral,,,,,,,,,,,
vitamina c complejo b,1151.0,ascorbic acid,IN,A,,A11,,A11J,,A11JC,"Vitamins, other combinations"
letrozol mg,72965.0,letrozole,IN,L,,L02,,L02B,,L02BG,Aromatase inhibitors
allercet,215129.0,Allerest 12 Hour Nasal Spray,BN,R,,R01,,R01A,,R01AA,"Sympathomimetics, plain"
glucosamida,4845.0,glucosamine,IN,M,,M01,,M01A,,M01AX,"Other antiinflammatory and antirheumatic agents, non-steroids"
levotiroxina suspendida hace dias ultimo cotrol endocrino,10582.0,levothyroxine,IN,H,,H03,,H03A,,H03AA,Thyroid hormones
dutasteride tamsulozina,1001472.0,dutasteride / tamsulosin,MIN,G,,G04,,G04C,,G04CA,Alpha-adrenoreceptor antagonists
equinacea ocasional,228041.0,Echinacea preparation,IN,,,,,,,,
eterocoxib casi diario vez dia,307296.0,etoricoxib,IN,M,,M01,,M01A,,M01AH,Coxibs
diovan mg x,216652.0,Diovan,BN,C,,C09,,C09C,,C09CA,"Angiotensin II receptor blockers (ARBs), plain"
xatral d,356728.0,UroXatral,BN,G,,G04,,G04C,,G04CA,Alpha-adrenoreceptor antagonists
pregabalina mg,187832.0,pregabalin,IN,N,,N02,,N02B,,N02BF,Gabapentinoids
winadine f ocasional,217508.0,Hemocyte-F,BN,B,,B03,,B03A,,B03AD,Iron in combination with folic acid
oximetazolina,7812.0,oxymetazoline,IN,R,,R01,,R01A,,R01AA,"Sympathomimetics, plain"
mosapride,135091.0,mosapride,IN,A,,A03,,A03F,,A03FA,Propulsives
ibersartan mg dia,83818.0,irbesartan,IN,C,,C09,,C09C,,C09CA,"Angiotensin II receptor blockers (ARBs), plain"
allerfast,215129.0,Allerest 12 Hour Nasal Spray,BN,R,,R01,,R01A,,R01AA,"Sympathomimetics, plain"
crisantec colirio,1046700.0,glycerin 2.5 MG/ML / naphazoline hydrochloride 0.12 MG/ML Ophthalmic Solution,SCD,S,,S01,,S01G,,S01GA,Sympathomimetics used as decongestants
buprenorfina parche,1819.0,buprenorphine,IN,N,,N07,,N07B,,N07BC,Drugs used in opioid dependence
zinc magnesio,11416.0,zinc,IN,,,,,,,,
allegra ocasional,324026.0,Allegra,BN,R,,R06,,R06A,,R06AX,Other antihistamines for systemic use
probiotico,1301664.0,Rezyst Probiotic,BN,A,,A07,,A07F,,A07FA,Antidiarrheal microorganisms
systane complete gota x dia ao,1041798.0,propylene glycol 6 MG/ML Ophthalmic Solution,SCD,S,,S01,,S01X,,S01XA,Other ophthalmologicals
insulina u sc pm,484322.0,insulin detemir 100 UNT/ML Injectable Solution,SCD,A,,A10,,A10A,,A10AE,"Insulins and analogues for injection, long-acting"
apixaban clopidogrel,1364430.0,apixaban,IN,B,,B01,,B01A,,B01AF,Direct factor Xa inhibitors
silium,314712.0,Lilium longiflorium,IN,,,,,,,,
lopid,202999.0,Lopid,BN,C,,C10,,C10A,,C10AB,Fibrates
teriparatida inyectable diario,32915.0,teriparatide,IN,H,,H05,,H05A,,H05AA,Parathyroid hormones and analogues
losartan hidroclorotiazida cada h,214619.0,hydrochlorothiazide / losartan,MIN,C,,C09,,C09C,,C09CA,"Angiotensin II receptor blockers (ARBs), plain"
amlodipino x,217263.0,Gas-X,BN,A,,A03,,A03A,,A03AX,Other drugs for functional gastrointestinal disorders
estatinas,,,,,,,,,,,
metocarbamol fin semana,6845.0,methocarbamol,IN,M,,M03,,M03B,,M03BA,Carbamic acid esters
asa hace mes,2637531.0,Limosilactobacillus fermentum ME-3,PIN,,,,,,,,
ciprlofloxacina semana pasada,2551.0,ciprofloxacin,IN,S,,S01,,S01A,,S01AE,Fluoroquinolones
hidrocodona,5489.0,hydrocodone,IN,N,,N02,,N02A,,N02AJ,Opioids in combination with non-opioid analgesics
minoxidil topico,6984.0,minoxidil,IN,C,,C02,,C02D,,C02DC,Pyrimidine derivatives
betalok,2655450.0,metoprolol tartrate Oral Tablet [Betaloc],SBDFP,,,,,,,,
finasteride,25025.0,finasteride,IN,G,,G04,,G04C,,G04CB,Testosterone-5-alpha reductase inhibitors
nevibolol,31555.0,nebivolol,IN,C,,C09,,C09D,,C09DX,"Angiotensin II receptor blockers (ARBs), other combinations"
escitalopram mg noche,321988.0,escitalopram,IN,N,,N06,,N06A,,N06AB,Selective serotonin reuptake inhibitors
rosuvasttaina mg dia,301542.0,rosuvastatin,IN,C,,C10,,C10A,,C10AA,HMG CoA reductase inhibitors
naturista palmito salvaje,1314373.0,palmitoyl oligopeptide,IN,,,,,,,,
acetaminofen x,217263.0,Gas-X,BN,A,,A03,,A03A,,A03AX,Other drugs for functional gastrointestinal disorders
guayacolato,5031.0,guaiacol,IN,,,,,,,,
norvas mg dia,58927.0,Norvasc,BN,C,,C08,,C08C,,C08CA,Dihydropyridine derivatives
pet,1549437.0,Pet Pectillin,BN,A,,A07,,A07B,,A07BC,Other intestinal adsorbents
amoxacilina h pilory,,,,,,,,,,,
acido acetilsalicilico,1191.0,aspirin,IN,N,,N02,,N02B,,N02BA,Salicylic acid and derivatives
niniguno,,,,,,,,,,,
cetirixina,20610.0,cetirizine,IN,R,,R06,,R06A,,R06AE,Piperazine derivatives
metfomrina,,,,,,,,,,,
ninguno ain,1552574.0,Ainsliaea fragrans top extract,IN,,,,,,,,
pastillas anticoneptivas,199393.0,menthol 10 MG Oral Lozenge,SCD,R,,R02,,R02A,,R02AX,Other throat preparations
virtaminas fe,152364.0,Slow-Fe,BN,B,,B03,,B03A,,B03AA,"Iron bivalent, oral preparations"
losartan metoprolol,52175.0,losartan,IN,C,,C09,,C09C,,C09CA,"Angiotensin II receptor blockers (ARBs), plain"
omeprazol cada h,7646.0,omeprazole,IN,A,,A02,,A02B,,A02BC,Proton pump inhibitors
magensio,,,,,,,,,,,
iltux,,,,,,,,,,,
haloperidol gotas x,5093.0,haloperidol,IN,N,,N05,,N05A,,N05AD,Butyrophenone derivatives
ferrinet plus,152000.0,Maalox Plus,BN,A,,A02,,A02A,,A02AF,Antacids with antiflatulents
laxtante,,,,,,,,,,,
genoprazol,,,,,,,,,,,
colchicina mg,2683.0,colchicine,IN,M,,M04,,M04A,,M04AC,Preparations with no effect on uric acid metabolism
devenlafaxina,734064.0,desvenlafaxine,IN,N,,N06,,N06A,,N06AX,Other antidepressants
acetaminofen dolor,161.0,acetaminophen,IN,N,,N02,,N02A,,N02AJ,Opioids in combination with non-opioid analgesics
delifon suspendido,,,,,,,,,,,
triptofano mas magnesio,1099282.0,Mielim Y Mas,BN,R,,R05,,R05D,,R05DA,Opium alkaloids and derivatives
azeflu,,,,,,,,,,,
finasteride tamsulosina duodart,25025.0,finasteride,IN,G,,G04,,G04C,,G04CB,Testosterone-5-alpha reductase inhibitors
lyrica mg,593441.0,Lyrica,BN,N,,N02,,N02B,,N02BF,Gabapentinoids
migroginon,,,,,,,,,,,
vitamin d,11253.0,vitamin D,IN,,,,,,,,
micofenolato cada h tacrolimus mg cada h tmp smx valganciclovir omeprazol,275891.0,valganciclovir,IN,J,,J05,,J05A,,J05AB,Nucleosides and nucleotides excl. reverse transcriptase inhibitors
domiciliario,,,,,,,,,,,
suplementos multivitaminicos,313599.0,ascorbic acid 35 MG/ML / cholecalciferol 0.01 MG/ML / vitamin A 0.45 MG/ML Oral Solution,SCD,A,,A11,,A11C,,A11CA,"Vitamin A, plain"
analgesicos ocasional,998598.0,Analgesic Balm GRX,BN,M,,M02,,M02A,,M02AC,Preparations with salicylic acid derivatives
enalapril cada dia,3827.0,enalapril,IN,C,,C09,,C09A,,C09AA,"ACE inhibitors, plain"
medsw,197803.0,ibuprofen 20 MG/ML Oral Suspension,SCD,M,,M01,,M01A,,M01AE,Propionic acid derivatives
vanair,,,,,,,,,,,
omalizumab,302379.0,omalizumab,IN,R,,R03,,R03D,,R03DX,Other systemic drugs for obstructive airway diseases
antialergicos ocasionales,,,,,,,,,,,
levoroitoxina,,,,,,,,,,,
seretide ahora uso,1999800.0,seractide,IN,,,,,,,,
acos hua,1492937.0,Lonicera confusa flower extract,IN,,,,,,,,
euthirox mcg dia,217006.0,Euthyrox,BN,H,,H03,,H03A,,H03AA,Thyroid hormones
levotitroxina,10582.0,levothyroxine,IN,H,,H03,,H03A,,H03AA,Thyroid hormones
calcio vit,1895.0,calcium,IN,,,,,,,,
dexketoprofeno ocasional,237162.0,dexketoprofen,IN,M,,M01,,M01A,,M01AE,Propionic acid derivatives
losartan cada h,52175.0,losartan,IN,C,,C09,,C09C,,C09CA,"Angiotensin II receptor blockers (ARBs), plain"
glucosamina hace dias,4845.0,glucosamine,IN,M,,M01,,M01A,,M01AX,"Other antiinflammatory and antirheumatic agents, non-steroids"
concor bisoprolol amlodipino,19484.0,bisoprolol,IN,C,,C07,,C07A,,C07AB,"Beta blocking agents, selective"
cranberry,125933.0,cranberry preparation,IN,,,,,,,,
dayamineral,,,,,,,,,,,
analgesicos tipo fencafen,24830.0,fenbufen,IN,M,,M01,,M01A,,M01AE,Propionic acid derivatives
calcio mas vit d,11253.0,vitamin D,IN,,,,,,,,
losartan hctz dia,214619.0,hydrochlorothiazide / losartan,MIN,C,,C09,,C09C,,C09CA,"Angiotensin II receptor blockers (ARBs), plain"
tetraconjugado,,,,,,,,,,,
dapaglifozina mgs cada horas,1488564.0,dapagliflozin,IN,A,,A10,,A10B,,A10BD,Combinations of oral blood glucose lowering drugs
melatonina dormir,6711.0,melatonin,IN,N,,N05,,N05C,,N05CX,"Hypnotics and sedatives in combination, excl. barbiturates"
exemestano,258494.0,exemestane,IN,L,,L02,,L02B,,L02BG,Aromatase inhibitors
natalizumab,354770.0,natalizumab,IN,L,,L04,,L04A,,L04AG,Monoclonal antibodies
salbutamol rescate,435.0,albuterol,IN,R,,R03,,R03A,,R03AC,Selective beta-2-adrenoreceptor agonists
telmisartan amlodipino,901212.0,amlodipine / telmisartan,MIN,C,,C08,,C08C,,C08CA,Dihydropyridine derivatives
bisoprolol,19484.0,bisoprolol,IN,C,,C07,,C07A,,C07AB,"Beta blocking agents, selective"
ryblesus semaglutide mg,1991302.0,semaglutide,IN,A,,A10,,A10B,,A10BJ,Glucagon-like peptide-1 (GLP-1) analogues
dapagliflozina mg dia,1488564.0,dapagliflozin,IN,A,,A10,,A10B,,A10BD,Combinations of oral blood glucose lowering drugs
rivaroxaban x,1114195.0,rivaroxaban,IN,B,,B01,,B01A,,B01AF,Direct factor Xa inhibitors
genfibrozilo,4719.0,gemfibrozil,IN,C,,C10,,C10A,,C10AB,Fibrates
cetirzina,20610.0,cetirizine,IN,R,,R06,,R06A,,R06AE,Piperazine derivatives
vitamina resto,1151.0,ascorbic acid,IN,A,,A11,,A11J,,A11JC,"Vitamins, other combinations"
neosalidina ocasional,,,,,,,,,,,
isotretionina,6064.0,isotretinoin,IN,D,,D10,,D10B,,D10BA,Retinoids for treatment of acne
colestri,151533.0,Colestid,BN,C,,C10,,C10A,,C10AC,Bile acid sequestrants
morfina gotas,7052.0,morphine,IN,N,,N02,,N02A,,N02AA,Natural opium alkaloids
irbersartan amlodipino,17767.0,amlodipine,IN,C,,C09,,C09D,,C09DX,"Angiotensin II receptor blockers (ARBs), other combinations"
dolex forta,203421.0,Fortaz,BN,J,,J01,,J01D,,J01DD,Third-generation cephalosporins
ferrimed plus,152000.0,Maalox Plus,BN,A,,A02,,A02A,,A02AF,Antacids with antiflatulents
daflazacort,22396.0,deflazacort,IN,H,,H02,,H02A,,H02AB,Glucocorticoids
luvox fluvoxamina,2654952.0,fluvoxamine maleate Oral Tablet [Luvox],SBDFP,,,,,,,,
advil children,153010.0,Advil,BN,M,,M01,,M01A,,M01AE,Propionic acid derivatives
esemestano,258494.0,exemestane,IN,L,,L02,,L02B,,L02BG,Aromatase inhibitors
dustasteride tamsulosina,77492.0,tamsulosin,IN,G,,G04,,G04C,,G04CA,Alpha-adrenoreceptor antagonists
bupropio,42347.0,bupropion,IN,N,,N06,,N06A,,N06AX,Other antidepressants
vitam b,11248.0,vitamin B12,IN,B,,B03,,B03B,,B03BA,Vitamin B12 (cyanocobalamin and analogues)
arv,,,,,,,,,,,
budesonida deglutida suspencion dan cc,19831.0,budesonide,IN,A,,A07,,A07E,,A07EA,Corticosteroids acting locally
ac valprico,1370574.0,valerate,IN,,,,,,,,
terlmisartan,73494.0,telmisartan,IN,C,,C09,,C09C,,C09CA,"Angiotensin II receptor blockers (ARBs), plain"
relvac,,,,,,,,,,,
multivitaminicos ocasionales,313599.0,ascorbic acid 35 MG/ML / cholecalciferol 0.01 MG/ML / vitamin A 0.45 MG/ML Oral Solution,SCD,A,,A11,,A11C,,A11CA,"Vitamin A, plain"
urocuad ocasional,,,,,,,,,,,
urocuat,,,,,,,,,,,
dolex forte dolor,202844.0,Pred Forte,BN,S,,S01,,S01B,,S01BA,"Corticosteroids, plain"
mylanta gastritis,237865.0,calcium carbonate 80 MG/ML / magnesium hydroxide 27 MG/ML Oral Suspension,SCD,A,,A02,,A02A,,A02AC,Calcium compounds
acetaminofen aspirina cafeina,702316.0,aspirin 500 MG / caffeine 32.5 MG Oral Tablet,SCD,A,,A01,,A01A,,A01AD,Other agents for local oral treatment
coenzima q,21406.0,ubidecarenone,IN,C,,C01,,C01E,,C01EB,Other cardiac preparations
cardic vlasartan hisroclorotiazida,52175.0,losartan,IN,C,,C09,,C09C,,C09CA,"Angiotensin II receptor blockers (ARBs), plain"
esteroide topico,220345.0,Topicort,BN,D,,D07,,D07A,,D07AC,"Corticosteroids, potent (group III)"
tamsulosina solifenacina,322167.0,solifenacin,IN,G,,G04,,G04B,,G04BD,Drugs for urinary frequency and incontinence
artrodal,,,,,,,,,,,
quetapina,51272.0,quetiapine,IN,N,,N05,,N05A,,N05AH,"Diazepines, oxazepines, thiazepines and oxepines"
nomegestrol estradiol,31930.0,nomegestrol,IN,G,,G03,,G03D,,G03DB,Pregnadien derivatives
metoprolol x,6918.0,metoprolol,IN,C,,C07,,C07F,,C07FB,Beta blocking agents and calcium channel blockers
planificacion oral,,,,,,,,,,,
antialergicos,,,,,,,,,,,
metoprolol succionato mg,221124.0,metoprolol succinate,PIN,C,,C07,,C07A,,C07AB,"Beta blocking agents, selective"
asa ocasional ultima,1191.0,aspirin,IN,N,,N02,,N02B,,N02BA,Salicylic acid and derivatives
xanax alprazolam irbesartan mg amlodipino mg preludio mg,94610.0,alprazolam Oral Tablet [Xanax],SBDF,N,,N05,,N05B,,N05BA,Benzodiazepine derivatives
analgesico multiples moemnto toma,998598.0,Analgesic Balm GRX,BN,M,,M02,,M02A,,M02AC,Preparations with salicylic acid derivatives
hormonas topicas menopausia,543817.0,Topicale,BN,N,,N01,,N01B,,N01BA,Esters of aminobenzoic acid
eomeprazol,283742.0,esomeprazole,IN,A,,A02,,A02B,,A02BC,Proton pump inhibitors
minoxidil gotas,6984.0,minoxidil,IN,C,,C02,,C02D,,C02DC,Pyrimidine derivatives
livial,,,,,,,,,,,
cefalexina x dias,217263.0,Gas-X,BN,A,,A03,,A03A,,A03AX,Other drugs for functional gastrointestinal disorders
alerfax,,,,,,,,,,,
tapazol tab,1046644.0,glycerin 2.5 MG/ML / naphazoline hydrochloride 0.12 MG/ML / zinc sulfate 2.5 MG/ML Ophthalmic Solution,SCD,S,,S01,,S01G,,S01GA,Sympathomimetics used as decongestants
sumatriptan,37418.0,sumatriptan,IN,N,,N02,,N02C,,N02CC,Selective serotonin (5HT1) agonists
rosuvastatina cada noche,301542.0,rosuvastatin,IN,C,,C10,,C10A,,C10AA,HMG CoA reductase inhibitors
minipil,847088.0,Miniprin,BN,B,,B01,,B01A,,B01AC,Platelet aggregation inhibitors excl. heparin
pediatine,2656904.0,chlorpheniramine tannate Oral Suspension [Pediatan],SBDFP,,,,,,,,
levotoroxina,10582.0,levothyroxine,IN,H,,H03,,H03A,,H03AA,Thyroid hormones
modrodrina,,,,,,,,,,,
reffiere,,,,,,,,,,,
nifedipino mg cada horas,7417.0,nifedipine,IN,C,,C08,,C08C,,C08CA,Dihydropyridine derivatives
tacrolimus xl mg cada horas,42316.0,tacrolimus,IN,L,,L04,,L04A,,L04AD,Calcineurin inhibitors
trazodona sertralina clonazepam,2598.0,clonazepam,IN,N,,N03,,N03A,,N03AE,Benzodiazepine derivatives
cefalexina profilactica,2231.0,cephalexin,IN,J,,J01,,J01D,,J01DB,First-generation cephalosporins
trimebutina ocasional,10819.0,trimebutine,IN,A,,A03,,A03A,,A03AA,"Synthetic anticholinergics, esters with tertiary amino group"
vit b d,11253.0,vitamin D,IN,,,,,,,,
atorvastatina huipercolesterolemia,83367.0,atorvastatin,IN,C,,C10,,C10B,,C10BA,Combinations of various lipid modifying agents
magnesio zinc vitamina b d,11253.0,vitamin D,IN,,,,,,,,
ocasionalmente toma medicamentos dolor pie,1307589.0,Cassia fistula fruit extract,IN,,,,,,,,
warfarina mg,11289.0,warfarin,IN,B,,B01,,B01A,,B01AA,Vitamin K antagonists
magnesio complejo b,11248.0,vitamin B12,IN,B,,B03,,B03B,,B03BA,Vitamin B12 (cyanocobalamin and analogues)
biprofenid finaliza dias,996520.0,dextromethorphan hydrobromide 2 MG/ML / guaifenesin 20 MG/ML Oral Solution,SCD,R,,R05,,R05D,,R05DA,Opium alkaloids and derivatives
cabarmazapina,,,,,,,,,,,
claritromicina,21212.0,clarithromycin,IN,A,,A02,,A02B,,A02BC,Proton pump inhibitors
vitmamina d magnesio,11253.0,vitamin D,IN,,,,,,,,
sucralfto,10156.0,sucralfate,IN,A,,A02,,A02B,,A02BX,Other drugs for peptic ulcer and gastro-oesophageal reflux disease (GORD)
calcigel,795480.0,Calcidol,BN,A,,A11,,A11C,,A11CC,Vitamin D and analogues
antibioticos h pilory termino hace dias,2716737.0,Bactine Antibiotic,BN,D,,D06,,D06A,,D06AX,Other antibiotics for topical use
losartan mg cada horas espironolactona mg dia prazosin mg dia rosuvastatina mg noche,8629.0,prazosin,IN,C,,C02,,C02C,,C02CA,Alpha-adrenoreceptor antagonists
verapmilo,11170.0,verapamil,IN,C,,C08,,C08D,,C08DA,Phenylalkylamine derivatives
vitaminas hierro acido folico,4511.0,folic acid,IN,B,,B03,,B03A,,B03AD,Iron in combination with folic acid
simbrinza gotas,1421452.0,Simbrinza,BN,D,,D11,,D11A,,D11AX,Other dermatologicals
rivaroxadam x mgs,217263.0,Gas-X,BN,A,,A03,,A03A,,A03AX,Other drugs for functional gastrointestinal disorders
dorsolamida timolol,662263.0,dorzolamide / timolol,MIN,C,,C07,,C07A,,C07AA,"Beta blocking agents, non-selective"
medicamnetos,,,,,,,,,,,
vi c antioxidantes,220801.0,Vi-Sudo,BN,R,,R06,,R06A,,R06AX,Other antihistamines for systemic use
acido folico tto fertilidad,4511.0,folic acid,IN,B,,B03,,B03A,,B03AD,Iron in combination with folic acid
dhea,3143.0,prasterone,IN,G,,G03,,G03X,,G03XX,Other sex hormones and modulators of the genital system
creatina,2907.0,creatine,IN,,,,,,,,
siligas,,,,,,,,,,,
aldactone,151317.0,Aldactone,BN,C,,C03,,C03D,,C03DA,Aldosterone antagonists
ceterizina,20610.0,cetirizine,IN,R,,R06,,R06A,,R06AE,Piperazine derivatives
vitaminas minerales,1151.0,ascorbic acid,IN,A,,A11,,A11J,,A11JC,"Vitamins, other combinations"
losartan tab cada horas,372651.0,losartan Oral Tablet,SCDF,C,,C09,,C09C,,C09CA,"Angiotensin II receptor blockers (ARBs), plain"
exedrina,151612.0,Dexedrine,BN,N,,N06,,N06B,,N06BA,Centrally acting sympathomimetics
mw ansiedad reduccion peso,2118533.0,polyethyloxazoline (200000 MW),IN,,,,,,,,
vitamina d ui,11253.0,vitamin D,IN,,,,,,,,
asa mgs,1191.0,aspirin,IN,N,,N02,,N02B,,N02BA,Salicylic acid and derivatives
melena leon prebiotico origen natural,33093.0,peppermint preparation,IN,,,,,,,,
aterocixib,,,,,,,,,,,
montelucas,88249.0,montelukast,IN,R,,R03,,R03D,,R03DC,Leukotriene receptor antagonists
montelukas ceterizina,88249.0,montelukast,IN,R,,R03,,R03D,,R03DC,Leukotriene receptor antagonists
hcqs,,,,,,,,,,,
vitamina b hierro,11251.0,vitamin B complex,IN,,,,,,,,
progesterona,8727.0,progesterone,IN,G,,G03,,G03D,,G03DA,Pregnen (4) derivatives
quimioterapia culmino ano,,,,,,,,,,,
daptomicina activo,22299.0,daptomycin,IN,J,,J01,,J01X,,J01XX,Other antibacterials
cialis,303263.0,Cialis,BN,G,,G04,,G04B,,G04BE,Drugs used in erectile dysfunction
vitaminas magnesio potasio,8588.0,potassium,IN,C,,C03,,C03C,,C03CB,Sulfonamides and potassium in combination
chancapiedra,,,,,,,,,,,
aripripazol,89013.0,aripiprazole,IN,N,,N05,,N05A,,N05AX,Other antipsychotics
azec spray nasal,,,,,,,,,,,
duodart trimebutina,10819.0,trimebutine,IN,A,,A03,,A03A,,A03AA,"Synthetic anticholinergics, esters with tertiary amino group"
tenofovir disproxil,300195.0,tenofovir disoproxil,IN,J,,J05,,J05A,,J05AR,"Antivirals for treatment of HIV infections, combinations"
inh salbutamol eventos respiratorio,435.0,albuterol,IN,R,,R03,,R03A,,R03AC,Selective beta-2-adrenoreceptor agonists
inh salbutamol,435.0,albuterol,IN,R,,R03,,R03A,,R03AC,Selective beta-2-adrenoreceptor agonists
mirvetric,,,,,,,,,,,
anastrazole,84857.0,anastrozole,IN,L,,L02,,L02B,,L02BG,Aromatase inhibitors
pentoprazol,40790.0,pantoprazole,IN,A,,A02,,A02B,,A02BC,Proton pump inhibitors
fexofenadina urticaria,87636.0,fexofenadine,IN,R,,R06,,R06A,,R06AX,Other antihistamines for systemic use
sevedol cefalea,2656855.0,morphine sulfate Oral Tablet [Sevredol],SBDFP,,,,,,,,
duloxetina mg dia,72625.0,duloxetine,IN,N,,N06,,N06A,,N06AX,Other antidepressants
olmetec mg,,,,,,,,,,,
taldelafilo,,,,,,,,,,,
engystol homeopatico,285167.0,Urtica urens homeopathic preparation,IN,,,,,,,,
metmorfina,,,,,,,,,,,
isoclon,352728.0,Isochron,BN,C,,C01,,C01D,,C01DA,Organic nitrates
suplemento hormonal,1427222.0,parathyroid hormone,IN,H,,H05,,H05A,,H05AA,Parathyroid hormones and analogues
anemidox hast ael dia d eayer,1358998.0,Zephrex-D,BN,R,,R01,,R01B,,R01BA,Sympathomimetics
zolpidem,39993.0,zolpidem,IN,N,,N05,,N05C,,N05CF,Benzodiazepine related drugs
medicacion paara hpb,1363608.0,hydroxypropylbetadex (0.58-0.68 MS),IN,,,,,,,,
magnesi,6582.0,magnesium oxide,IN,A,,A11,,A11J,,A11JB,Vitamins with minerals
gestavit dha,144450.0,docosahexaenoic acid,PIN,A,,A11,,A11J,,A11JC,"Vitamins, other combinations"
perindropil amlodipino,17767.0,amlodipine,IN,C,,C09,,C09D,,C09DX,"Angiotensin II receptor blockers (ARBs), other combinations"
silotrip,1430268.0,Gilotrif,BN,L,,L01,,L01E,,L01EB,Epidermal growth factor receptor (EGFR) tyrosine kinase inhibitors
levotiroxina cada manana ayunas,285149.0,banana extract,IN,,,,,,,,
glucolax,4845.0,glucosamine,IN,M,,M01,,M01A,,M01AX,"Other antiinflammatory and antirheumatic agents, non-steroids"
winadine,,,,,,,,,,,
pragabalina,187832.0,pregabalin,IN,N,,N02,,N02B,,N02BF,Gabapentinoids
rosuvastina,301542.0,rosuvastatin,IN,C,,C10,,C10A,,C10AA,HMG CoA reductase inhibitors
suspendioi azeflu x dia fexofenadina x dia,217263.0,Gas-X,BN,A,,A03,,A03A,,A03AX,Other drugs for functional gastrointestinal disorders
carbamazepina x mgs,217263.0,Gas-X,BN,A,,A03,,A03A,,A03AX,Other drugs for functional gastrointestinal disorders
betaloc zok mgs,2467583.0,Zokinvy,BN,A,,A16,,A16A,,A16AX,Various alimentary tract and metabolism products
espironolactona mg dia suspendido,9997.0,spironolactone,IN,C,,C03,,C03D,,C03DA,Aldosterone antagonists
sacubitril valsartan x mgs,1656339.0,sacubitril / valsartan,MIN,C,,C09,,C09D,,C09DX,"Angiotensin II receptor blockers (ARBs), other combinations"
tamsuolsina,,,,,,,,,,,
meformina mas sitagliptina,1099282.0,Mielim Y Mas,BN,R,,R05,,R05D,,R05DA,Opium alkaloids and derivatives
metformina x mgsd,217263.0,Gas-X,BN,A,,A03,,A03A,,A03AX,Other drugs for functional gastrointestinal disorders
rosuvstattina mg,301542.0,rosuvastatin,IN,C,,C10,,C10A,,C10AA,HMG CoA reductase inhibitors
peg copas gr ml agua jugo cada horas,1310594.0,polyethylene glycol 4000,IN,,,,,,,,
alactin cabergolina,215246.0,Amlactin,BN,D,,D02,,D02A,,D02AX,Other emollients and protectives
mangesio,,,,,,,,,,,
fexofenadine,87636.0,fexofenadine,IN,R,,R06,,R06A,,R06AX,Other antihistamines for systemic use
amiodarona,703.0,amiodarone,IN,C,,C01,,C01B,,C01BD,"Antiarrhythmics, class III"
domperidona cc c horas gastrostomia,1151.0,ascorbic acid,IN,A,,A11,,A11J,,A11JC,"Vitamins, other combinations"
fe acido folico,4511.0,folic acid,IN,B,,B03,,B03A,,B03AD,Iron in combination with folic acid
verum,1946396.0,Cinnamomum verum whole extract,IN,,,,,,,,
tinidazol desparasitacion,10612.0,tinidazole,IN,G,,G01,,G01A,,G01AF,Imidazole derivatives
ibuprofeno mareo cefalea,5640.0,ibuprofen,IN,N,,N02,,N02A,,N02AJ,Opioids in combination with non-opioid analgesics
ciclobenzapirina mg dia,21949.0,cyclobenzaprine,IN,M,,M03,,M03B,,M03BX,Other centrally acting agents
gabapentina mg dia dias dia dolor,996520.0,dextromethorphan hydrobromide 2 MG/ML / guaifenesin 20 MG/ML Oral Solution,SCD,R,,R05,,R05D,,R05DA,Opium alkaloids and derivatives
esteroide inh,2720028.0,menthol 0.0035 MG/MG / petrolatum 0.797 MG/MG / zinc oxide 0.05 MG/MG Rectal Ointment,SCD,D,,D02,,D02A,,D02AB,Zinc products
macitentan tableta cada horas,1442132.0,macitentan,IN,C,,C02,,C02K,,C02KX,Antihypertensives for pulmonary arterial hypertension
estrogenos progesterona,8727.0,progesterone,IN,G,,G03,,G03D,,G03DA,Pregnen (4) derivatives
vancomicina,11124.0,vancomycin,IN,A,,A07,,A07A,,A07AA,Antibiotics
neosaldina cada horas,,,,,,,,,,,
fluticasona vilanterol inhalador,1424888.0,fluticasone / vilanterol,MIN,R,,R03,,R03A,,R03AK,"Adrenergics in combination with corticosteroids or other drugs, excl. anticholinergics"
acido fenofibrico,183830.0,iocetamic acid,IN,V,,V08,,V08A,,V08AC,"Watersoluble, hepatotropic X-ray contrast media"
dianoger,,,,,,,,,,,
vitmaina c mg,1151.0,ascorbic acid,IN,A,,A11,,A11J,,A11JC,"Vitamins, other combinations"
fentanylo prches mcg,1740010.0,{2 (fentanyl 0.8 MG/ACTUAT Mucosal Spray [Subsys]) } Pack [Subsys 1600 MCG],BPCK,N,,N02,,N02A,,N02AB,Phenylpiperidine derivatives
inhalador salbutmol,435.0,albuterol,IN,R,,R03,,R03A,,R03AC,Selective beta-2-adrenoreceptor agonists
l tiroxine,24441.0,etifoxine,IN,N,,N05,,N05B,,N05BX,Other anxiolytics
bellaniw,1425407.0,ethanol 0.72 ML/ML Topical Spray,SCD,D,,D08,,D08A,,D08AX,Other antiseptics and disinfectants
apixaban mg dia,1364430.0,apixaban,IN,B,,B01,,B01A,,B01AF,Direct factor Xa inhibitors
ensure,1307051.0,ethanol 0.75 ML/ML Medicated Pad,SCD,D,,D08,,D08A,,D08AX,Other antiseptics and disinfectants
acetaminofen ibuprofeno ocasional,161.0,acetaminophen,IN,N,,N02,,N02A,,N02AJ,Opioids in combination with non-opioid analgesics
capecitabina quimio oral,194000.0,capecitabine,IN,L,,L01,,L01B,,L01BC,Pyrimidine analogues
vitamina d calcio,11253.0,vitamin D,IN,,,,,,,,
trayenta,1100703.0,Tradjenta,BN,A,,A10,,A10B,,A10BH,Dipeptidyl peptidase 4 (DPP-4) inhibitors
calcio gestavit,1895.0,calcium,IN,,,,,,,,
calcaio,,,,,,,,,,,
tomo metilpred dc,96797.0,Tomorrow,BN,J,,J01,,J01D,,J01DB,First-generation cephalosporins
crvedilol mg tab cada horas,371296.0,carvedilol Oral Tablet,SCDF,C,,C07,,C07A,,C07AG,Alpha and beta blocking agents
bicors budesoniuda mg,19831.0,budesonide,IN,A,,A07,,A07E,,A07EA,Corticosteroids acting locally
suplementos vitaminicos,827349.0,Bifidobacterium infantis 4 MG Oral Capsule [Align],SBD,,,,,,,,
gotas otalmicas,2688947.0,250 ML dibasic potassium phosphate 4.72 MG/ML / monobasic potassium phosphate 4.48 MG/ML Injection,SCD,B,,B05,,B05B,,B05BB,Solutions affecting the electrolyte balance
loratadina x dias,217263.0,Gas-X,BN,A,,A03,,A03A,,A03AX,Other drugs for functional gastrointestinal disorders
levogastrol,,,,,,,,,,,
ciprofloxaciona faltan dias,2551.0,ciprofloxacin,IN,S,,S01,,S01A,,S01AE,Fluoroquinolones
esteroides,1363446.0,soy sterol,IN,,,,,,,,
latanopros,43611.0,latanoprost,IN,S,,S01,,S01E,,S01EE,Prostaglandin analogues
valsartan clortalidona,69749.0,valsartan,IN,C,,C09,,C09C,,C09CA,"Angiotensin II receptor blockers (ARBs), plain"
medicamentos planificar,,,,,,,,,,,
ibup,,,,,,,,,,,
winadeine ocasional,,,,,,,,,,,
somatropina suspendido hace meses,61148.0,somatropin,IN,H,,H01,,H01A,,H01AC,Somatropin and somatropin agonists
dextetoprofeno ocasional,237162.0,dexketoprofen,IN,M,,M01,,M01A,,M01AE,Propionic acid derivatives
salmeterol fluticasona inicio mayo,284635.0,fluticasone / salmeterol,MIN,R,,R03,,R03A,,R03AK,"Adrenergics in combination with corticosteroids or other drugs, excl. anticholinergics"
diovan x,216652.0,Diovan,BN,C,,C09,,C09C,,C09CA,"Angiotensin II receptor blockers (ARBs), plain"
atorvatatina,83367.0,atorvastatin,IN,C,,C10,,C10B,,C10BA,Combinations of various lipid modifying agents
testosterona cada meses inyectable,10379.0,testosterone,IN,G,,G03,,G03B,,G03BA,3-oxoandrosten (4) derivatives
omeprazol mg dia,7646.0,omeprazole,IN,A,,A02,,A02B,,A02BC,Proton pump inhibitors
esomeprozol,283742.0,esomeprazole,IN,A,,A02,,A02B,,A02BC,Proton pump inhibitors
etoricoxib tab mg,307296.0,etoricoxib,IN,M,,M01,,M01A,,M01AH,Coxibs
bellaface dienogest,22968.0,dienogest,IN,G,,G03,,G03D,,G03DB,Pregnadien derivatives
mirabegon,1300786.0,mirabegron,IN,G,,G04,,G04B,,G04BD,Drugs for urinary frequency and incontinence
spray nasal avamys,,,,,,,,,,,
vaalsartan mg hctz amlodipino,17767.0,amlodipine,IN,C,,C09,,C09D,,C09DX,"Angiotensin II receptor blockers (ARBs), other combinations"
dienogel,22968.0,dienogest,IN,G,,G03,,G03D,,G03DB,Pregnadien derivatives
fencafe,,,,,,,,,,,
iltux olmesartan,321064.0,olmesartan,IN,C,,C09,,C09D,,C09DX,"Angiotensin II receptor blockers (ARBs), other combinations"
bisprolol,19484.0,bisoprolol,IN,C,,C07,,C07A,,C07AB,"Beta blocking agents, selective"
piridostigmine,9000.0,pyridostigmine,IN,N,,N07,,N07A,,N07AA,Anticholinesterases
alizaprida,17311.0,alizapride,IN,A,,A03,,A03F,,A03FA,Propulsives
desloratadina ocasdional,275635.0,desloratadine,IN,R,,R01,,R01B,,R01BA,Sympathomimetics
entresto,1656341.0,Entresto,BN,C,,C09,,C09D,,C09DX,"Angiotensin II receptor blockers (ARBs), other combinations"
telmisrtan,73494.0,telmisartan,IN,C,,C09,,C09C,,C09CA,"Angiotensin II receptor blockers (ARBs), plain"
bispoproolol amlodipino,17767.0,amlodipine,IN,C,,C09,,C09D,,C09DX,"Angiotensin II receptor blockers (ARBs), other combinations"
fenazopiridina clorhidrato,8120.0,phenazopyridine,IN,G,,G04,,G04B,,G04BD,Drugs for urinary frequency and incontinence
saxenda cada dia,1598264.0,Saxenda,BN,A,,A10,,A10B,,A10BJ,Glucagon-like peptide-1 (GLP-1) analogues
posaconazol,282446.0,posaconazole,IN,J,,J02,,J02A,,J02AC,Triazole and tetrazole derivatives
betalok x mgs,217263.0,Gas-X,BN,A,,A03,,A03A,,A03AX,Other drugs for functional gastrointestinal disorders
furosemida x mgs,217263.0,Gas-X,BN,A,,A03,,A03A,,A03AX,Other drugs for functional gastrointestinal disorders
lpitor,153165.0,Lipitor,BN,C,,C10,,C10A,,C10AA,HMG CoA reductase inhibitors
azatioprina x mgs,217263.0,Gas-X,BN,A,,A03,,A03A,,A03AX,Other drugs for functional gastrointestinal disorders
levoptiroxina,,,,,,,,,,,
suplementos biotina omega glucosamina creatina,4301.0,omega-3 fatty acids,IN,,,,,,,,
vitamida d,11253.0,vitamin D,IN,,,,,,,,
hierro ferrico acido folico,4511.0,folic acid,IN,B,,B03,,B03A,,B03AD,Iron in combination with folic acid
secoquinumab,1599788.0,secukinumab,IN,L,,L04,,L04A,,L04AC,Interleukin inhibitors
furoato mometasona inh,2659487.0,mometasone furoate Inhalant Product,SCDGP,R,,R03,,R03B,,R03BA,Glucocorticoids
usarcol,,,,,,,,,,,
telmisartan x m gs,73494.0,telmisartan,IN,C,,C09,,C09C,,C09CA,"Angiotensin II receptor blockers (ARBs), plain"
losartanx mgs,52175.0,losartan,IN,C,,C09,,C09C,,C09CA,"Angiotensin II receptor blockers (ARBs), plain"
levodopa mas carvidopa,103990.0,carbidopa / levodopa,MIN,N,,N04,,N04B,,N04BA,Dopa and dopa derivatives
omeprazol mgs cada horas,7646.0,omeprazole,IN,A,,A02,,A02B,,A02BC,Proton pump inhibitors
ispaghula autorizado,82089.0,ispaghula extract,IN,,,,,,,,
calcio vitd,1895.0,calcium,IN,,,,,,,,
topiramato mg,38404.0,topiramate,IN,A,,A08,,A08A,,A08AA,Centrally acting antiobesity products
seretide inhalador,1999800.0,seractide,IN,,,,,,,,
peridonpril arginato x mgs,217263.0,Gas-X,BN,A,,A03,,A03A,,A03AX,Other drugs for functional gastrointestinal disorders
effexor x,151692.0,Effexor,BN,N,,N06,,N06A,,N06AX,Other antidepressants
sulfato magnesio,6574.0,magnesium,IN,,,,,,,,
planificacion solamente,,,,,,,,,,,
polietilenglicol gramos noche,562600.0,salicylic acid 20 MG/ML Medicated Liquid Soap,SCD,D,,D01,,D01A,,D01AE,Other antifungals for topical use
clobazam mgs,21241.0,clobazam,IN,N,,N05,,N05B,,N05BA,Benzodiazepine derivatives
topiramato x mgs,217263.0,Gas-X,BN,A,,A03,,A03A,,A03AX,Other drugs for functional gastrointestinal disorders
exforge hct,1372733.0,Exforge HCT,BN,C,,C08,,C08C,,C08CA,Dihydropyridine derivatives
oxibutirina,,,,,,,,,,,
levotirxona mcg cada horas,,,,,,,,,,,
acido solendronico ano,,,,,,,,,,,
metformina empaglifozina x,217263.0,Gas-X,BN,A,,A03,,A03A,,A03AX,Other drugs for functional gastrointestinal disorders
asa pcasional,1191.0,aspirin,IN,N,,N02,,N02B,,N02BA,Salicylic acid and derivatives
azatioprina mg media veces dia,1371997.0,Stellaria media extract,IN,,,,,,,,
linagliptina x mgs,217263.0,Gas-X,BN,A,,A03,,A03A,,A03AX,Other drugs for functional gastrointestinal disorders
nnguno,,,,,,,,,,,
levotiroxin,10582.0,levothyroxine,IN,H,,H03,,H03A,,H03AA,Thyroid hormones
meropenem,29561.0,meropenem,IN,J,,J01,,J01D,,J01DH,Carbapenems
budesonida cap x mgs,860054.0,simethicone Oral Capsule [Gas-X],SBDF,A,,A03,,A03A,,A03AX,Other drugs for functional gastrointestinal disorders
escitalopram mgs,321988.0,escitalopram,IN,N,,N06,,N06A,,N06AB,Selective serotonin reuptake inhibitors
ventilan inhalador ocasional,8887.0,Ventolin,BN,R,,R03,,R03A,,R03AC,Selective beta-2-adrenoreceptor agonists
fenoxifenadina,,,,,,,,,,,
estrgogenos,4100.0,estrogens,IN,G,,G03,,G03E,,G03EA,Androgens and estrogens
pediatrin,1305218.0,Infuvite Pediatric,BN,A,,A11,,A11D,,A11DA,"Vitamin B1, plain"
bellarina anticonceptivos,1361461.0,Atropa belladona whole extract,IN,,,,,,,,
meltonina,6711.0,melatonin,IN,N,,N05,,N05C,,N05CX,"Hypnotics and sedatives in combination, excl. barbiturates"
loraglutide,475968.0,liraglutide,IN,A,,A10,,A10B,,A10BJ,Glucagon-like peptide-1 (GLP-1) analogues
losartan amlodipino hctz,214619.0,hydrochlorothiazide / losartan,MIN,C,,C09,,C09C,,C09CA,"Angiotensin II receptor blockers (ARBs), plain"
hidrocloroquina mgs,,,,,,,,,,,
rosuvastatina mas ezetimibe,2535748.0,ezetimibe / rosuvastatin,MIN,C,,C10,,C10B,,C10BA,Combinations of various lipid modifying agents
famotidina x mgs,217263.0,Gas-X,BN,A,,A03,,A03A,,A03AX,Other drugs for functional gastrointestinal disorders
multiviatminico,,,,,,,,,,,
cebedol ocasional,,,,,,,,,,,
fenobarbital x mgs,217263.0,Gas-X,BN,A,,A03,,A03A,,A03AX,Other drugs for functional gastrointestinal disorders
xarelto mg dia,1114199.0,Xarelto,BN,B,,B01,,B01A,,B01AF,Direct factor Xa inhibitors
losartan cada horas,52175.0,losartan,IN,C,,C09,,C09C,,C09CA,"Angiotensin II receptor blockers (ARBs), plain"
tiotropio,69120.0,tiotropium,IN,R,,R03,,R03B,,R03BB,Anticholinergics
nebivolol,31555.0,nebivolol,IN,C,,C09,,C09D,,C09DX,"Angiotensin II receptor blockers (ARBs), other combinations"
sacenda,1598264.0,Saxenda,BN,A,,A10,,A10B,,A10BJ,Glucagon-like peptide-1 (GLP-1) analogues
galantamina,4637.0,galantamine,IN,N,,N06,,N06D,,N06DA,Anticholinesterases
nexium ocasional,284799.0,Nexium,BN,A,,A02,,A02B,,A02BC,Proton pump inhibitors
enalapril tab mg media cada dia,1371997.0,Stellaria media extract,IN,,,,,,,,
hidromorfona jeringa prellena mg ml x ml,217263.0,Gas-X,BN,A,,A03,,A03A,,A03AX,Other drugs for functional gastrointestinal disorders
levetirazetam,114477.0,levetiracetam,IN,N,,N03,,N03A,,N03AX,Other antiepileptics
dextrosa cloruro sodio ml,4850.0,glucose,IN,V,,V06,,V06D,,V06DC,Carbohydrates
levotiroxina mcg metoterxate acido folico leflunomida cloroquina,4511.0,folic acid,IN,B,,B03,,B03A,,B03AD,Iron in combination with folic acid
insulina losartan amlodipino diltiazem,52175.0,losartan,IN,C,,C09,,C09C,,C09CA,"Angiotensin II receptor blockers (ARBs), plain"
losartan tamsulosina atorvastatina,52175.0,losartan,IN,C,,C09,,C09C,,C09CA,"Angiotensin II receptor blockers (ARBs), plain"
duodart bisoprolol asa,19484.0,bisoprolol,IN,C,,C07,,C07A,,C07AB,"Beta blocking agents, selective"
sulfazalasina,9524.0,sulfasalazine,IN,A,,A07,,A07E,,A07EC,Aminosalicylic acid and similar agents
budesonida suspendida,19831.0,budesonide,IN,A,,A07,,A07E,,A07EA,Corticosteroids acting locally
toma actualmente,,,,,,,,,,,
tompiramato,,,,,,,,,,,
eterocoxim,,,,,,,,,,,
medicamentos naturistas,,,,,,,,,,,
toma ningun medicamento,,,,,,,,,,,
tricovid,,,,,,,,,,,
metformina dapaglifozina,6809.0,metformin,IN,A,,A10,,A10B,,A10BD,Combinations of oral blood glucose lowering drugs
noratriptam migrana,,,,,,,,,,,
enoxaparina cada dia u,,,,,,,,,,,
quimioterapia endovenosa,,,,,,,,,,,
ganaplus,,,,,,,,,,,
levodopa carbidopa,,,,,,,,,,,
dolex acetaminofen ocasional,,,,,,,,,,,
buscpina fem,2590818.0,Fem Choice,BN,G,,G03,,G03A,,G03AC,Progestogens
amlodipino mg cada horas,17767.0,amlodipine,IN,C,,C09,,C09D,,C09DX,"Angiotensin II receptor blockers (ARBs), other combinations"
acetazolamida mg cada hoaras oral,167.0,acetazolamide,IN,S,,S01,,S01E,,S01EC,Carbonic anhydrase inhibitors
verapailo,11170.0,verapamil,IN,C,,C08,,C08D,,C08DA,Phenylalkylamine derivatives
divalproato sodico,4981.0,gold sodium thiomalate,PIN,M,,M01,,M01C,,M01CB,Gold preparations
metotrexate mg semana octubre,6851.0,methotrexate,IN,L,,L01,,L01B,,L01BA,Folic acid analogues
caldrate,215850.0,Caltrate,BN,A,,A02,,A02A,,A02AC,Calcium compounds
cefeina dipirona,1886.0,caffeine,IN,N,,N02,,N02B,,N02BA,Salicylic acid and derivatives
planificacion inyectable,,,,,,,,,,,
femel,1305100.0,ethanol 0.75 ML/ML Topical Gel,SCD,D,,D08,,D08A,,D08AX,Other antiseptics and disinfectants
trimetropin sulfaetoxazol,10831.0,sulfamethoxazole / trimethoprim,MIN,J,,J01,,J01E,,J01EC,Intermediate-acting sulfonamides
forxiga dapaglifozina,1534343.0,dapagliflozin Oral Tablet [Farxiga],SBDF,A,,A10,,A10B,,A10BK,Sodium-glucose co-transporter 2 (SGLT2) inhibitors
acetaminofen mas cafeina,1099282.0,Mielim Y Mas,BN,R,,R05,,R05D,,R05DA,Opium alkaloids and derivatives
ocaional dolor antiinflamatorios,1307051.0,ethanol 0.75 ML/ML Medicated Pad,SCD,D,,D08,,D08A,,D08AX,Other antiseptics and disinfectants
colecalciferol,2418.0,cholecalciferol,IN,A,,A11,,A11J,,A11JB,Vitamins with minerals
antialergico,,,,,,,,,,,
sertarlina,,,,,,,,,,,
tacrolimus liberacion prolongada mg dia,42316.0,tacrolimus,IN,L,,L04,,L04A,,L04AD,Calcineurin inhibitors
peolietilenglicol,,,,,,,,,,,
clnodina,,,,,,,,,,,
exenestal,,,,,,,,,,,
sumatoline,,,,,,,,,,,
toma medicamentso,,,,,,,,,,,
metfomina,6809.0,metformin,IN,A,,A10,,A10B,,A10BD,Combinations of oral blood glucose lowering drugs
rifaximina trimebutina simeticona,9796.0,simethicone,IN,A,,A02,,A02A,,A02AF,Antacids with antiflatulents
acetaminofen cefalea,161.0,acetaminophen,IN,N,,N02,,N02A,,N02AJ,Opioids in combination with non-opioid analgesics
amoxicilina clavulonato,723.0,amoxicillin,IN,J,,J01,,J01C,,J01CA,Penicillins with extended spectrum
antoconceptivos orales,,,,,,,,,,,
citrato clomifeno,2596.0,clomiphene,IN,G,,G03,,G03G,,G03GB,"Ovulation stimulants, synthetic"
dosaxocina,,,,,,,,,,,
medicamentos,,,,,,,,,,,
anticinceptivos orales,,,,,,,,,,,
anemidox ocasional,2655813.0,amiodarone hydrochloride Oral Tablet [Amidox],SBDFP,,,,,,,,
solifenacina mg,322167.0,solifenacin,IN,G,,G04,,G04B,,G04BD,Drugs for urinary frequency and incontinence
doxicicilina,,,,,,,,,,,
medicamenteos,,,,,,,,,,,
medicamentos ahora,215168.0,Alora,BN,G,,G03,,G03C,,G03CA,"Natural and semisynthetic estrogens, plain"
fluorometolona gotas,4491.0,fluorometholone,IN,S,,S01,,S01C,,S01CA,Corticosteroids and antiinfectives in combination
ivermectina,6069.0,ivermectin,IN,P,,P02,,P02C,,P02CF,Avermectines
calcio ocasional,1895.0,calcium,IN,,,,,,,,
lasrtan hidroclorotiazida,5487.0,hydrochlorothiazide,IN,C,,C09,,C09D,,C09DX,"Angiotensin II receptor blockers (ARBs), other combinations"
venetoclax x mgs,1747556.0,venetoclax,IN,L,,L01,,L01X,,L01XX,Other antineoplastic agents
antus u sc manana,261551.0,Lantus,BN,A,,A10,,A10A,,A10AE,"Insulins and analogues for injection, long-acting"
solifenacina,322167.0,solifenacin,IN,G,,G04,,G04B,,G04BD,Drugs for urinary frequency and incontinence
lirica x mgs,217263.0,Gas-X,BN,A,,A03,,A03A,,A03AX,Other drugs for functional gastrointestinal disorders
losartan hidroclorotiazida tab cada dia,372650.0,hydrochlorothiazide / losartan Oral Tablet,SCDF,C,,C09,,C09C,,C09CA,"Angiotensin II receptor blockers (ARBs), plain"
salbutmaol urgencia crisis,616011.0,Orencia,BN,L,,L04,,L04A,,L04AA,Selective immunosuppressants
testoterona trimestral im,10379.0,testosterone,IN,G,,G03,,G03B,,G03BA,3-oxoandrosten (4) derivatives
artrador,,,,,,,,,,,
glucophage xr mg tab diaria,802051.0,metformin Extended Release Oral Tablet [Glucophage],SBDF,A,,A10,,A10B,,A10BA,Biguanides
enzima digestiva,1310754.0,inulin 200 MG / Lacticaseibacillus rhamnosus GG 10000000000 UNT Oral Capsule,SCD,,,,,,,,
niega madre,199163.0,melatonin 3 MG Oral Tablet,SCD,N,,N05,,N05C,,N05CH,Melatonin receptor agonists
niega padre,,,,,,,,,,,
ninguna mediacion,,,,,,,,,,,
dolexina relax,197502.0,chlorzoxazone 500 MG Oral Tablet,SCD,M,,M03,,M03B,,M03BB,"Oxazol, thiazine, and triazine derivatives"
ajo sao palmeto,2056696.0,Ajovy,BN,N,,N02,,N02C,,N02CD,Calcitonin gene-related peptide (CGRP) antagonists
ningo,729238.0,Zingo,BN,N,,N01,,N01B,,N01BB,Amides
levotorixina,,,,,,,,,,,
bisoprolol x,19484.0,bisoprolol,IN,C,,C07,,C07A,,C07AB,"Beta blocking agents, selective"
piridostigmina mg,9000.0,pyridostigmine,IN,N,,N07,,N07A,,N07AA,Anticholinesterases
suplemento vitamina d,11253.0,vitamin D,IN,,,,,,,,
telmisarta amlodipino,901212.0,amlodipine / telmisartan,MIN,C,,C08,,C08C,,C08CA,Dihydropyridine derivatives
acido acetil salicilico mg,9525.0,salicylic acid,IN,D,,D02,,D02A,,D02AF,Salicylic acid preparations
valsartan hctz mg,214626.0,hydrochlorothiazide / valsartan,MIN,C,,C09,,C09D,,C09DA,Angiotensin II receptor blockers (ARBs) and diuretics
perindopril indapamida amlodipino,388499.0,indapamide / perindopril,MIN,C,,C09,,C09A,,C09AA,"ACE inhibitors, plain"
rosuvastatina x,217263.0,Gas-X,BN,A,,A03,,A03A,,A03AX,Other drugs for functional gastrointestinal disorders
esomeprazol mg cada dia,283742.0,esomeprazole,IN,A,,A02,,A02B,,A02BC,Proton pump inhibitors
actaminofen hidrocodona,5489.0,hydrocodone,IN,N,,N02,,N02A,,N02AJ,Opioids in combination with non-opioid analgesics
levotiroxina cmg mcg fin semana,10582.0,levothyroxine,IN,H,,H03,,H03A,,H03AA,Thyroid hormones
yasminiq aticonceptivo,748857.0,{21 (drospirenone 3 MG / ethinyl estradiol 0.03 MG Oral Tablet) / 7 (inert ingredients 1 MG Oral Tablet) } Pack [Yasmin 28 Day],BPCK,G,,G03,,G03A,,G03AC,Progestogens
cardioaspirina mg interdiaria,308416.0,aspirin 81 MG Delayed Release Oral Tablet,SCD,B,,B01,,B01A,,B01AC,Platelet aggregation inhibitors excl. heparin
quetipina,51272.0,quetiapine,IN,N,,N05,,N05A,,N05AH,"Diazepines, oxazepines, thiazepines and oxepines"
dutasteride mg,228790.0,dutasteride,IN,G,,G04,,G04C,,G04CA,Alpha-adrenoreceptor antagonists
morfina jeringa mg ml x ml,217263.0,Gas-X,BN,A,,A03,,A03A,,A03AX,Other drugs for functional gastrointestinal disorders
medicamentos homeopaticos,285167.0,Urtica urens homeopathic preparation,IN,,,,,,,,
levotiroxina x mgd,217263.0,Gas-X,BN,A,,A03,,A03A,,A03AX,Other drugs for functional gastrointestinal disorders
omega iii,220305.0,Thrombate III,BN,B,,B01,,B01A,,B01AB,Heparin group
rosuvasttativa x,217263.0,Gas-X,BN,A,,A03,,A03A,,A03AX,Other drugs for functional gastrointestinal disorders
levodopa benserazida,619749.0,benserazide / levodopa,MIN,N,,N04,,N04B,,N04BA,Dopa and dopa derivatives
suplencias,,,,,,,,,,,
azelastina fluticasona,18603.0,azelastine,IN,R,,R01,,R01A,,R01AD,Corticosteroids
anticoncetivos orales,,,,,,,,,,,
artrodal plastidine,,,,,,,,,,,
empagliflozina jardiance,1545659.0,Jardiance,BN,A,,A10,,A10B,,A10BK,Sodium-glucose co-transporter 2 (SGLT2) inhibitors
sal glober,9522.0,salicylate,PIN,D,,D01,,D01A,,D01AE,Other antifungals for topical use
dianogenst,,,,,,,,,,,
enalapirl mg horas,3827.0,enalapril,IN,C,,C09,,C09A,,C09AA,"ACE inhibitors, plain"
valsartan horas,69749.0,valsartan,IN,C,,C09,,C09C,,C09CA,"Angiotensin II receptor blockers (ARBs), plain"
vitamina b d cloruro magnesio zinc aceite pescado,1117107.0,Veneno de Abeja Aceite de Vibora,BN,M,,M02,,M02A,,M02AC,Preparations with salicylic acid derivatives
levosulpirida,,,,,,,,,,,
vitaminas zinc magnesio b,11251.0,vitamin B complex,IN,,,,,,,,
topiramato migrana toma tableta diaria mg,42643.0,Migranal,BN,N,,N02,,N02C,,N02CA,Ergot alkaloids
gotas oculares prednisolona ojo derecho,8638.0,prednisolone,IN,H,,H02,,H02A,,H02AB,Glucocorticoids
venlafaxina mg dia,39786.0,venlafaxine,IN,N,,N06,,N06A,,N06AX,Other antidepressants
celebrex,215927.0,Celebrex,BN,L,,L01,,L01X,,L01XX,Other antineoplastic agents
amlodipino mgr cada h,17767.0,amlodipine,IN,C,,C09,,C09D,,C09DX,"Angiotensin II receptor blockers (ARBs), other combinations"
pilocarpina x mgs,217263.0,Gas-X,BN,A,,A03,,A03A,,A03AX,Other drugs for functional gastrointestinal disorders
amitriptilina x mgs,217263.0,Gas-X,BN,A,,A03,,A03A,,A03AX,Other drugs for functional gastrointestinal disorders
valcote er mgs,304959.0,Valcyte,BN,J,,J05,,J05A,,J05AB,Nucleosides and nucleotides excl. reverse transcriptase inhibitors
dexametasona,3264.0,dexamethasone,IN,S,,S01,,S01C,,S01CA,Corticosteroids and antiinfectives in combination
telmisartan amlodiino,901212.0,amlodipine / telmisartan,MIN,C,,C08,,C08C,,C08CA,Dihydropyridine derivatives
amitrioptilina,704.0,amitriptyline,IN,N,,N06,,N06A,,N06AA,Non-selective monoamine reuptake inhibitors
anticponceptivos orales,,,,,,,,,,,
inhibidor bomba protones recuerda nombre,8040.0,peptones,IN,,,,,,,,
ezetimibe simvastatina mg dia,484211.0,ezetimibe / simvastatin,MIN,C,,C10,,C10B,,C10BA,Combinations of various lipid modifying agents
acetamiofnen,161.0,acetaminophen,IN,N,,N02,,N02A,,N02AJ,Opioids in combination with non-opioid analgesics
loperamida cc,6468.0,loperamide,IN,A,,A07,,A07D,,A07DA,Antipropulsives
dovir,900434.0,ibuprofen 200 MG Oral Tablet [Addaprin],SBD,M,,M01,,M01A,,M01AE,Propionic acid derivatives
telsisartan x mgs,217263.0,Gas-X,BN,A,,A03,,A03A,,A03AX,Other drugs for functional gastrointestinal disorders
carbonato calcio,1897.0,calcium carbonate,IN,A,,A12,,A12A,,A12AX,"Calcium, combinations with vitamin D and/or other drugs"
entacapona levodopa carbidopa,404786.0,carbidopa / entacapone / levodopa,MIN,N,,N04,,N04B,,N04BA,Dopa and dopa derivatives
c valproico,1151.0,ascorbic acid,IN,A,,A11,,A11J,,A11JC,"Vitamins, other combinations"
levotiroxina ug dia l d,7500.0,nomifensine,IN,N,,N06,,N06A,,N06AX,Other antidepressants
fluorocortisona,4452.0,fludrocortisone,IN,H,,H02,,H02A,,H02AA,Mineralocorticoids
omega ocasional hace dias toma,4301.0,omega-3 fatty acids,IN,,,,,,,,
semaglutide hace dias,1991302.0,semaglutide,IN,A,,A10,,A10B,,A10BJ,Glucagon-like peptide-1 (GLP-1) analogues
empaglifozina linagliptina,1598392.0,empagliflozin / linagliptin,MIN,A,,A10,,A10B,,A10BH,Dipeptidyl peptidase 4 (DPP-4) inhibitors
semaglutide diaria,1991302.0,semaglutide,IN,A,,A10,,A10B,,A10BJ,Glucagon-like peptide-1 (GLP-1) analogues
muvett s,863965.0,S-2,BN,,,,,,,,
winadeine f necesidad,217508.0,Hemocyte-F,BN,B,,B03,,B03A,,B03AD,Iron in combination with folic acid
duraflex necesidad migrana,42643.0,Migranal,BN,N,,N02,,N02C,,N02CA,Ergot alkaloids
etericoxib,307296.0,etoricoxib,IN,M,,M01,,M01A,,M01AH,Coxibs
amlodpino,17767.0,amlodipine,IN,C,,C09,,C09D,,C09DX,"Angiotensin II receptor blockers (ARBs), other combinations"
broncodilatadores,,,,,,,,,,,
calcifediol,1889.0,calcifediol,IN,H,,H05,,H05B,,H05BX,Other anti-parathyroid agents
bromuro pinaberio,203212.0,ipratropium bromide,PIN,R,,R03,,R03A,,R03AL,Adrenergics in combination with anticholinergics incl. triple combinations with corticosteroids
metlatonina dormir,1919068.0,Dormin,BN,R,,R06,,R06A,,R06AA,Aminoalkyl ethers
analgsicos resto,1101108.0,Rest Simply,BN,R,,R06,,R06A,,R06AA,Aminoalkyl ethers
capecitadina,194000.0,capecitabine,IN,L,,L01,,L01B,,L01BC,Pyrimidine analogues
urocuad mg,,,,,,,,,,,
pancreatina,7880.0,pancreatin,IN,,,,,,,,
sabila,1310161.0,Juniperus sabina leaf,IN,,,,,,,,
satoren h forte losartan hidroclorotiazida mg mg,214619.0,hydrochlorothiazide / losartan,MIN,C,,C09,,C09C,,C09CA,"Angiotensin II receptor blockers (ARBs), plain"
biocalcium,2585217.0,dicalcium citrate,IN,,,,,,,,
rivarixaban,1114195.0,rivaroxaban,IN,B,,B01,,B01A,,B01AF,Direct factor Xa inhibitors
bilasten,2659025.0,benzalkonium chloride Topical Solution [Blister Blaster],SBDFP,,,,,,,,
jardiance x mgs,1545659.0,Jardiance,BN,A,,A10,,A10B,,A10BK,Sodium-glucose co-transporter 2 (SGLT2) inhibitors
kardic x mgs,217263.0,Gas-X,BN,A,,A03,,A03A,,A03AX,Other drugs for functional gastrointestinal disorders
carvedilol mg tableta cada horas,20352.0,carvedilol,IN,C,,C07,,C07A,,C07AG,Alpha and beta blocking agents
inhalador nasal esteroide azec,2720028.0,menthol 0.0035 MG/MG / petrolatum 0.797 MG/MG / zinc oxide 0.05 MG/MG Rectal Ointment,SCD,D,,D02,,D02A,,D02AB,Zinc products
plenacor atenolol,1202.0,atenolol,IN,C,,C07,,C07A,,C07AB,"Beta blocking agents, selective"
ibuprofeno metocarbamol,5640.0,ibuprofen,IN,N,,N02,,N02A,,N02AJ,Opioids in combination with non-opioid analgesics
bisoprolol mg tab noche,371104.0,bisoprolol Oral Tablet,SCDF,C,,C07,,C07A,,C07AB,"Beta blocking agents, selective"
exforge amlodipino mg valsartan mg hctz mg,848148.0,amlodipine / hydrochlorothiazide / valsartan Oral Tablet [Exforge HCT],SBDF,C,,C08,,C08C,,C08CA,Dihydropyridine derivatives
antivirales,1307051.0,ethanol 0.75 ML/ML Medicated Pad,SCD,D,,D08,,D08A,,D08AX,Other antiseptics and disinfectants
omnilafe,,,,,,,,,,,
ninguno suspendio antihipertensivos cuenta,805579.0,"rotavirus vaccine, live attenuated, G1P[8] human 89-12 strain 1000000 UNT/ML Oral Suspension [Rotarix]",SBD,J,,J07,,J07B,,J07BH,Rota virus diarrhea vaccines
advil ibuprofeno,153010.0,Advil,BN,M,,M01,,M01A,,M01AE,Propionic acid derivatives
venlafaxina capsulas x mg capsula am,221105.0,Haemophilus capsular oligosaccharide,IN,,,,,,,,
meds bellaface,197803.0,ibuprofen 20 MG/ML Oral Suspension,SCD,M,,M01,,M01A,,M01AE,Propionic acid derivatives
mesds,197803.0,ibuprofen 20 MG/ML Oral Suspension,SCD,M,,M01,,M01A,,M01AE,Propionic acid derivatives
anticoceptivos orales,,,,,,,,,,,
fluticasona vilanterol mcg vez dia,1424888.0,fluticasone / vilanterol,MIN,R,,R03,,R03A,,R03AK,"Adrenergics in combination with corticosteroids or other drugs, excl. anticholinergics"
irbesartan mg,83818.0,irbesartan,IN,C,,C09,,C09C,,C09CA,"Angiotensin II receptor blockers (ARBs), plain"
verapamilo mg c h,1151.0,ascorbic acid,IN,A,,A11,,A11J,,A11JC,"Vitamins, other combinations"
quetiapina mg dia,51272.0,quetiapine,IN,N,,N05,,N05A,,N05AH,"Diazepines, oxazepines, thiazepines and oxepines"
losartan mg x amlodipino mg x acido acetilsalicilico mg x atorvastatina mg x,217263.0,Gas-X,BN,A,,A03,,A03A,,A03AX,Other drugs for functional gastrointestinal disorders
acetamiofen,161.0,acetaminophen,IN,N,,N02,,N02A,,N02AJ,Opioids in combination with non-opioid analgesics
espronaolactona mg cada horas,,,,,,,,,,,
insulina xultophy,1860168.0,Xultophy,BN,A,,A10,,A10A,,A10AE,"Insulins and analogues for injection, long-acting"
efavirenz,195085.0,efavirenz,IN,J,,J05,,J05A,,J05AR,"Antivirals for treatment of HIV infections, combinations"
clobazam mg cada horas,21241.0,clobazam,IN,N,,N05,,N05B,,N05BA,Benzodiazepine derivatives
magnesio zinc,11416.0,zinc,IN,,,,,,,,
metoprolol succ mg x,221124.0,metoprolol succinate,PIN,C,,C07,,C07A,,C07AB,"Beta blocking agents, selective"
celecoxib suspendido,140587.0,celecoxib,IN,L,,L01,,L01X,,L01XX,Other antineoplastic agents
multivotaminas,313599.0,ascorbic acid 35 MG/ML / cholecalciferol 0.01 MG/ML / vitamin A 0.45 MG/ML Oral Solution,SCD,A,,A11,,A11C,,A11CA,"Vitamin A, plain"
ao diane,800041.0,Dianeal PD-2/2.5,BN,A,,A12,,A12A,,A12AA,Calcium
asa x dia suspendido,217263.0,Gas-X,BN,A,,A03,,A03A,,A03AX,Other drugs for functional gastrointestinal disorders
clonazepan gotas,2598.0,clonazepam,IN,N,,N03,,N03A,,N03AE,Benzodiazepine derivatives
umira mg,353484.0,Humira,BN,L,,L04,,L04A,,L04AB,Tumor necrosis factor alpha (TNF-alpha) inhibitors
acido acetilsalicilico mg dia,1191.0,aspirin,IN,N,,N02,,N02B,,N02BA,Salicylic acid and derivatives
slinda aco,10237.0,sulindac,IN,M,,M01,,M01A,,M01AB,Acetic acid derivatives and related substances
vitaminas embarazo,1151.0,ascorbic acid,IN,A,,A11,,A11J,,A11JC,"Vitamins, other combinations"
lacosamida mg cada horas,623400.0,lacosamide,IN,N,,N03,,N03A,,N03AX,Other antiepileptics
misoprolol mg dia,19484.0,bisoprolol,IN,C,,C07,,C07A,,C07AB,"Beta blocking agents, selective"
diovan mg tableta dia,216652.0,Diovan,BN,C,,C09,,C09C,,C09CA,"Angiotensin II receptor blockers (ARBs), plain"
magnesio potasio,8588.0,potassium,IN,C,,C03,,C03C,,C03CB,Sulfonamides and potassium in combination
acetazolamida tabletas,167.0,acetazolamide,IN,S,,S01,,S01E,,S01EC,Carbonic anhydrase inhibitors
acetaminofen dolex ocasional,161.0,acetaminophen,IN,N,,N02,,N02A,,N02AJ,Opioids in combination with non-opioid analgesics
olopatadina gotas,135391.0,olopatadine,IN,S,,S01,,S01G,,S01GX,Other antiallergics
erfiere,,,,,,,,,,,
recibia nitrofurantoina,7454.0,nitrofurantoin,IN,J,,J01,,J01X,,J01XE,Nitrofuran derivatives
floratil,902574.0,ethanol 0.65 ML/ML Topical Gel,SCD,D,,D08,,D08A,,D08AX,Other antiseptics and disinfectants
antigripal,2691101.0,acetaminophen 325 MG / dextromethorphan hydrobromide 10 MG / phenylephrine hydrochloride 5 MG Effervescent Oral Tablet,SCD,N,,N02,,N02B,,N02BE,Anilides
mutlvitaminicos,,,,,,,,,,,
anexia dolor,2656087.0,acetaminophen / hydrocodone bitartrate Oral Tablet [Anexsia],SBDFP,,,,,,,,
anticionceptivos,,,,,,,,,,,
diclofenac codeina,1008110.0,codeine / diclofenac,MIN,R,,R05,,R05D,,R05DA,Opium alkaloids and derivatives
acetamionfen codeina,2670.0,codeine,IN,R,,R05,,R05D,,R05DA,Opium alkaloids and derivatives
magnesio ocasional,6574.0,magnesium,IN,,,,,,,,
tocilizumab cada mes,612865.0,tocilizumab,IN,L,,L04,,L04A,,L04AC,Interleukin inhibitors
anticonceptivo porales,2103294.0,ficusin,IN,,,,,,,,
wellbutrin bupropion,491056.0,bupropion Extended Release Oral Tablet [Wellbutrin],SBDF,N,,N06,,N06A,,N06AX,Other antidepressants
sertan,,,,,,,,,,,
planificacion familiar,894987.0,dog skin extract,IN,V,,V01,,V01A,,V01AA,Allergen extracts
rosusvastatina x mgs,217263.0,Gas-X,BN,A,,A03,,A03A,,A03AX,Other drugs for functional gastrointestinal disorders
bibartato hidrocodona,5489.0,hydrocodone,IN,N,,N02,,N02A,,N02AJ,Opioids in combination with non-opioid analgesics
propafenona x mgs,217263.0,Gas-X,BN,A,,A03,,A03A,,A03AX,Other drugs for functional gastrointestinal disorders
adorlan,,,,,,,,,,,
pec estrenimiento,308762.0,bismuth subsalicylate 17.5 MG/ML Oral Suspension,SCD,A,,A07,,A07B,,A07BB,Bismuth preparations
magenesio,6582.0,magnesium oxide,IN,A,,A11,,A11J,,A11JB,Vitamins with minerals
alendronato osteopenia,46041.0,alendronate,IN,M,,M05,,M05B,,M05BA,Bisphosphonates
reemplazo hormonal via oral,1427222.0,parathyroid hormone,IN,H,,H05,,H05A,,H05AA,Parathyroid hormones and analogues
ningno,,,,,,,,,,,
vit c zinc,1151.0,ascorbic acid,IN,A,,A11,,A11J,,A11JC,"Vitamins, other combinations"
bismuto subsalicilato,19478.0,bismuth subsalicylate,IN,A,,A07,,A07B,,A07BB,Bismuth preparations
pradaxa dabigatran mg cada horas,2590618.0,dabigatran etexilate Oral Pellet [Pradaxa],SBDF,B,,B01,,B01A,,B01AE,Direct thrombin inhibitors
tocilizumab,612865.0,tocilizumab,IN,L,,L04,,L04A,,L04AC,Interleukin inhibitors
fesofenadina,87636.0,fexofenadine,IN,R,,R06,,R06A,,R06AX,Other antihistamines for systemic use
analgesica,998598.0,Analgesic Balm GRX,BN,M,,M02,,M02A,,M02AC,Preparations with salicylic acid derivatives
lorazepan mg,6470.0,lorazepam,IN,N,,N05,,N05B,,N05BA,Benzodiazepine derivatives
excelges citragel,1362890.0,citral,IN,,,,,,,,
losartan amlodpino,52175.0,losartan,IN,C,,C09,,C09C,,C09CA,"Angiotensin II receptor blockers (ARBs), plain"
levodopa entacapone,404786.0,carbidopa / entacapone / levodopa,MIN,N,,N04,,N04B,,N04BA,Dopa and dopa derivatives
dapagliflozina tab dia am,1488568.0,dapagliflozin Oral Tablet,SCDF,A,,A10,,A10B,,A10BK,Sodium-glucose co-transporter 2 (SGLT2) inhibitors
topiramatol,38404.0,topiramate,IN,A,,A08,,A08A,,A08AA,Centrally acting antiobesity products
gaviscone,25655.0,Gaviscon,BN,A,,A02,,A02A,,A02AD,"Combinations and complexes of aluminium, calcium and magnesium compounds"
emulsion scott,219820.0,Scot-Tussin,BN,R,,R05,,R05C,,R05CA,Expectorants
lantanoprost gotas,43611.0,latanoprost,IN,S,,S01,,S01E,,S01EE,Prostaglandin analogues
poantioprazol,40790.0,pantoprazole,IN,A,,A02,,A02B,,A02BC,Proton pump inhibitors
eritropoyetina,,,,,,,,,,,
vitamina c zinc omega,1151.0,ascorbic acid,IN,A,,A11,,A11J,,A11JC,"Vitamins, other combinations"
qlaire,581660.0,ethanol 0.62 ML/ML Topical Gel,SCD,D,,D08,,D08A,,D08AX,Other antiseptics and disinfectants
sulfato ferroso mg,2473.0,chondroitin sulfates,IN,M,,M01,,M01A,,M01AX,"Other antiinflammatory and antirheumatic agents, non-steroids"
synthroid tabl ug l j ug resto dias,966250.0,levothyroxine sodium 0.1 MG Oral Tablet [Synthroid],SBD,H,,H03,,H03A,,H03AA,Thyroid hormones
medicamentos naturales omega,1089808.0,Tears Naturale PM,BN,S,,S01,,S01X,,S01XA,Other ophthalmologicals
mw suplemento dietario,2118533.0,polyethyloxazoline (200000 MW),IN,,,,,,,,
femoston condi estradiol,4083.0,estradiol,IN,G,,G03,,G03F,,G03FA,"Progestogens and estrogens, fixed combinations"
clorofila,,,,,,,,,,,
amocxiclina,,,,,,,,,,,
fursemida,4603.0,furosemide,IN,C,,C03,,C03C,,C03CA,"Sulfonamides, plain"
acido zoledronico,77655.0,zoledronic acid,IN,M,,M05,,M05B,,M05BA,Bisphosphonates
refeire,,,,,,,,,,,
alerfast temporal,1311347.0,Sus scrofa temporal lobe preparation,IN,,,,,,,,
anticoncepcion pila,2655603.0,pilocarpine hydrochloride Ophthalmic Solution [Pilagan],SBDFP,,,,,,,,
estreoide nasal,,,,,,,,,,,
anticonceoptivos oralas,2711539.0,Streptococcus oralis,IN,,,,,,,,
libido,,,,,,,,,,,
antihistaminico vilastina,1366495.0,Ahist Antihistamine,BN,R,,R06,,R06A,,R06AE,Piperazine derivatives
vitamina c ocsional,1151.0,ascorbic acid,IN,A,,A11,,A11J,,A11JC,"Vitamins, other combinations"
metrotrexate,6851.0,methotrexate,IN,L,,L01,,L01B,,L01BA,Folic acid analogues
mometazona nasal,1165392.0,mometasone Nasal Product,SCDG,D,,D07,,D07A,,D07AC,"Corticosteroids, potent (group III)"
tadalafilo tab diaria,358263.0,tadalafil,IN,G,,G04,,G04B,,G04BE,Drugs used in erectile dysfunction
isoflavonas,259226.0,soy protein isolate 40 MG Oral Tablet,SCD,,,,,,,,
propranolol mg c noche,8787.0,propranolol,IN,C,,C07,,C07A,,C07AA,"Beta blocking agents, non-selective"
hierro vitaminas,90176.0,iron,IN,,,,,,,,
ashawanda,,,,,,,,,,,
rosuvatatina,301542.0,rosuvastatin,IN,C,,C10,,C10A,,C10AA,HMG CoA reductase inhibitors
mirabregon,1300786.0,mirabegron,IN,G,,G04,,G04B,,G04BD,Drugs for urinary frequency and incontinence
dolex forte ocasional,202844.0,Pred Forte,BN,S,,S01,,S01B,,S01BA,"Corticosteroids, plain"
levotiroxina ugr lunes sabado via oral,1181484.0,Lunesta Oral Product,SBDG,N,,N05,,N05C,,N05CF,Benzodiazepine related drugs
sirduo x mgs,217263.0,Gas-X,BN,A,,A03,,A03A,,A03AX,Other drugs for functional gastrointestinal disorders
clonazepam gota diaria,2598.0,clonazepam,IN,N,,N03,,N03A,,N03AE,Benzodiazepine derivatives
clazapina,2626.0,clozapine,IN,N,,N05,,N05A,,N05AH,"Diazepines, oxazepines, thiazepines and oxepines"
fexofenadina ocasional,87636.0,fexofenadine,IN,R,,R06,,R06A,,R06AX,Other antihistamines for systemic use
freslipausia,,,,,,,,,,,
estalevo,1372713.0,Stalevo,BN,N,,N04,,N04B,,N04BA,Dopa and dopa derivatives
anticonceptivas orales,,,,,,,,,,,
anticonceptivo hormonal,1427222.0,parathyroid hormone,IN,H,,H05,,H05A,,H05AA,Parathyroid hormones and analogues
biotina ocasional,1588.0,biotin,IN,B,,B03,,B03A,,B03AE,Iron in other combinations
ibutrinib hoy,797500.0,camphor 0.05 MG/MG / menthol 0.05 MG/MG Topical Gel,SCD,M,,M02,,M02A,,M02AX,Other topical products for joint and muscular pain
advil necesidad,153010.0,Advil,BN,M,,M01,,M01A,,M01AE,Propionic acid derivatives
cefalexina meses,2231.0,cephalexin,IN,J,,J01,,J01D,,J01DB,First-generation cephalosporins
selenio zinc,2568578.0,copper sulfate / manganese sulfate / selenious acid / zinc sulfate Injection [Multrys],SBDF,V,,V03,,V03A,,V03AB,Antidotes
tadafilo,,,,,,,,,,,
exforge htc,722127.0,Exforge,BN,C,,C08,,C08C,,C08CA,Dihydropyridine derivatives
homeopaticos perimenopausicos,285167.0,Urtica urens homeopathic preparation,IN,,,,,,,,
losartan mg noche,52175.0,losartan,IN,C,,C09,,C09C,,C09CA,"Angiotensin II receptor blockers (ARBs), plain"
oxibutilina x,217263.0,Gas-X,BN,A,,A03,,A03A,,A03AX,Other drugs for functional gastrointestinal disorders
spray nasal estoideo,2640866.0,meadowfoam estolide,IN,,,,,,,,
acetaminofen mg cada,161.0,acetaminophen,IN,N,,N02,,N02A,,N02AJ,Opioids in combination with non-opioid analgesics
etoricoxib mg via oral dia,307296.0,etoricoxib,IN,M,,M01,,M01A,,M01AH,Coxibs
levocetiricina rinitis,356887.0,levocetirizine,IN,R,,R06,,R06A,,R06AE,Piperazine derivatives
hidroclorotizaida,,,,,,,,,,,
piridostigmina,9000.0,pyridostigmine,IN,N,,N07,,N07A,,N07AA,Anticholinesterases
diltiazen,3443.0,diltiazem,IN,C,,C08,,C08D,,C08DB,Benzothiazepine derivatives
inmunoterapia,,,,,,,,,,,
cefepime vancomicina,20481.0,cefepime,IN,J,,J01,,J01D,,J01DE,Fourth-generation cephalosporins
doravitina islatravir,2055755.0,doravirine,IN,J,,J05,,J05A,,J05AG,Non-nucleoside reverse transcriptase inhibitors
tamoxiefno,,,,,,,,,,,
metamizol,3523.0,dipyrone,IN,N,,N02,,N02B,,N02BB,Pyrazolones
brimonidina timolol,597142.0,brimonidine / timolol,MIN,C,,C07,,C07A,,C07AA,"Beta blocking agents, non-selective"
furoato mometasona spray nasal,2648470.0,mometasone furoate Nasal Spray,SCDFP,,,,,,,,
fluticasona vilanterol inhalador vez dia,1424888.0,fluticasone / vilanterol,MIN,R,,R03,,R03A,,R03AK,"Adrenergics in combination with corticosteroids or other drugs, excl. anticholinergics"
enoxaparina mg x,217263.0,Gas-X,BN,A,,A03,,A03A,,A03AX,Other drugs for functional gastrointestinal disorders
acetaminofen mg cada ocho horas,161.0,acetaminophen,IN,N,,N02,,N02A,,N02AJ,Opioids in combination with non-opioid analgesics
sevedol ocasional migrana,42643.0,Migranal,BN,N,,N02,,N02C,,N02CA,Ergot alkaloids
colecaciferol,2418.0,cholecalciferol,IN,A,,A11,,A11J,,A11JB,Vitamins with minerals
creatina proteinas,2907.0,creatine,IN,,,,,,,,
metilprednisolona,6902.0,methylprednisolone,IN,H,,H02,,H02A,,H02AB,Glucocorticoids
doxazosina mg,49276.0,doxazosin,IN,C,,C02,,C02C,,C02CA,Alpha-adrenoreceptor antagonists
piridostigmina mg diarias,9000.0,pyridostigmine,IN,N,,N07,,N07A,,N07AA,Anticholinesterases
estrogeno spray,4100.0,estrogens,IN,G,,G03,,G03E,,G03EA,Androgens and estrogens
vitamina d vitamina c,1151.0,ascorbic acid,IN,A,,A11,,A11J,,A11JC,"Vitamins, other combinations"
entresto sacubitril valsartan,2679796.0,sacubitril / valsartan Oral Pellet [Entresto],SBDF,C,,C09,,C09D,,C09DX,"Angiotensin II receptor blockers (ARBs), other combinations"
bosentan miligramos cada horas octubre,75207.0,bosentan,IN,C,,C02,,C02K,,C02KX,Antihypertensives for pulmonary arterial hypertension
metoprolol mg,6918.0,metoprolol,IN,C,,C07,,C07F,,C07FB,Beta blocking agents and calcium channel blockers
dutasteriude,228790.0,dutasteride,IN,G,,G04,,G04C,,G04CA,Alpha-adrenoreceptor antagonists
pinaverio,33724.0,pinaverium,IN,A,,A03,,A03A,,A03AX,Other drugs for functional gastrointestinal disorders
ciclosprina,3008.0,cyclosporine,IN,L,,L04,,L04A,,L04AD,Calcineurin inhibitors
azelastina,18603.0,azelastine,IN,R,,R01,,R01A,,R01AD,Corticosteroids
osimertinib,1721560.0,osimertinib,IN,L,,L01,,L01E,,L01EB,Epidermal growth factor receptor (EGFR) tyrosine kinase inhibitors
diovan atorvastatina alfuzosina,216652.0,Diovan,BN,C,,C09,,C09C,,C09CA,"Angiotensin II receptor blockers (ARBs), plain"
mcg levotiroxina,10582.0,levothyroxine,IN,H,,H03,,H03A,,H03AA,Thyroid hormones
ritmonorm x mgs,217263.0,Gas-X,BN,A,,A03,,A03A,,A03AX,Other drugs for functional gastrointestinal disorders
ibersartan x mgs,217263.0,Gas-X,BN,A,,A03,,A03A,,A03AX,Other drugs for functional gastrointestinal disorders
telmisartan x mgs,73494.0,telmisartan,IN,C,,C09,,C09C,,C09CA,"Angiotensin II receptor blockers (ARBs), plain"
inmunoglobulina hiumana,1426454.0,immunoglobulin A,IN,,,,,,,,
fluconazol vaginosis,4450.0,fluconazole,IN,J,,J02,,J02A,,J02AC,Triazole and tetrazole derivatives
dianomet,,,,,,,,,,,
efexxor,,,,,,,,,,,
dimard,,,,,,,,,,,
anovulatorio,,,,,,,,,,,
salbutamol inh actual,435.0,albuterol,IN,R,,R03,,R03A,,R03AC,Selective beta-2-adrenoreceptor agonists
irbersarta hidroclortiazida,83818.0,irbesartan,IN,C,,C09,,C09C,,C09CA,"Angiotensin II receptor blockers (ARBs), plain"
retinex,,,,,,,,,,,
ipram,,,,,,,,,,,
levoiroxina,,,,,,,,,,,
metimazol x,217263.0,Gas-X,BN,A,,A03,,A03A,,A03AX,Other drugs for functional gastrointestinal disorders
alopurinol mg,519.0,allopurinol,IN,M,,M04,,M04A,,M04AA,Preparations inhibiting uric acid production
prednisolona mg,8638.0,prednisolone,IN,H,,H02,,H02A,,H02AB,Glucocorticoids
calcio hierro vitaminas,90176.0,iron,IN,,,,,,,,
colageno hidrolizado minoxidil,6984.0,minoxidil,IN,C,,C02,,C02D,,C02DC,Pyrimidine derivatives
ceftriaxona gramos cada horas intravenoso metronidazol,6922.0,metronidazole,IN,A,,A02,,A02B,,A02BD,Combinations for eradication of Helicobacter pylori
trimetoprima sulfametoxazol,10831.0,sulfamethoxazole / trimethoprim,MIN,J,,J01,,J01E,,J01EC,Intermediate-acting sulfonamides
duodart dutasterida tamsulosina,228790.0,dutasteride,IN,G,,G04,,G04C,,G04CA,Alpha-adrenoreceptor antagonists
sitagliptina merformina,729717.0,metformin / sitagliptin,MIN,A,,A10,,A10B,,A10BD,Combinations of oral blood glucose lowering drugs
insulina galrgina unidades dia,253182.0,"insulin, regular, human",IN,A,,A10,,A10A,,A10AD,"Insulins and analogues for injection, intermediate- or long-acting combined with fast-acting"
colgeno magnesio,6574.0,magnesium,IN,,,,,,,,
zinc selenio vitamina c,1151.0,ascorbic acid,IN,A,,A11,,A11J,,A11JC,"Vitamins, other combinations"
tampentadol,787390.0,tapentadol,IN,N,,N02,,N02A,,N02AX,Other opioids
acetaminofen tramadol mg cada hrs vo meses,352362.0,acetaminophen / tramadol,MIN,N,,N02,,N02A,,N02AX,Other opioids
gemgifrozilo,4719.0,gemfibrozil,IN,C,,C10,,C10A,,C10AB,Fibrates
levotiroxina mcg diario,10582.0,levothyroxine,IN,H,,H03,,H03A,,H03AA,Thyroid hormones
tegretol retard,203029.0,Tegretol,BN,N,,N03,,N03A,,N03AF,Carboxamide derivatives
acetaminofe,161.0,acetaminophen,IN,N,,N02,,N02A,,N02AJ,Opioids in combination with non-opioid analgesics
losartan mg mg dia,52175.0,losartan,IN,C,,C09,,C09C,,C09CA,"Angiotensin II receptor blockers (ARBs), plain"
multivitamnicos,313599.0,ascorbic acid 35 MG/ML / cholecalciferol 0.01 MG/ML / vitamin A 0.45 MG/ML Oral Solution,SCD,A,,A11,,A11C,,A11CA,"Vitamin A, plain"
metformina empaglifozina,6809.0,metformin,IN,A,,A10,,A10B,,A10BD,Combinations of oral blood glucose lowering drugs
strozoven,,,,,,,,,,,
dapaglifozina mg dia,1488564.0,dapagliflozin,IN,A,,A10,,A10B,,A10BD,Combinations of oral blood glucose lowering drugs
metformina mg dia junio,6809.0,metformin,IN,A,,A10,,A10B,,A10BD,Combinations of oral blood glucose lowering drugs
ezomeprazol,283742.0,esomeprazole,IN,A,,A02,,A02B,,A02BC,Proton pump inhibitors
budesonida necesidad,19831.0,budesonide,IN,A,,A07,,A07E,,A07EA,Corticosteroids acting locally
medicamentos homeopaticos indico suspender,1307969.0,tamarind seed extract,IN,,,,,,,,
vitamia d,11253.0,vitamin D,IN,,,,,,,,
inflamin,199189.0,capsaicin 0.25 MG/ML / menthol 40 MG/ML Topical Cream,SCD,M,,M02,,M02A,,M02AB,Capsaicin and similar agents
analgesicos ocasionales dolor hombro,998598.0,Analgesic Balm GRX,BN,M,,M02,,M02A,,M02AC,Preparations with salicylic acid derivatives
mometasona inh,108118.0,mometasone,IN,R,,R03,,R03A,,R03AK,"Adrenergics in combination with corticosteroids or other drugs, excl. anticholinergics"
ibersartan mg amlodpino mg,83818.0,irbesartan,IN,C,,C09,,C09C,,C09CA,"Angiotensin II receptor blockers (ARBs), plain"
levosulpiride,,,,,,,,,,,
levtorixona mcg x dias,217263.0,Gas-X,BN,A,,A03,,A03A,,A03AX,Other drugs for functional gastrointestinal disorders
anexia ocasional,2656087.0,acetaminophen / hydrocodone bitartrate Oral Tablet [Anexsia],SBDFP,,,,,,,,
antihistminico regular,253182.0,"insulin, regular, human",IN,A,,A10,,A10A,,A10AD,"Insulins and analogues for injection, intermediate- or long-acting combined with fast-acting"
bactrin cc veces dia,151399.0,Bactrim,BN,J,,J01,,J01E,,J01EC,Intermediate-acting sulfonamides
tolterodina liberaci modificada mg,119565.0,tolterodine,IN,G,,G04,,G04B,,G04BD,Drugs for urinary frequency and incontinence
simeticona pancreatina,9796.0,simethicone,IN,A,,A02,,A02A,,A02AF,Antacids with antiflatulents
isoface veces semana,,,,,,,,,,,
tasmulosina,,,,,,,,,,,
antiriniticos,581662.0,ethanol 0.7 ML/ML Topical Gel,SCD,D,,D08,,D08A,,D08AX,Other antiseptics and disinfectants
ocreotide,7617.0,octreotide,IN,H,,H01,,H01C,,H01CB,Somatostatin and analogues
calcio vitamina k,11258.0,vitamin K,IN,A,,A12,,A12A,,A12AX,"Calcium, combinations with vitamin D and/or other drugs"
isoface acne,1310910.0,Propionibacterium acnes,IN,,,,,,,,
acetaminofen gr cada hrs,161.0,acetaminophen,IN,N,,N02,,N02A,,N02AJ,Opioids in combination with non-opioid analgesics
levotiroxina mc dia,10582.0,levothyroxine,IN,H,,H03,,H03A,,H03AA,Thyroid hormones
losartan mg hidroclorotiazida mg,214619.0,hydrochlorothiazide / losartan,MIN,C,,C09,,C09C,,C09CA,"Angiotensin II receptor blockers (ARBs), plain"
curcuma,1114883.0,turmeric extract,IN,,,,,,,,
nguno,,,,,,,,,,,
minoxildil,6984.0,minoxidil,IN,C,,C02,,C02D,,C02DC,Pyrimidine derivatives
biperideno tab,1589.0,biperiden,IN,N,,N04,,N04A,,N04AA,Tertiary amines
carvedilol mg c horas,20352.0,carvedilol,IN,C,,C07,,C07A,,C07AG,Alpha and beta blocking agents
esomeprazol x mgs,283742.0,esomeprazole,IN,A,,A02,,A02B,,A02BC,Proton pump inhibitors
perindopril amlodipino,1033889.0,amlodipine / perindopril,MIN,C,,C09,,C09B,,C09BB,ACE inhibitors and calcium channel blockers
metotrexate mg semanal,6851.0,methotrexate,IN,L,,L01,,L01B,,L01BA,Folic acid analogues
amoxicilina otitis,723.0,amoxicillin,IN,J,,J01,,J01C,,J01CA,Penicillins with extended spectrum
fluconazol onicomicosis actual,4450.0,fluconazole,IN,J,,J02,,J02A,,J02AC,Triazole and tetrazole derivatives
bisopprolol,19484.0,bisoprolol,IN,C,,C07,,C07A,,C07AB,"Beta blocking agents, selective"
fliticazona salmeterol,36117.0,salmeterol,IN,R,,R03,,R03A,,R03AK,"Adrenergics in combination with corticosteroids or other drugs, excl. anticholinergics"
pregabalina mg x,217263.0,Gas-X,BN,A,,A03,,A03A,,A03AX,Other drugs for functional gastrointestinal disorders
acetaminofen ketorolaco,161.0,acetaminophen,IN,N,,N02,,N02A,,N02AJ,Opioids in combination with non-opioid analgesics
acido ursodesoxicolico,183830.0,iocetamic acid,IN,V,,V08,,V08A,,V08AC,"Watersoluble, hepatotropic X-ray contrast media"
levotiroxina mcg dia lunes sabado,540404.0,Lunesta,BN,N,,N05,,N05C,,N05CF,Benzodiazepine related drugs
empaglifozina x mgs,217263.0,Gas-X,BN,A,,A03,,A03A,,A03AX,Other drugs for functional gastrointestinal disorders
vitanmina d,11253.0,vitamin D,IN,,,,,,,,
metformina mg x,217263.0,Gas-X,BN,A,,A03,,A03A,,A03AX,Other drugs for functional gastrointestinal disorders
dorzolamida mas timolol gotas oftalmicas,662263.0,dorzolamide / timolol,MIN,C,,C07,,C07A,,C07AA,"Beta blocking agents, non-selective"
valsartan mg x,69749.0,valsartan,IN,C,,C09,,C09C,,C09CA,"Angiotensin II receptor blockers (ARBs), plain"
acteaminofen,,,,,,,,,,,
toma medicamentos ahora,215168.0,Alora,BN,G,,G03,,G03C,,G03CA,"Natural and semisynthetic estrogens, plain"
gastro,10312.0,Delayed Release Oral Tablet,DF,,,,,,,,
hdorxicina,,,,,,,,,,,
ninguuno,,,,,,,,,,,
estradiol,4083.0,estradiol,IN,G,,G03,,G03F,,G03FA,"Progestogens and estrogens, fixed combinations"
acetaminofen ibruprofeno,161.0,acetaminophen,IN,N,,N02,,N02A,,N02AJ,Opioids in combination with non-opioid analgesics
capecitabina,194000.0,capecitabine,IN,L,,L01,,L01B,,L01BC,Pyrimidine analogues
nefopam,7285.0,nefopam,IN,N,,N02,,N02B,,N02BG,Other analgesics and antipyretics
brinzolamida,194881.0,brinzolamide,IN,S,,S01,,S01E,,S01EC,Carbonic anhydrase inhibitors
anticoptivos orales,,,,,,,,,,,
hierro calcio,90176.0,iron,IN,,,,,,,,
cetiruzina,20610.0,cetirizine,IN,R,,R06,,R06A,,R06AE,Piperazine derivatives
clonazepam gotas,2598.0,clonazepam,IN,N,,N03,,N03A,,N03AE,Benzodiazepine derivatives
cordias,2121054.0,Cordia dichotoma fruit extract,IN,,,,,,,,
vitaminsa,11246.0,vitamin A,IN,A,,A11,,A11J,,A11JA,Combinations of vitamins
gaviscon ocasional,25655.0,Gaviscon,BN,A,,A02,,A02A,,A02AD,"Combinations and complexes of aluminium, calcium and magnesium compounds"
medicacion prostata,2669316.0,Flemingia prostrata whole extract,IN,,,,,,,,
leupreline,42375.0,leuprolide,IN,L,,L02,,L02A,,L02AE,Gonadotropin releasing hormone analogues
atorvastatina mg noche,83367.0,atorvastatin,IN,C,,C10,,C10B,,C10BA,Combinations of various lipid modifying agents
levotiroxina mcg interdiario,10582.0,levothyroxine,IN,H,,H03,,H03A,,H03AA,Thyroid hormones
mometasona inhalador,108118.0,mometasone,IN,R,,R03,,R03A,,R03AK,"Adrenergics in combination with corticosteroids or other drugs, excl. anticholinergics"
symbicort turbuhaler,327148.0,Symbicort,BN,R,,R03,,R03A,,R03AK,"Adrenergics in combination with corticosteroids or other drugs, excl. anticholinergics"
levotirxina mcg,,,,,,,,,,,
glicinato magnesio,6574.0,magnesium,IN,,,,,,,,
spray nasal acec,2721766.0,aceclidine,IN,S,,S01,,S01E,,S01EB,Parasympathomimetics
rybelsus tab mg interdiaria,2200645.0,Rybelsus,BN,A,,A10,,A10B,,A10BJ,Glucagon-like peptide-1 (GLP-1) analogues
adorlan diclofenaco tramadol,10689.0,tramadol,IN,N,,N02,,N02A,,N02AX,Other opioids
ibuflax,,,,,,,,,,,
nebivolol mg x,31555.0,nebivolol,IN,C,,C09,,C09D,,C09DX,"Angiotensin II receptor blockers (ARBs), other combinations"
gabapentina mg tableta oral cada horas topiramato mg tableta cada oras acetaminofen mg tableta oral,308416.0,aspirin 81 MG Delayed Release Oral Tablet,SCD,B,,B01,,B01A,,B01AC,Platelet aggregation inhibitors excl. heparin
alfuzocina,17300.0,alfuzosin,IN,G,,G04,,G04C,,G04CA,Alpha-adrenoreceptor antagonists
vilasten,,,,,,,,,,,
sray nasal,,,,,,,,,,,
ibersartan mas amlodipino,1099282.0,Mielim Y Mas,BN,R,,R05,,R05D,,R05DA,Opium alkaloids and derivatives
tofacitinib,1357536.0,tofacitinib,IN,L,,L04,,L04A,,L04AF,Janus-associated kinase (JAK) inhibitors
recibe medicacion,,,,,,,,,,,
pantoprazol mg dia,40790.0,pantoprazole,IN,A,,A02,,A02B,,A02BC,Proton pump inhibitors
lwvotiroxina,,,,,,,,,,,
xilodosina,720825.0,silodosin,IN,G,,G04,,G04C,,G04CA,Alpha-adrenoreceptor antagonists
bravio fibra,824586.0,psyllium 3400 MG Powder for Oral Suspension,SCD,A,,A06,,A06A,,A06AC,Bulk-forming laxatives
carvedilol mg dia noche,20352.0,carvedilol,IN,C,,C07,,C07A,,C07AG,Alpha and beta blocking agents
bisoprolol mg dia,19484.0,bisoprolol,IN,C,,C07,,C07A,,C07AB,"Beta blocking agents, selective"
mirabegron mg dia,1300786.0,mirabegron,IN,G,,G04,,G04B,,G04BD,Drugs for urinary frequency and incontinence
alprazolam esporadicamente,596.0,alprazolam,IN,N,,N05,,N05B,,N05BA,Benzodiazepine derivatives
bilastina noche,562600.0,salicylic acid 20 MG/ML Medicated Liquid Soap,SCD,D,,D01,,D01A,,D01AE,Other antifungals for topical use
doxazosina,49276.0,doxazosin,IN,C,,C02,,C02C,,C02CA,Alpha-adrenoreceptor antagonists
fitoestimuline topico vaginal,220345.0,Topicort,BN,D,,D07,,D07A,,D07AC,"Corticosteroids, potent (group III)"
sevedol segun dolor,2656855.0,morphine sulfate Oral Tablet [Sevredol],SBDFP,,,,,,,,
medicaemnto aalopecia,200172.0,finasteride 1 MG Oral Tablet,SCD,G,,G04,,G04C,,G04CB,Testosterone-5-alpha reductase inhibitors
vitamina d unidades,11253.0,vitamin D,IN,,,,,,,,
ciclobnzaprina,21949.0,cyclobenzaprine,IN,M,,M03,,M03B,,M03BX,Other centrally acting agents
nemantina,6719.0,memantine,IN,N,,N06,,N06D,,N06DA,Anticholinesterases
aerovial inhalador,283560.0,"Echinacea, aerial parts",IN,,,,,,,,
lecitina soya,579598.0,soybean lecithin,IN,,,,,,,,
dompoeridona,3626.0,domperidone,IN,A,,A03,,A03F,,A03FA,Propulsives
cacitriol,1894.0,calcitriol,IN,A,,A11,,A11C,,A11CC,Vitamin D and analogues
carvedilol mg x,20352.0,carvedilol,IN,C,,C07,,C07A,,C07AG,Alpha and beta blocking agents
ipran,310965.0,ibuprofen 200 MG Oral Tablet,SCD,M,,M01,,M01A,,M01AE,Propionic acid derivatives
metaspray mometasona,108118.0,mometasone,IN,R,,R03,,R03A,,R03AK,"Adrenergics in combination with corticosteroids or other drugs, excl. anticholinergics"
vitamina d omega calcio,4301.0,omega-3 fatty acids,IN,,,,,,,,
tracolimus,42316.0,tacrolimus,IN,L,,L04,,L04A,,L04AD,Calcineurin inhibitors
magnesio omega maca,319839.0,maca preparation,IN,,,,,,,,
momentasona,108118.0,mometasone,IN,R,,R03,,R03A,,R03AK,"Adrenergics in combination with corticosteroids or other drugs, excl. anticholinergics"
medicamentes,,,,,,,,,,,
dulcolax,151672.0,Dulcolax,BN,A,,A06,,A06A,,A06AB,Contact laxatives
inhaladores beclometasona,1347.0,beclomethasone,IN,A,,A07,,A07E,,A07EA,Corticosteroids acting locally
clopidogrel x mgs,32968.0,clopidogrel,IN,B,,B01,,B01A,,B01AC,Platelet aggregation inhibitors excl. heparin
riesperidona,35636.0,risperidone,IN,N,,N05,,N05A,,N05AX,Other antipsychotics
metimazol mg cada horas,6835.0,methimazole,IN,H,,H03,,H03B,,H03BB,Sulfur-containing imidazole derivatives
enoxaparina mg sc,67108.0,enoxaparin,IN,B,,B01,,B01A,,B01AB,Heparin group
hidrocodona naproxeno,7258.0,naproxen,IN,M,,M01,,M01A,,M01AE,Propionic acid derivatives
factores trasferencia automeicada,5920.0,intrinsic factor,IN,B,,B03,,B03A,,B03AE,Iron in other combinations
bilastina ocasional,,,,,,,,,,,
olmesartan iltux tab mg tab diaria,378991.0,olmesartan Oral Tablet,SCDF,C,,C09,,C09C,,C09CA,"Angiotensin II receptor blockers (ARBs), plain"
saprid,,,,,,,,,,,
budesonida salbuterol,2632021.0,albuterol / budesonide,MIN,A,,A07,,A07E,,A07EA,Corticosteroids acting locally
anotasdos,,,,,,,,,,,
ahora meds,215168.0,Alora,BN,G,,G03,,G03C,,G03CA,"Natural and semisynthetic estrogens, plain"
esomeprazol c h,283742.0,esomeprazole,IN,A,,A02,,A02B,,A02BC,Proton pump inhibitors
pediasure,204442.0,ibuprofen 40 MG/ML Oral Suspension,SCD,M,,M01,,M01A,,M01AE,Propionic acid derivatives
carbonato calcio mgrs cada horas via oral,1897.0,calcium carbonate,IN,A,,A12,,A12A,,A12AX,"Calcium, combinations with vitamin D and/or other drugs"
inyeccion planificacion mensual,1597298.0,acetaminophen 500 MG / caffeine 60 MG / pyrilamine maleate 15 MG Oral Tablet,SCD,N,,N02,,N02B,,N02BE,Anilides
levopromoezida,,,,,,,,,,,
gabapentin mg,25480.0,gabapentin,IN,N,,N02,,N02B,,N02BF,Gabapentinoids
n,218554.0,N'ICE,BN,R,,R02,,R02A,,R02AX,Other throat preparations
diclofenaco gel,377959.0,diclofenac Topical Gel,SCDF,M,,M02,,M02A,,M02AA,"Antiinflammatory preparations, non-steroids for topical use"
aco s,863965.0,S-2,BN,,,,,,,,
ezopiclona,461016.0,eszopiclone,IN,N,,N05,,N05C,,N05CF,Benzodiazepine related drugs
levotiroxina mcg x,217263.0,Gas-X,BN,A,,A03,,A03A,,A03AX,Other drugs for functional gastrointestinal disorders
levotiroxina syntroid mcg dia,368142.0,levothyroxine Oral Tablet [Synthroid],SBDF,H,,H03,,H03A,,H03AA,Thyroid hormones
dupilumab im c dias,1876376.0,dupilumab,IN,D,,D11,,D11A,,D11AH,"Agents for dermatitis, excluding corticosteroids"
fofomicina,,,,,,,,,,,
esomepraozl,283742.0,esomeprazole,IN,A,,A02,,A02B,,A02BC,Proton pump inhibitors
trazadona mg x acetaminofen g cada horas,217263.0,Gas-X,BN,A,,A03,,A03A,,A03AX,Other drugs for functional gastrointestinal disorders
vitamianas,11246.0,vitamin A,IN,A,,A11,,A11J,,A11JA,Combinations of vitamins
diovan mg cada h hctz mg dia,216653.0,Diovan HCT,BN,C,,C09,,C09D,,C09DA,Angiotensin II receptor blockers (ARBs) and diuretics
mirbetric x mgs,217263.0,Gas-X,BN,A,,A03,,A03A,,A03AX,Other drugs for functional gastrointestinal disorders
cambio anticinceptivos,858655.0,Cambia,BN,D,,D11,,D11A,,D11AX,Other dermatologicals
hidroclorotiazida mg valsartan mg amlodipino mg,852897.0,amlodipine / hydrochlorothiazide / valsartan,MIN,C,,C08,,C08C,,C08CA,Dihydropyridine derivatives
mutum,,,,,,,,,,,
medicamento planificar,,,,,,,,,,,
losartan mas hidroclotiazida,52175.0,losartan,IN,C,,C09,,C09C,,C09CA,"Angiotensin II receptor blockers (ARBs), plain"
tamsulosina dutasteride,1001472.0,dutasteride / tamsulosin,MIN,G,,G04,,G04C,,G04CA,Alpha-adrenoreceptor antagonists
daily,1792372.0,Lenvima,BN,L,,L01,,L01E,,L01EX,Other protein kinase inhibitors
levodopa carbidopa tab diarias,103990.0,carbidopa / levodopa,MIN,N,,N04,,N04B,,N04BA,Dopa and dopa derivatives
hidroclorotiazida mg cada horas,5487.0,hydrochlorothiazide,IN,C,,C09,,C09D,,C09DX,"Angiotensin II receptor blockers (ARBs), other combinations"
fluosetide,4493.0,fluoxetine,IN,N,,N06,,N06A,,N06AB,Selective serotonin reuptake inhibitors
fer pro,90176.0,iron,IN,,,,,,,,
prenatales,1248142.0,ascorbic acid 120 MG / beta carotene 2700 UNT / calcium carbonate 200 MG / cholecalciferol 400 UNT / cupric oxide 2 MG / docusate sodium 50 MG / folic acid 1 MG / iron carbonyl 90 MG / magnesium oxide 30 MG / niacinamide 20 MG / pyridoxine hydrochloride 20 MG / riboflavin 3.4 MG / thiamine mononitrate 3 MG / tocopherol acetate 30 UNT / vitamin B12 0.012 MG / zinc oxide 25 MG Oral Tablet,SCD,A,,A11,,A11D,,A11DA,"Vitamin B1, plain"
anticoncetpivos orales,,,,,,,,,,,
entresto sucubitril valsartan mg tab dia,1656343.0,sacubitril / valsartan Oral Tablet [Entresto],SBDF,C,,C09,,C09D,,C09DX,"Angiotensin II receptor blockers (ARBs), other combinations"
losartan mg h,52175.0,losartan,IN,C,,C09,,C09C,,C09CA,"Angiotensin II receptor blockers (ARBs), plain"
med,106332.0,Medicated Shampoo,DF,,,,,,,,
caltrate mas vitamina d,1372696.0,Caltrate Plus D,BN,A,,A12,,A12A,,A12AX,"Calcium, combinations with vitamin D and/or other drugs"
nutrigel,1041498.0,ethanol 0.8 ML/ML Topical Gel,SCD,D,,D08,,D08A,,D08AX,Other antiseptics and disinfectants
cilium fibra,314712.0,Lilium longiflorium,IN,,,,,,,,
aniconceptivos orales,,,,,,,,,,,
afrin suspendido hace mes,215051.0,Afrin,BN,R,,R01,,R01A,,R01AA,"Sympathomimetics, plain"
empaglifozina metformina mg dos veces dia,6809.0,metformin,IN,A,,A10,,A10B,,A10BD,Combinations of oral blood glucose lowering drugs
quetiapina mg noche,51272.0,quetiapine,IN,N,,N05,,N05A,,N05AH,"Diazepines, oxazepines, thiazepines and oxepines"
zopiclona noche,40001.0,zopiclone,IN,N,,N05,,N05C,,N05CF,Benzodiazepine related drugs
esmeprazol,283742.0,esomeprazole,IN,A,,A02,,A02B,,A02BC,Proton pump inhibitors
emtricitabina tenofovir disoproxil fumarato,1008145.0,emtricitabine / tenofovir disoproxil,MIN,J,,J05,,J05A,,J05AR,"Antivirals for treatment of HIV infections, combinations"
dorlan,,,,,,,,,,,
citagrel,581662.0,ethanol 0.7 ML/ML Topical Gel,SCD,D,,D08,,D08A,,D08AX,Other antiseptics and disinfectants
rusovastatina,301542.0,rosuvastatin,IN,C,,C10,,C10A,,C10AA,HMG CoA reductase inhibitors
empaglifozina,1545653.0,empagliflozin,IN,A,,A10,,A10B,,A10BK,Sodium-glucose co-transporter 2 (SGLT2) inhibitors
risperidona mg noche,35636.0,risperidone,IN,N,,N05,,N05A,,N05AX,Other antipsychotics
anticonceptivos oralaes,,,,,,,,,,,
estrogenos ovulos,4100.0,estrogens,IN,G,,G03,,G03E,,G03EA,Androgens and estrogens
hidroclortiazida,349353.0,hydrochlorothiazide 25 MG / valsartan 160 MG Oral Tablet,SCD,C,,C09,,C09D,,C09DA,Angiotensin II receptor blockers (ARBs) and diuretics
arduaxatina,,,,,,,,,,,
fingolimod diario,1012892.0,fingolimod,IN,L,,L04,,L04A,,L04AE,Sphingosine-1-phosphate (S1P) receptor modulators
levotiroxina mc,10582.0,levothyroxine,IN,H,,H03,,H03A,,H03AA,Thyroid hormones
dutasteride minoxidil,228790.0,dutasteride,IN,G,,G04,,G04C,,G04CA,Alpha-adrenoreceptor antagonists
lista enfermedad actual,205023.0,salicylic acid 30 MG/ML Medicated Shampoo,SCD,D,,D11,,D11A,,D11AC,Medicated shampoos
vitaminas magnesio,6574.0,magnesium,IN,,,,,,,,
tamslosina,77492.0,tamsulosin,IN,G,,G04,,G04C,,G04CA,Alpha-adrenoreceptor antagonists
vit d magnesio vit,11253.0,vitamin D,IN,,,,,,,,
oxcarbazepina trileptal mg ml dar cc cada horas,368201.0,oxcarbazepine Oral Tablet [Trileptal],SBDF,N,,N03,,N03A,,N03AF,Carboxamide derivatives
antiinflamatorio,,,,,,,,,,,
omega indico suspender,4301.0,omega-3 fatty acids,IN,,,,,,,,
calcio acido folico,4511.0,folic acid,IN,B,,B03,,B03A,,B03AD,Iron in combination with folic acid
anotado enfermedad actual,1945047.0,30 ACTUAT fluticasone furoate 0.1 MG/ACTUAT / umeclidinium 0.0625 MG/ACTUAT / vilanterol 0.025 MG/ACTUAT Dry Powder Inhaler,SCD,R,,R03,,R03A,,R03AL,Adrenergics in combination with anticholinergics incl. triple combinations with corticosteroids
magnesio potasio vitaminas,8588.0,potassium,IN,C,,C03,,C03C,,C03CB,Sulfonamides and potassium in combination
estrogeno spary,4100.0,estrogens,IN,G,,G03,,G03E,,G03EA,Androgens and estrogens
suplementos proteicos,8834.0,protein C,IN,B,,B02,,B02B,,B02BD,Blood coagulation factors
coveratrix,,,,,,,,,,,
nuss,,,,,,,,,,,
ocasional ocasional,,,,,,,,,,,
isoface tab cada semana,,,,,,,,,,,
escitalopram mg x dia,321988.0,escitalopram,IN,N,,N06,,N06A,,N06AB,Selective serotonin reuptake inhibitors
oxcarbazepina mg x,217263.0,Gas-X,BN,A,,A03,,A03A,,A03AX,Other drugs for functional gastrointestinal disorders
propanolol manejo hemangioma,8787.0,propranolol,IN,C,,C07,,C07A,,C07AA,"Beta blocking agents, non-selective"
acetamionfen,161.0,acetaminophen,IN,N,,N02,,N02A,,N02AJ,Opioids in combination with non-opioid analgesics
hidroclorotiazida valsartan amlodipino,852897.0,amlodipine / hydrochlorothiazide / valsartan,MIN,C,,C08,,C08C,,C08CA,Dihydropyridine derivatives
pila hormonal planificacion,1427222.0,parathyroid hormone,IN,H,,H05,,H05A,,H05AA,Parathyroid hormones and analogues
omega ocasional suspendido,4301.0,omega-3 fatty acids,IN,,,,,,,,
symbicort salbutamol,327148.0,Symbicort,BN,R,,R03,,R03A,,R03AK,"Adrenergics in combination with corticosteroids or other drugs, excl. anticholinergics"
aztriopirna,,,,,,,,,,,
betalozoc,2655450.0,metoprolol tartrate Oral Tablet [Betaloc],SBDFP,,,,,,,,
trimbeutina mg horas,,,,,,,,,,,
tamsulosina mg noche,77492.0,tamsulosin,IN,G,,G04,,G04C,,G04CA,Alpha-adrenoreceptor antagonists
engestol,860225.0,megestrol acetate 40 MG/ML Oral Suspension,SCD,G,,G03,,G03A,,G03AC,Progestogens
bromuro ipratropio,203212.0,ipratropium bromide,PIN,R,,R03,,R03A,,R03AL,Adrenergics in combination with anticholinergics incl. triple combinations with corticosteroids
homeopatico dormir,1919068.0,Dormin,BN,R,,R06,,R06A,,R06AA,Aminoalkyl ethers
cardik,1424266.0,Lobelia cardinalis extract,IN,,,,,,,,
nasacort aq spray nasal,1797914.0,triamcinolone Metered Dose Nasal Spray [Nasacort],SBDF,A,,A01,,A01A,,A01AC,Corticosteroids for local oral treatment
olmesartan dia,321064.0,olmesartan,IN,C,,C09,,C09D,,C09DX,"Angiotensin II receptor blockers (ARBs), other combinations"
toma ninguno,,,,,,,,,,,
piperazilina tazobacta,37617.0,tazobactam,IN,J,,J01,,J01D,,J01DI,Other cephalosporins and penems
ezetimiba simvastatina mg diario,341248.0,ezetimibe,IN,C,,C10,,C10B,,C10BA,Combinations of various lipid modifying agents
exelmir,,,,,,,,,,,
mitrul ciclobenzaprina,21949.0,cyclobenzaprine,IN,M,,M03,,M03B,,M03BX,Other centrally acting agents
betaloc zoc mg cada horas,196503.0,Zocor,BN,C,,C10,,C10A,,C10AA,HMG CoA reductase inhibitors
losartan amlodipino hidroclorotiazida,214619.0,hydrochlorothiazide / losartan,MIN,C,,C09,,C09C,,C09CA,"Angiotensin II receptor blockers (ARBs), plain"
pulmicort caso crisis,196487.0,Pulmicort,BN,A,,A07,,A07E,,A07EA,Corticosteroids acting locally
sertralina mg x,217263.0,Gas-X,BN,A,,A03,,A03A,,A03AX,Other drugs for functional gastrointestinal disorders
lisinopril mg dia,29046.0,lisinopril,IN,C,,C09,,C09A,,C09AA,"ACE inhibitors, plain"
acido acetil salicilico qd,9525.0,salicylic acid,IN,D,,D02,,D02A,,D02AF,Salicylic acid preparations
candesartan mg diua,214354.0,candesartan,IN,C,,C09,,C09C,,C09CA,"Angiotensin II receptor blockers (ARBs), plain"
clopidogrel mg,32968.0,clopidogrel,IN,B,,B01,,B01A,,B01AC,Platelet aggregation inhibitors excl. heparin
diclofenaco mgs,3355.0,diclofenac,IN,M,,M01,,M01A,,M01AB,Acetic acid derivatives and related substances
losartan tab mg cada dia,372651.0,losartan Oral Tablet,SCDF,C,,C09,,C09C,,C09CA,"Angiotensin II receptor blockers (ARBs), plain"
atorvastina mg noche,83367.0,atorvastatin,IN,C,,C10,,C10B,,C10BA,Combinations of various lipid modifying agents
solifenacina tamsulosina,322167.0,solifenacin,IN,G,,G04,,G04B,,G04BD,Drugs for urinary frequency and incontinence
momentasona nasal,1165392.0,mometasone Nasal Product,SCDG,D,,D07,,D07A,,D07AC,"Corticosteroids, potent (group III)"
vitamina d gotas,11253.0,vitamin D,IN,,,,,,,,
betametasona perioral,1514.0,betamethasone,IN,D,,D07,,D07B,,D07BC,"Corticosteroids, potent, combinations with antiseptics"
tibolona menopausia precoz,38260.0,tibolone,IN,G,,G03,,G03C,,G03CX,Other estrogens
flexotide inh ocasionales,,,,,,,,,,,
multivitaminico zentrum,282402.0,ascorbic acid 500 MG Oral Tablet,SCD,A,,A11,,A11G,,A11GA,"Ascorbic acid (vitamin C), plain"
citrato calcio vita d qd,801169.0,Vita-Respa,BN,B,,B03,,B03B,,B03BA,Vitamin B12 (cyanocobalamin and analogues)
ozempic subcutanea,1991307.0,Ozempic,BN,A,,A10,,A10B,,A10BJ,Glucagon-like peptide-1 (GLP-1) analogues
bupoprion mg,2655695.0,bupropion hydrochloride Extended Release Oral Tablet [Budeprion],SBDFP,,,,,,,,
loartan mg cada horas,52175.0,losartan,IN,C,,C09,,C09C,,C09CA,"Angiotensin II receptor blockers (ARBs), plain"
tamsulosiina,77492.0,tamsulosin,IN,G,,G04,,G04C,,G04CA,Alpha-adrenoreceptor antagonists
vidagliptina mg,596554.0,vildagliptin,IN,A,,A10,,A10B,,A10BH,Dipeptidyl peptidase 4 (DPP-4) inhibitors
dianoges,22968.0,dienogest,IN,G,,G03,,G03D,,G03DB,Pregnadien derivatives
fluticazona inh,1165655.0,fluticasone Inhalant Product,SCDG,R,,R03,,R03B,,R03BA,Glucocorticoids
tolterodina vejiga hiperactiva,119565.0,tolterodine,IN,G,,G04,,G04B,,G04BD,Drugs for urinary frequency and incontinence
levotiroxina ug ayunas,10582.0,levothyroxine,IN,H,,H03,,H03A,,H03AA,Thyroid hormones
omeopaticas,,,,,,,,,,,
rivaroxaban mg,1114195.0,rivaroxaban,IN,B,,B01,,B01A,,B01AF,Direct factor Xa inhibitors
vitamina d melatonina magnesio,11253.0,vitamin D,IN,,,,,,,,
aco dianogex,,,,,,,,,,,
biotina omega,4301.0,omega-3 fatty acids,IN,,,,,,,,
dioenogest,22968.0,dienogest,IN,G,,G03,,G03D,,G03DB,Pregnadien derivatives
budenosina inh,,,,,,,,,,,
pregabalina mg cad anoche,187832.0,pregabalin,IN,N,,N02,,N02B,,N02BF,Gabapentinoids
aciod folico,4511.0,folic acid,IN,B,,B03,,B03A,,B03AD,Iron in combination with folic acid
sertalina mg x,217263.0,Gas-X,BN,A,,A03,,A03A,,A03AX,Other drugs for functional gastrointestinal disorders
fenalgex,,,,,,,,,,,
atrvastatina,83367.0,atorvastatin,IN,C,,C10,,C10B,,C10BA,Combinations of various lipid modifying agents
herbales,2630719.0,Ageratina herbacea whole extract,IN,,,,,,,,
orgamentril,,,,,,,,,,,
warfarina mg dia,11289.0,warfarin,IN,B,,B01,,B01A,,B01AA,Vitamin K antagonists
factor estimulante colonias,1367184.0,interleukin-5,IN,,,,,,,,
sacubitril valsartan,1656339.0,sacubitril / valsartan,MIN,C,,C09,,C09D,,C09DX,"Angiotensin II receptor blockers (ARBs), other combinations"
dofacitinib,1357536.0,tofacitinib,IN,L,,L04,,L04A,,L04AF,Janus-associated kinase (JAK) inhibitors
rifaximina mg cada horas,35619.0,rifaximin,IN,A,,A07,,A07A,,A07AA,Antibiotics
apalutamida mg,1999574.0,apalutamide,IN,L,,L02,,L02B,,L02BB,Anti-androgens
migradol ocasional,42643.0,Migranal,BN,N,,N02,,N02C,,N02CA,Ergot alkaloids
dapaglifozina cada horas,1488564.0,dapagliflozin,IN,A,,A10,,A10B,,A10BD,Combinations of oral blood glucose lowering drugs
ciales,303263.0,Cialis,BN,G,,G04,,G04B,,G04BE,Drugs used in erectile dysfunction
formoterol budesonida,389132.0,budesonide / formoterol,MIN,R,,R03,,R03A,,R03AK,"Adrenergics in combination with corticosteroids or other drugs, excl. anticholinergics"
toma medicamentos,,,,,,,,,,,
medicacion naturista,581662.0,ethanol 0.7 ML/ML Topical Gel,SCD,D,,D08,,D08A,,D08AX,Other antiseptics and disinfectants
vitamina c omega vitamina d,1151.0,ascorbic acid,IN,A,,A11,,A11J,,A11JC,"Vitamins, other combinations"
ezetimiba,341248.0,ezetimibe,IN,C,,C10,,C10B,,C10BA,Combinations of various lipid modifying agents
insulina lispro bomba hace anos,86009.0,insulin lispro,IN,A,,A10,,A10A,,A10AB,"Insulins and analogues for injection, fast-acting"
levotrex antialrgico,,,,,,,,,,,
pregabaliona,187832.0,pregabalin,IN,N,,N02,,N02B,,N02BF,Gabapentinoids
sal hipertonica,9522.0,salicylate,PIN,D,,D01,,D01A,,D01AE,Other antifungals for topical use
penicilina benzatinica,7984.0,penicillin V,IN,J,,J01,,J01C,,J01CE,Beta-lactamase sensitive penicillins
desvalafixina,,,,,,,,,,,
sitagliptina metformina,729717.0,metformin / sitagliptin,MIN,A,,A10,,A10B,,A10BD,Combinations of oral blood glucose lowering drugs
bisoproll,19484.0,bisoprolol,IN,C,,C07,,C07A,,C07AB,"Beta blocking agents, selective"
diogenest,,,,,,,,,,,
clonazapem,2598.0,clonazepam,IN,N,,N03,,N03A,,N03AE,Benzodiazepine derivatives
telmisartan mas amlodipino,901212.0,amlodipine / telmisartan,MIN,C,,C08,,C08C,,C08CA,Dihydropyridine derivatives
amliodipino,17767.0,amlodipine,IN,C,,C09,,C09D,,C09DX,"Angiotensin II receptor blockers (ARBs), other combinations"
budek budesonida,19831.0,budesonide,IN,A,,A07,,A07E,,A07EA,Corticosteroids acting locally
mylanta ocasional,237865.0,calcium carbonate 80 MG/ML / magnesium hydroxide 27 MG/ML Oral Suspension,SCD,A,,A02,,A02A,,A02AC,Calcium compounds
atorvastattina,83367.0,atorvastatin,IN,C,,C10,,C10B,,C10BA,Combinations of various lipid modifying agents
amlidipino,17767.0,amlodipine,IN,C,,C09,,C09D,,C09DX,"Angiotensin II receptor blockers (ARBs), other combinations"
antiacido,1897.0,calcium carbonate,IN,A,,A12,,A12A,,A12AX,"Calcium, combinations with vitamin D and/or other drugs"
erapia hormonal sustitutiva,1427222.0,parathyroid hormone,IN,H,,H05,,H05A,,H05AA,Parathyroid hormones and analogues
tamoxien,10324.0,tamoxifen,IN,L,,L02,,L02B,,L02BA,Anti-estrogens
salbutamol inhalador si crisis,435.0,albuterol,IN,R,,R03,,R03A,,R03AC,Selective beta-2-adrenoreceptor agonists
bipreterax perindopril indapamida,388499.0,indapamide / perindopril,MIN,C,,C09,,C09A,,C09AA,"ACE inhibitors, plain"
muvett paracetamol ibuprofeno,5640.0,ibuprofen,IN,N,,N02,,N02A,,N02AJ,Opioids in combination with non-opioid analgesics
olmersartan x mgs,217263.0,Gas-X,BN,A,,A03,,A03A,,A03AX,Other drugs for functional gastrointestinal disorders
hidroclorotiazida x mgs,217263.0,Gas-X,BN,A,,A03,,A03A,,A03AX,Other drugs for functional gastrointestinal disorders
coversil hipertension arterial,27792.0,ioversol,IN,V,,V08,,V08A,,V08AB,"Watersoluble, nephrotropic, low osmolar X-ray contrast media"
dutasterida tamsulosina,228790.0,dutasteride,IN,G,,G04,,G04C,,G04CA,Alpha-adrenoreceptor antagonists
latoren,581662.0,ethanol 0.7 ML/ML Topical Gel,SCD,D,,D08,,D08A,,D08AX,Other antiseptics and disinfectants
cefalexina hoy,2231.0,cephalexin,IN,J,,J01,,J01D,,J01DB,First-generation cephalosporins
multivitamico,313599.0,ascorbic acid 35 MG/ML / cholecalciferol 0.01 MG/ML / vitamin A 0.45 MG/ML Oral Solution,SCD,A,,A11,,A11C,,A11CA,"Vitamin A, plain"
tramadol gotas c hrs,10689.0,tramadol,IN,N,,N02,,N02A,,N02AX,Other opioids
ibuflash,,,,,,,,,,,
fenolip rosuvastatina,301542.0,rosuvastatin,IN,C,,C10,,C10A,,C10AA,HMG CoA reductase inhibitors
galvus vidagliptina metformina,596554.0,vildagliptin,IN,A,,A10,,A10B,,A10BH,Dipeptidyl peptidase 4 (DPP-4) inhibitors
azelastin fluticasona,1291859.0,azelastine / fluticasone,MIN,R,,R01,,R01A,,R01AD,Corticosteroids
clozapin,2626.0,clozapine,IN,N,,N05,,N05A,,N05AH,"Diazepines, oxazepines, thiazepines and oxepines"
prueba,,,,,,,,,,,
toma diosmina rosuvina,3489.0,diosmin,IN,C,,C05,,C05C,,C05CA,Bioflavonoids
losartan htzda,52175.0,losartan,IN,C,,C09,,C09C,,C09CA,"Angiotensin II receptor blockers (ARBs), plain"
dapaglifosina,1488564.0,dapagliflozin,IN,A,,A10,,A10B,,A10BD,Combinations of oral blood glucose lowering drugs
lipomega atorvastatina omega,4301.0,omega-3 fatty acids,IN,,,,,,,,
topiramato migrana,42643.0,Migranal,BN,N,,N02,,N02C,,N02CA,Ergot alkaloids
valsartan mg cada horas,69749.0,valsartan,IN,C,,C09,,C09C,,C09CA,"Angiotensin II receptor blockers (ARBs), plain"
asa tab mg almuerzo,370614.0,aspirin Chewable Tablet,SCDF,A,,A01,,A01A,,A01AD,Other agents for local oral treatment
myoinositol natural,33093.0,peppermint preparation,IN,,,,,,,,
metoprolol mg dia,6918.0,metoprolol,IN,C,,C07,,C07F,,C07FB,Beta blocking agents and calcium channel blockers
enalapril mg noche,3827.0,enalapril,IN,C,,C09,,C09A,,C09AA,"ACE inhibitors, plain"
potasio magnesio,8588.0,potassium,IN,C,,C03,,C03C,,C03CB,Sulfonamides and potassium in combination
bisoprolol rosuvastatina ezetimibe asa,2535748.0,ezetimibe / rosuvastatin,MIN,C,,C10,,C10B,,C10BA,Combinations of various lipid modifying agents
ciclo deflazacort x,22396.0,deflazacort,IN,H,,H02,,H02A,,H02AB,Glucocorticoids
espironolactona mg,9997.0,spironolactone,IN,C,,C03,,C03D,,C03DA,Aldosterone antagonists
acido acetisl salicilico,9525.0,salicylic acid,IN,D,,D02,,D02A,,D02AF,Salicylic acid preparations
tramadol necesidad,10689.0,tramadol,IN,N,,N02,,N02A,,N02AX,Other opioids
levotrioxina,,,,,,,,,,,
ahora ninguno,215168.0,Alora,BN,G,,G03,,G03C,,G03CA,"Natural and semisynthetic estrogens, plain"
allegra necesidad,324026.0,Allegra,BN,R,,R06,,R06A,,R06AX,Other antihistamines for systemic use
inumnoterapia mensual rinitis,1421432.0,Barleria prionitis whole extract,IN,,,,,,,,
rosuastatina,301542.0,rosuvastatin,IN,C,,C10,,C10A,,C10AA,HMG CoA reductase inhibitors
insulina glargina glulisina,274783.0,insulin glargine,IN,A,,A10,,A10A,,A10AE,"Insulins and analogues for injection, long-acting"
spiriva,274535.0,Spiriva,BN,R,,R03,,R03B,,R03BB,Anticholinergics
anticonceptivas,,,,,,,,,,,
pamoato tritorelina,338529.0,triptorelin pamoate,PIN,L,,L02,,L02A,,L02AE,Gonadotropin releasing hormone analogues
aciclovir profilactico,281.0,acyclovir,IN,J,,J05,,J05A,,J05AB,Nucleosides and nucleotides excl. reverse transcriptase inhibitors
xialis,303263.0,Cialis,BN,G,,G04,,G04B,,G04BE,Drugs used in erectile dysfunction
metformia,6809.0,metformin,IN,A,,A10,,A10B,,A10BD,Combinations of oral blood glucose lowering drugs
timolol lantanoprost colirios,388053.0,latanoprost / timolol,MIN,C,,C07,,C07A,,C07AA,"Beta blocking agents, non-selective"
anconceptivo mensual im,1597298.0,acetaminophen 500 MG / caffeine 60 MG / pyrilamine maleate 15 MG Oral Tablet,SCD,N,,N02,,N02B,,N02BE,Anilides
acetaminofen codeina necesidad,161.0,acetaminophen,IN,N,,N02,,N02A,,N02AJ,Opioids in combination with non-opioid analgesics
tomando medicamentos,,,,,,,,,,,
tomas medicamentos,581660.0,ethanol 0.62 ML/ML Topical Gel,SCD,D,,D08,,D08A,,D08AX,Other antiseptics and disinfectants
carvedilol mg dia,20352.0,carvedilol,IN,C,,C07,,C07A,,C07AG,Alpha and beta blocking agents
prednidolona,8638.0,prednisolone,IN,H,,H02,,H02A,,H02AB,Glucocorticoids
candesartan mg dia,214354.0,candesartan,IN,C,,C09,,C09C,,C09CA,"Angiotensin II receptor blockers (ARBs), plain"
adaptogenos,,,,,,,,,,,
hiero,2583869.0,Anastatica hierochuntica whole extract,IN,,,,,,,,
gotronal,,,,,,,,,,,
neuroxan,,,,,,,,,,,
rivaroxaban mg cada horas mediodia,1114195.0,rivaroxaban,IN,B,,B01,,B01A,,B01AF,Direct factor Xa inhibitors
vit d zinc vit c magnesio,11253.0,vitamin D,IN,,,,,,,,
vitam d,11253.0,vitamin D,IN,,,,,,,,
tegretol mg,203029.0,Tegretol,BN,N,,N03,,N03A,,N03AF,Carboxamide derivatives
ningunjo,,,,,,,,,,,
dienogest hace anos,22968.0,dienogest,IN,G,,G03,,G03D,,G03DB,Pregnadien derivatives
insulina degludec liraglutide,1670007.0,insulin degludec,IN,A,,A10,,A10A,,A10AE,"Insulins and analogues for injection, long-acting"
fuorato mometasona,108118.0,mometasone,IN,R,,R03,,R03A,,R03AK,"Adrenergics in combination with corticosteroids or other drugs, excl. anticholinergics"
solifenaina tamsulosina,77492.0,tamsulosin,IN,G,,G04,,G04C,,G04CA,Alpha-adrenoreceptor antagonists
sintrioid,,,,,,,,,,,
pantoprazol mg horas,40790.0,pantoprazole,IN,A,,A02,,A02B,,A02BC,Proton pump inhibitors
acido fenofibirco rosuvastatina mg,301542.0,rosuvastatin,IN,C,,C10,,C10A,,C10AA,HMG CoA reductase inhibitors
formoterol budenosida,25255.0,formoterol,IN,R,,R03,,R03A,,R03AK,"Adrenergics in combination with corticosteroids or other drugs, excl. anticholinergics"
acido zoledranico anual pendiente,898404.0,annual bluegrass pollen extract,IN,V,,V01,,V01A,,V01AA,Allergen extracts
hierro endovenosos,90176.0,iron,IN,,,,,,,,
suplemteso vitaminicos,,,,,,,,,,,
metformina propanolol tamsulosina,8787.0,propranolol,IN,C,,C07,,C07A,,C07AA,"Beta blocking agents, non-selective"
tetosterona,10379.0,testosterone,IN,G,,G03,,G03B,,G03BA,3-oxoandrosten (4) derivatives
budesonida formoterol inhalador x dos cada horas,389132.0,budesonide / formoterol,MIN,R,,R03,,R03A,,R03AK,"Adrenergics in combination with corticosteroids or other drugs, excl. anticholinergics"
antibiotico reuerda nombre,2716737.0,Bactine Antibiotic,BN,D,,D06,,D06A,,D06AX,Other antibiotics for topical use
estroides nasales,2118440.0,Citrullus lanatus var. citroides whole extract,IN,,,,,,,,
afrin,215051.0,Afrin,BN,R,,R01,,R01A,,R01AA,"Sympathomimetics, plain"
suplementos vitaminicos omega,4301.0,omega-3 fatty acids,IN,,,,,,,,
gotas oftalmicas ciprofloxcina dexametasona,3264.0,dexamethasone,IN,S,,S01,,S01C,,S01CA,Corticosteroids and antiinfectives in combination
losartan nifedipino prazosin hctz,214619.0,hydrochlorothiazide / losartan,MIN,C,,C09,,C09C,,C09CA,"Angiotensin II receptor blockers (ARBs), plain"
lyrica cada horas,593441.0,Lyrica,BN,N,,N02,,N02B,,N02BF,Gabapentinoids
metotrexate toma momento,6851.0,methotrexate,IN,L,,L01,,L01B,,L01BA,Folic acid analogues
cremas acne,1310910.0,Propionibacterium acnes,IN,,,,,,,,
dioban,,,,,,,,,,,
rotigotine parche mg pm,616739.0,rotigotine,IN,N,,N04,,N04B,,N04BC,Dopamine agonists
metisopinol,6048.0,inosine pranobex,IN,J,,J05,,J05A,,J05AX,Other antivirals
dupilumax,1876376.0,dupilumab,IN,D,,D11,,D11A,,D11AH,"Agents for dermatitis, excluding corticosteroids"
insulina bomba,253182.0,"insulin, regular, human",IN,A,,A10,,A10A,,A10AD,"Insulins and analogues for injection, intermediate- or long-acting combined with fast-acting"
diovan mg cada dia via oral,216652.0,Diovan,BN,C,,C09,,C09C,,C09CA,"Angiotensin II receptor blockers (ARBs), plain"
toma medicametnos,,,,,,,,,,,
vitamina d b,11253.0,vitamin D,IN,,,,,,,,
solem,974140.0,English sole allergenic extract,IN,,,,,,,,
dolex forter,352657.0,Forteo,BN,H,,H05,,H05A,,H05AA,Parathyroid hormones and analogues
celecoxib mg cada horas dias,140587.0,celecoxib,IN,L,,L01,,L01X,,L01XX,Other antineoplastic agents
etoricoxib mg,307296.0,etoricoxib,IN,M,,M01,,M01A,,M01AH,Coxibs
telmisartan mgx,73494.0,telmisartan,IN,C,,C09,,C09C,,C09CA,"Angiotensin II receptor blockers (ARBs), plain"
eutirox mg,217006.0,Euthyrox,BN,H,,H03,,H03A,,H03AA,Thyroid hormones
letrozole,72965.0,letrozole,IN,L,,L02,,L02B,,L02BG,Aromatase inhibitors
fluoxetina mg,4493.0,fluoxetine,IN,N,,N06,,N06A,,N06AB,Selective serotonin reuptake inhibitors
eutirox mgc dia,217006.0,Euthyrox,BN,H,,H03,,H03A,,H03AA,Thyroid hormones
homeopatico anoche,285167.0,Urtica urens homeopathic preparation,IN,,,,,,,,
vitalux,,,,,,,,,,,
metrine anovulatorios orales,2049547.0,matrine,IN,,,,,,,,
carduran xl doxazosina,196468.0,Cardura,BN,C,,C02,,C02C,,C02CA,Alpha-adrenoreceptor antagonists
multivitamincos,313599.0,ascorbic acid 35 MG/ML / cholecalciferol 0.01 MG/ML / vitamin A 0.45 MG/ML Oral Solution,SCD,A,,A11,,A11C,,A11CA,"Vitamin A, plain"
loradadina ocasional,28889.0,loratadine,IN,R,,R06,,R06A,,R06AX,Other antihistamines for systemic use
acetaminoefen,161.0,acetaminophen,IN,N,,N02,,N02A,,N02AJ,Opioids in combination with non-opioid analgesics
obinutuzumab,974779.0,obinutuzumab,IN,L,,L01,,L01F,,L01FA,CD20 (Clusters of Differentiation 20) inhibitors
trayenta linagliptina metformina,1100705.0,linagliptin Oral Tablet [Tradjenta],SBDF,A,,A10,,A10B,,A10BH,Dipeptidyl peptidase 4 (DPP-4) inhibitors
acetaminofen cadeina,161.0,acetaminophen,IN,N,,N02,,N02A,,N02AJ,Opioids in combination with non-opioid analgesics
hidroclorotida,,,,,,,,,,,
hidroclorotiazida mg cada horas via oral,5487.0,hydrochlorothiazide,IN,C,,C09,,C09D,,C09DX,"Angiotensin II receptor blockers (ARBs), other combinations"
fumarato ferroso,70598.0,fumarate,IN,D,,D05,,D05A,,D05AX,Other antipsoriatics for topical use
oemprazol,,,,,,,,,,,
analkgesicos ocasionales,998598.0,Analgesic Balm GRX,BN,M,,M02,,M02A,,M02AC,Preparations with salicylic acid derivatives
fe vitamina,152364.0,Slow-Fe,BN,B,,B03,,B03A,,B03AA,"Iron bivalent, oral preparations"
antirretrovirales contacto hiv,602196.0,Contac Cold,BN,R,,R01,,R01B,,R01BA,Sympathomimetics
levodopia carbidopa,103990.0,carbidopa / levodopa,MIN,N,,N04,,N04B,,N04BA,Dopa and dopa derivatives
l trioxina,153970.0,hyoscyamine,IN,A,,A03,,A03B,,A03BA,"Belladonna alkaloids, tertiary amines"
levotiroxina eutirox ug x,217263.0,Gas-X,BN,A,,A03,,A03A,,A03AX,Other drugs for functional gastrointestinal disorders
levopromazina,6852.0,methotrimeprazine,IN,N,,N05,,N05A,,N05AA,Phenothiazines with aliphatic side-chain
urovamox,,,,,,,,,,,
metoprol x mgs,6918.0,metoprolol,IN,C,,C07,,C07F,,C07FB,Beta blocking agents and calcium channel blockers
pluriamin,,,,,,,,,,,
potasio,8588.0,potassium,IN,C,,C03,,C03C,,C03CB,Sulfonamides and potassium in combination
venoflablosidos,,,,,,,,,,,
claira hormonal,1427222.0,parathyroid hormone,IN,H,,H05,,H05A,,H05AA,Parathyroid hormones and analogues
glimepirida,25789.0,glimepiride,IN,A,,A10,,A10B,,A10BB,Sulfonylureas
bisoprolol ocasional,19484.0,bisoprolol,IN,C,,C07,,C07A,,C07AB,"Beta blocking agents, selective"
betaduo ocasional,2659005.0,propranolol hydrochloride Extended Release Oral Capsule [Betadur CR],SBDFP,,,,,,,,
femostone,,,,,,,,,,,
welbutrin,42568.0,Wellbutrin,BN,N,,N06,,N06A,,N06AX,Other antidepressants
medicaciones,1094739.0,benzocaine / menthol Medicated Pad [Medicaine Sting],SBDF,D,,D04,,D04A,,D04AB,Anesthetics for topical use
ninnugno,,,,,,,,,,,
mirabigron,1300786.0,mirabegron,IN,G,,G04,,G04B,,G04BD,Drugs for urinary frequency and incontinence
medicinas,1233762.0,Percy Medicine,BN,A,,A07,,A07B,,A07BB,Bismuth preparations
bicarbonato x nefrolitiasis,217263.0,Gas-X,BN,A,,A03,,A03A,,A03AX,Other drugs for functional gastrointestinal disorders
spray nasal fluticazona,1797889.0,fluticasone Metered Dose Nasal Spray,SCDF,R,,R01,,R01A,,R01AD,Corticosteroids
lacosamida,623400.0,lacosamide,IN,N,,N03,,N03A,,N03AX,Other antiepileptics
anticonvulsivante,,,,,,,,,,,
metrinell,,,,,,,,,,,
vitaminas citrato magnesio,6574.0,magnesium,IN,,,,,,,,
ganuderma producto natural,33093.0,peppermint preparation,IN,,,,,,,,
diagenest,,,,,,,,,,,
edulcolax,151672.0,Dulcolax,BN,A,,A06,,A06A,,A06AB,Contact laxatives
diltiazem mg cada h,3443.0,diltiazem,IN,C,,C08,,C08D,,C08DB,Benzothiazepine derivatives
alprazolam mg cada horas,596.0,alprazolam,IN,N,,N05,,N05B,,N05BA,Benzodiazepine derivatives
zinc colageno omega,4301.0,omega-3 fatty acids,IN,,,,,,,,
diclofneaco casual,,,,,,,,,,,
espironolatona acne,1310910.0,Propionibacterium acnes,IN,,,,,,,,
budesonida fumarato formoterol,389132.0,budesonide / formoterol,MIN,R,,R03,,R03A,,R03AK,"Adrenergics in combination with corticosteroids or other drugs, excl. anticholinergics"
anitalergicos,,,,,,,,,,,
levotiroixina,,,,,,,,,,,
acido ascorbico,1151.0,ascorbic acid,IN,A,,A11,,A11J,,A11JC,"Vitamins, other combinations"
norvax,,,,,,,,,,,
ibersartan mg hidroclortiazadia,83818.0,irbesartan,IN,C,,C09,,C09C,,C09CA,"Angiotensin II receptor blockers (ARBs), plain"
acido folico mg dia,4511.0,folic acid,IN,B,,B03,,B03A,,B03AD,Iron in combination with folic acid
carduran xl mg dia,196468.0,Cardura,BN,C,,C02,,C02C,,C02CA,Alpha-adrenoreceptor antagonists
acetaminofen mg tab,161.0,acetaminophen,IN,N,,N02,,N02A,,N02AJ,Opioids in combination with non-opioid analgesics
simvastatina ezetimive,36567.0,simvastatin,IN,C,,C10,,C10A,,C10AA,HMG CoA reductase inhibitors
colageno vitamina,2714.0,collagen,IN,A,,A11,,A11G,,A11GB,"Ascorbic acid (vitamin C), combinations"
tacrolimus xl mg dia,42316.0,tacrolimus,IN,L,,L04,,L04A,,L04AD,Calcineurin inhibitors
esomed,,,,,,,,,,,
vitamina d magnesio,11253.0,vitamin D,IN,,,,,,,,
claira anticonceptivo oral,581660.0,ethanol 0.62 ML/ML Topical Gel,SCD,D,,D08,,D08A,,D08AX,Other antiseptics and disinfectants
metrinele,,,,,,,,,,,
rivaroxaban x mgs,1114195.0,rivaroxaban,IN,B,,B01,,B01A,,B01AF,Direct factor Xa inhibitors
insulina glargina ui,274783.0,insulin glargine,IN,A,,A10,,A10A,,A10AE,"Insulins and analogues for injection, long-acting"
desiren,,,,,,,,,,,
segufen estrogenos,4100.0,estrogens,IN,G,,G03,,G03E,,G03EA,Androgens and estrogens
gotas oftalmicas disminuir presion intraocular,1995886.0,0.5 ML voretigene neparvovec-rzyl 5000000000000 VECTOR-GENOMES/ML Injection [Luxturna],SBD,S,,S01,,S01X,,S01XA,Other ophthalmologicals
metronidazol tratamiento helycobacter,6922.0,metronidazole,IN,A,,A02,,A02B,,A02BD,Combinations for eradication of Helicobacter pylori
acido acetil salicilico mg dia,9525.0,salicylic acid,IN,D,,D02,,D02A,,D02AF,Salicylic acid preparations
mexalozam,,,,,,,,,,,
esomeprazol mgs dia,283742.0,esomeprazole,IN,A,,A02,,A02B,,A02BC,Proton pump inhibitors
eutorox,217006.0,Euthyrox,BN,H,,H03,,H03A,,H03AA,Thyroid hormones
diclofenaco tramadol,10689.0,tramadol,IN,N,,N02,,N02A,,N02AX,Other opioids
,,,,,,,,,,,
,,,,,,,,,,,
