Version,Post_Variable,Feature,Mutual_Information,Abs_Pearson,Combined_Score,Prevalencia_Post
target_a_sensible,target,Tipo de anestesia propuesta_sedacion,0.01811932971651209,0.20504480357694613,0.07419697187464229,0.5996
target_a_sensible,target,score_proc_critical,0.04800545943314516,0.06100446011862078,0.05190515963878784,0.5996
target_a_sensible,target,score_proc_high_severity,0.050056830642529304,0.04027435943191214,0.04712208927934415,0.5996
target_a_sensible,target,score_proc_low_severity,0.05552279709704133,0.007518605603493943,0.041121539648977114,0.5996
target_a_sensible,target,score_proc_moderate_severity,0.048917101670108876,0.015605364638684265,0.03892358056068149,0.5996
target_a_sensible,target,score_proc_medium_severity,0.04788755950896961,0.012450149246035607,0.03725633643008941,0.5996
target_a_sensible,target,Tipo de anestesia propuesta_local,0.010439301675415402,0.09550042223995885,0.03595763784477843,0.5996
target_a_sensible,target,Tipo de anestesia propuesta_raquidea,0.003596269403299379,0.11017736940341798,0.03557059940333496,0.5996
target_a_sensible,target,Tipo de anestesia propuesta_peridural,0.006953351205020164,0.0997269289336771,0.03478542452361724,0.5996
target_a_sensible,target,score_dx_medium_severity,0.034685550278934496,0.01824280074389867,0.029752725418423748,0.5996
target_a_sensible,target,Dx Preoperatorio Code_O,0.0045134521163539,0.08441513928804174,0.02848395826786025,0.5996
target_a_sensible,target,score_dx_high_severity,0.03901063677193961,0.0010979003266513594,0.027636815838353136,0.5996
target_a_sensible,target,score_dx_moderate_severity,0.034334246561939175,0.0105349168326203,0.027194447643143507,0.5996
target_a_sensible,target,score_dx_low_severity,0.030222455664692394,0.019052349565376908,0.026871423834897747,0.5996
target_a_sensible,target,score_dx_critical,0.03179496379637081,0.005438025143178629,0.023887882200413157,0.5996
target_a_sensible,target,Examen_Hemoglobina(g/dl),0.0003748641631287075,0.07568387059501344,0.02296756609269413,0.5996
target_a_sensible,target,Procedimiento propuesto Code_L,0.0021206880836397435,0.06171693376220824,0.019999561787210293,0.5996
target_a_sensible,target,Tipo de anestesia propuesta_general,0.007857303384385173,0.04401471582157943,0.01870452711554345,0.5996
target_a_sensible,target,IMC,0.0040352013331654835,0.05207911758339363,0.01844837620823393,0.5996
target_a_sensible,target,Tensión Arterial Media (mm/Hg),0.005076590284800897,0.044969829055345724,0.017044561915964346,0.5996
target_a_sensible,target,anio,0.0,0.05556898322000115,0.016670694966000345,0.5996
target_a_sensible,target,predicted_label_proc_encoded,0.00847578341534616,0.03435180328060438,0.016238589374923625,0.5996
target_a_sensible,target,Dx Preoperatorio Code_H,0.0,0.053824733831304115,0.016147420149391235,0.5996
target_a_sensible,target,Grupo Sanguíneo_Sin Dato,0.003994848226590131,0.0430777628720592,0.01571972262023085,0.5996
target_a_sensible,target,Grupo Sanguíneo_O,0.00649997993129281,0.03702189611899032,0.015656554787602063,0.5996
target_a_sensible,target,RH_Sin Dato,0.0036616084491671863,0.043235847324489415,0.015533880111763855,0.5996
target_a_sensible,target,Estado Nutricional_encoded,0.0061395683585567795,0.035972603807685716,0.01508947899329546,0.5996
target_a_sensible,target,RH_Positivo,0.002194854246999167,0.04247020330798573,0.014277458965295137,0.5996
target_a_sensible,target,Tensión Arterial Sistólica (mm/Hg),0.0,0.045706714935976944,0.013712014480793082,0.5996
target_a_sensible,target,Tipo de anestesia propuesta_bloqueo n,0.0,0.04492496487170379,0.013477489461511137,0.5996
target_a_sensible,target,Antecedente endocrinológicos_diabetes,0.0,0.04407453408195958,0.013222360224587873,0.5996
target_a_sensible,target,Procedimiento propuesto Code_C,0.004419345716128342,0.03355551390088217,0.01316019617155449,0.5996
target_a_sensible,target,Antecedente renales_negativo,0.00624068210798745,0.02876219306993644,0.012997135396572147,0.5996
target_a_sensible,target,Prótesis Dental_movil,0.00010306508678414872,0.04245340077432598,0.0128081657930467,0.5996
target_a_sensible,target,Dx Preoperatorio Code_K,0.00615998061771883,0.02828988184649171,0.012798950986350692,0.5996
target_a_sensible,target,Tensión Arterial Diastólica (mm/Hg),0.004015413315983318,0.033051882017519685,0.012726353926444226,0.5996
target_a_sensible,target,Dx Preoperatorio Code_F,0.002463850993997818,0.03555273891426664,0.012390517370078465,0.5996
target_a_sensible,target,Dx Preoperatorio Code_Z,0.003878331301168547,0.030890548947533507,0.011981996595078034,0.5996
target_a_sensible,target,Prótesis Dental_no,0.004410247000217193,0.027017848856015856,0.011192527556956792,0.5996
target_a_sensible,target,Dx Preoperatorio Code_G,0.0004169472988064804,0.03599011701319417,0.011088898213122787,0.5996
target_a_sensible,target,Dx Preoperatorio Code_C,0.00011686322823001305,0.03370754058190931,0.010194066434333801,0.5996
target_a_sensible,target,Dx Preoperatorio Code_A,0.0,0.03239738867227551,0.009719216601682653,0.5996
target_a_sensible,target,Antecedente hematológicos _aspirina,0.0016585876882637685,0.02829817289215437,0.00965046324943095,0.5996
target_a_sensible,target,Abdomen_normal,0.005090737149970881,0.020048210405911242,0.009577979126752989,0.5996
target_a_sensible,target,Peso (Kg),0.0019859466891738453,0.02654778749556087,0.009354498931089951,0.5996
target_a_sensible,target,Dx Preoperatorio Code_E,0.002413938058689169,0.02539337519824269,0.009307769200555224,0.5996
target_a_sensible,target,Procedimiento propuesto Code_G,0.0006332104413626638,0.02906312659699928,0.009162185288053648,0.5996
target_a_sensible,target,Procedimiento propuesto Code_B,0.0034017800455428127,0.02220654306373429,0.009043208951000256,0.5996
target_a_sensible,target,Antecedente renales_litiasis,0.0008281899803983528,0.027924501755732238,0.008957083512998518,0.5996
target_a_sensible,target,Sistema Nervioso_Sin dato,0.0,0.029642215271734572,0.008892664581520372,0.5996
target_a_sensible,target,Sistema Nervioso_normal,0.0,0.029611797754758393,0.008883539326427518,0.5996
target_a_sensible,target,Antecedente hematológicos _negativo,0.0,0.02929497142292915,0.008788491426878745,0.5996
target_a_sensible,target,Puntaje Mallampati,0.0,0.029166384724205675,0.008749915417261701,0.5996
target_a_sensible,target,Antecedente neurológicos_negativo,0.008096973948140906,0.009823614024701196,0.008614965971108992,0.5996
target_a_sensible,target,Tipo de anestesia propuesta_sin dato,0.0,0.027073781826581756,0.008122134547974526,0.5996
target_a_sensible,target,Antecedentes cardiovasculares_hta,0.0,0.026626595325315795,0.007987978597594737,0.5996
target_a_sensible,target,Antecedente endocrinológicos_negativo,0.0,0.02635683513727494,0.007907050541182481,0.5996
target_a_sensible,target,Examen_PT (INR),0.0,0.026195565179594756,0.007858669553878426,0.5996
target_a_sensible,target,Dx Preoperatorio Code_L,0.006310952840752115,0.011422171507085688,0.007844318440652186,0.5996
target_a_sensible,target,Antecedentes cardiovasculares_negativo,0.0,0.02512984411702816,0.007538953235108448,0.5996
target_a_sensible,target,Grupo Sanguíneo_A,0.0011340573248299624,0.02124356610239018,0.007166909958098028,0.5996
target_a_sensible,target,Antecedente hematológicos _transfusiones,0.004081853899310817,0.014293952876521571,0.007145483592474042,0.5996
target_a_sensible,target,Dx Preoperatorio Code_Q,0.0020677155047759133,0.018730043748531246,0.007066413977902512,0.5996
target_a_sensible,target,Examen_PTT,0.0018532743687846853,0.019105041404351725,0.0070288044794547975,0.5996
target_a_sensible,target,score_proc_ant_medium_severity,0.005513752993497212,0.010005327570611539,0.006861225366631509,0.5996
target_a_sensible,target,Abdomen_masas,0.0023372465188733482,0.017177433442893828,0.006789302596079492,0.5996
target_a_sensible,target,Procedimiento propuesto Code_A,0.005204324008321715,0.010477293148041222,0.006786214750237567,0.5996
target_a_sensible,target,Antecedentes cardiovasculares_cardiopatias,0.0067634308224291395,0.0062211793571631925,0.0066007553828493545,0.5996
target_a_sensible,target,Condición_embarazo actual,0.002392972201205712,0.016387693640104065,0.006591388632875218,0.5996
target_a_sensible,target,Dx Preoperatorio Code_N,0.0036868603482467233,0.012959516696206689,0.006468657252634713,0.5996
target_a_sensible,target,Sistema cardiovascular_normal,0.004407731329772568,0.010837748750204393,0.006336736555902115,0.5996
target_a_sensible,target,Alérgeno_med_antiinfecciosos,0.0049176789696585566,0.009623581648017993,0.006329449773166387,0.5996
target_a_sensible,target,Procedimiento propuesto Code_nan,0.0020461702314196195,0.01623341860016348,0.006302344742042778,0.5996
target_a_sensible,target,Anestesia previa_sedacion,0.0,0.020735159004731586,0.006220547701419475,0.5996
target_a_sensible,target,Dx Preoperatorio Code_I,0.0027448522009643206,0.014266762108674285,0.00620142517327731,0.5996
target_a_sensible,target,Dx Preoperatorio Code_S,0.0,0.020420668295956054,0.006126200488786816,0.5996
target_a_sensible,target,Dx Preoperatorio Code_D,0.0,0.020089262226288967,0.0060267786678866895,0.5996
target_a_sensible,target,Antecedente gastrointestinales_gastritis,0.004607939830981511,0.009214529523432963,0.005989916738716947,0.5996
target_a_sensible,target,Procedimiento propuesto Code_S,0.0015996106270905752,0.015929183840921523,0.005898482591239859,0.5996
target_a_sensible,target,Apertura Visual_encoded,0.003698665293193626,0.010547052951427249,0.005753181590663713,0.5996
target_a_sensible,target,Antecedente neurológicos_trastorno psiquiatrico,0.0,0.018937444026467985,0.005681233207940396,0.5996
target_a_sensible,target,Dx Preoperatorio Code_Y,0.006577915280477464,0.003388567378510359,0.0056211109098873325,0.5996
target_a_sensible,target,Color de Piel_normal,0.006387668266946367,0.0034583668168747645,0.0055088778319248854,0.5996
target_a_sensible,target,Antecedentes quirúrgicos Code_M,0.006484639723488117,0.002937068442330265,0.005420368339140761,0.5996
target_a_sensible,target,Examen_Hematocrito (%),0.0,0.017581786167431168,0.00527453585022935,0.5996
target_a_sensible,target,Anestesia previa_espinal,0.002150952373420223,0.012230172921895252,0.005174718537962732,0.5996
target_a_sensible,target,Dx Preoperatorio Code_R,0.0,0.016942526541577543,0.005082757962473263,0.5996
target_a_sensible,target,Procedimiento propuesto Code_P,0.0,0.016741707900296474,0.005022512370088942,0.5996
target_a_sensible,target,Anestesia previa_conductiva,0.002722611152739862,0.010029144300855108,0.0049145710971744356,0.5996
target_a_sensible,target,recalculado_flag,4.100558890307582e-05,0.0161703636754657,0.0048798130148718635,0.5996
target_a_sensible,target,score_proc_ant_critical,0.004556990082315693,0.005578741894494237,0.004863515625969256,0.5996
target_a_sensible,target,Condición_vih,0.0008603769537132155,0.01404793755281256,0.004816645133443018,0.5996
target_a_sensible,target,Alérgeno_suplementos,0.0,0.01583666224809563,0.0047509986744286884,0.5996
target_a_sensible,target,Antecedentes cardiovasculares_infarto,0.0018209764246341908,0.011586924580347272,0.004750760871348115,0.5996
target_a_sensible,target,Procedimiento propuesto Code_Q,0.0010155987103908082,0.013323322305537677,0.004707915788934869,0.5996
target_a_sensible,target,Antecedente neurológicos_neuropatia,0.0028429956179127913,0.009051214997249203,0.0047054614317137144,0.5996
target_a_sensible,target,Edad,0.0,0.015461418126628157,0.0046384254379884466,0.5996
target_a_sensible,target,Antecedente renales_infeccion urinaria,0.0,0.015443100623571166,0.00463293018707135,0.5996
target_a_sensible,target,Dx Preoperatorio Code_P,0.0,0.015333008856345079,0.004599902656903523,0.5996
target_a_sensible,target,Sexo_encoded,0.00028210304366749206,0.014201709105914952,0.00445798486234173,0.5996
target_a_sensible,target,Sistema Respiratorio_normal,0.005719349027690113,0.0014081827282872493,0.004425999137869253,0.5996
target_a_sensible,target,Abdomen_distension,0.0007620151854330626,0.012681581822310054,0.004337885176496159,0.5996
target_a_sensible,target,Procedimiento propuesto Code_E,0.0,0.014419046299561375,0.004325713889868413,0.5996
target_a_sensible,target,Sistema Nervioso_agitado,0.003508192342939198,0.006038364127958462,0.004267243878444977,0.5996
target_a_sensible,target,Dx Preoperatorio Code_M,0.0012335299752108675,0.011277073209373017,0.004246592945459512,0.5996
target_a_sensible,target,Color de Piel_ictericia,0.0,0.014140855228389856,0.004242256568516956,0.5996
target_a_sensible,target,score_proc_ant_low_severity,0.0026178386485264937,0.007869032850291426,0.004193196909055973,0.5996
target_a_sensible,target,Condición_hepatitis b,0.004041118170150071,0.004463811390573103,0.004167926136276981,0.5996
target_a_sensible,target,Examen_Na (meq/L),0.0012619107892566372,0.010687801217995601,0.004089677917878326,0.5996
target_a_sensible,target,Examen_K (meq/L),0.0,0.013564391754834757,0.004069317526450427,0.5996
target_a_sensible,target,Antecedentes quirúrgicos Code_C,0.0021157134477121087,0.00857322527180777,0.004052966994940807,0.5996
target_a_sensible,target,Antecedentes quirúrgicos Code_NO ENCONTRADO,0.005017543391788948,0.001767947305070925,0.0040426645657735405,0.5996
target_a_sensible,target,Temperatura,0.00036118246019944955,0.012501188983757083,0.004003184417266739,0.5996
target_a_sensible,target,Dx Preoperatorio Code_T,0.0030247050654850227,0.006078336823915055,0.003940794593014032,0.5996
target_a_sensible,target,Abdomen_otro,0.0,0.013105008835971302,0.00393150265079139,0.5996
target_a_sensible,target,mes,0.0026849332326819297,0.006745032063522153,0.003902962881933996,0.5996
target_a_sensible,target,Prótesis Dental_fija,0.002843514609411013,0.006174584937938038,0.00384283570796912,0.5996
target_a_sensible,target,Alérgeno_med_neuro_psiquiatria,0.004100063487328498,0.0030534846788805607,0.003786089844794117,0.5996
target_a_sensible,target,Atención_encoded,0.0011200453334319072,0.009682285017948739,0.0036887172387869566,0.5996
target_a_sensible,target,Examen_Plaquetas (ml),0.0,0.012209480068205384,0.003662844020461615,0.5996
target_a_sensible,target,Grupo Sanguíneo_B,0.003703106483762264,0.003516181576614004,0.003647029011617786,0.5996
target_a_sensible,target,Alérgeno_med_opioides,0.0,0.011925785989328593,0.0035777357967985775,0.5996
target_a_sensible,target,Condición_hipertermia maligna,0.0010766132230759506,0.00933086811199238,0.0035528896897508793,0.5996
target_a_sensible,target,Condición_testigo jehova,0.0,0.0117421467145356,0.0035226440143606794,0.5996
target_a_sensible,target,Procedimiento propuesto Code_M,0.0001390716793843172,0.010902951120845168,0.0033682355118225724,0.5996
target_a_sensible,target,Respuesta Verbal_encoded,0.0,0.011209856341485226,0.0033629569024455678,0.5996
target_a_sensible,target,predicted_label_dx_encoded,0.003253423909572728,0.0034359182763756702,0.0033081722196136106,0.5996
target_a_sensible,target,Examen_Glicemia (mg/dl),0.00016884663451599558,0.010612474352613845,0.0033019349499453505,0.5996
target_a_sensible,target,Antecedente hematológicos _anemia,0.0,0.010855804772124295,0.0032567414316372885,0.5996
target_a_sensible,target,Procedimiento propuesto Code_T,0.0036681219946024246,0.0021938170703203843,0.0032258305173178126,0.5996
target_a_sensible,target,Hora_decimal,0.0038223548623059767,0.0016404415094132927,0.003167780856438171,0.5996
target_a_sensible,target,Antecedentes quirúrgicos Code_J,0.0,0.010551489224959153,0.003165446767487746,0.5996
target_a_sensible,target,Condición_ninguna,0.0028970912717214414,0.0037081199160792005,0.003140399865028769,0.5996
target_a_sensible,target,Sistema Respiratorio_auscultacion anormal,0.0,0.010363092247234373,0.0031089276741703116,0.5996
target_a_sensible,target,Antecedente hematológicos _discrasias,0.0018192902345441908,0.005955822054561001,0.003060249780549234,0.5996
target_a_sensible,target,Antecedente respiratorios_negativo,0.003638060444525637,0.0016604402597936916,0.003044774389106053,0.5996
target_a_sensible,target,score_proc_ant_moderate_severity,0.0,0.009964369854847176,0.0029893109564541527,0.5996
target_a_sensible,target,Procedimiento propuesto Code_K,0.0025278569994824363,0.004051245550215554,0.0029848735647023715,0.5996
target_a_sensible,target,Alérgeno_alimentos,0.0033601272754553158,0.002043456385992499,0.0029651260086164706,0.5996
target_a_sensible,target,Anestesia previa_peridural,0.0006374398654216407,0.008282637659234844,0.002930999203565602,0.5996
target_a_sensible,target,Talla (cm),0.003681978097494376,0.0010847988369263655,0.0029028243193239727,0.5996
target_a_sensible,target,predicted_label_proc_ant_encoded,0.001227918413746698,0.006764088998268236,0.0028887695891031593,0.5996
target_a_sensible,target,Anestesia previa_topica,0.0018230297184331778,0.005344055216915652,0.00287933736797792,0.5996
target_a_sensible,target,Respuesta Motora_encoded,0.0,0.009497776402983854,0.002849332920895156,0.5996
target_a_sensible,target,Antecedente respiratorios_negativoneumonia,0.0,0.009256570979384376,0.002776971293815313,0.5996
target_a_sensible,target,Alérgeno_med_urologico,0.0,0.00925657097938436,0.002776971293815308,0.5996
target_a_sensible,target,Antecedente gastrointestinales_negativo,0.0012779843985242234,0.006184188120587073,0.0027498455151430783,0.5996
target_a_sensible,target,Antecedente endocrinológicos_obesidad,8.678031961850685e-05,0.008928841455678245,0.0027393986604364283,0.5996
target_a_sensible,target,Antecedentes quirúrgicos Code_P,0.0,0.009081701378598045,0.002724510413579413,0.5996
target_a_sensible,target,Condición_farmacodependencia,0.0012513185728857401,0.006152852927492582,0.0027217788792677925,0.5996
target_a_sensible,target,RH_Negativo,0.0012814170020474247,0.006061717740589188,0.0027155072236099537,0.5996
target_a_sensible,target,Grupo Sanguíneo_AB,0.0,0.008866803816998585,0.0026600411450995753,0.5996
target_a_sensible,target,Sistema Respiratorio_otro,0.0,0.00845741220817589,0.002537223662452767,0.5996
target_a_sensible,target,Dx Preoperatorio Code_X,0.0,0.008001531473741835,0.0024004594421225506,0.5996
target_a_sensible,target,Sistema cardiovascular_ingurgitacion yugular,0.0,0.007997700621665048,0.002399310186499514,0.5996
target_a_sensible,target,Anestesia previa_bag,0.0012856656140709521,0.004904304999319071,0.0023712574296453877,0.5996
target_a_sensible,target,score_proc_ant_high_severity,0.0,0.007865477770712326,0.0023596433312136978,0.5996
target_a_sensible,target,Alérgeno_onco_inmuno_vacunas,0.0027631899288791395,0.0014053154136516221,0.002355827574310884,0.5996
target_a_sensible,target,Procedimiento propuesto Code_V,0.0,0.007772033402214368,0.00233161002066431,0.5996
target_a_sensible,target,Procedimiento propuesto Code_H,0.0,0.007557796955624893,0.0022673390866874677,0.5996
target_a_sensible,target,Antecedentes anestésicos,0.0029623701187693197,0.00024053663959655596,0.0021458200750174906,0.5996
target_a_sensible,target,Antecedente respiratorios_epoc,0.0,0.007139194479023639,0.0021417583437070916,0.5996
target_a_sensible,target,Dx Preoperatorio Code_W,0.0,0.007136328576891557,0.002140898573067467,0.5996
target_a_sensible,target,Sistema cardiovascular_otro,0.0,0.00711482110046858,0.002134446330140574,0.5996
target_a_sensible,target,dia_semana,0.00023106987863497075,0.006368287572410483,0.0020722351867676243,0.5996
target_a_sensible,target,Antecedente hematológicos _plavix,0.0,0.006778885981713337,0.002033665794514001,0.5996
target_a_sensible,target,Tipo de anestesia propuesta_bloqueo iv,0.0028350440494806506,1.3016237777808721e-05,0.001988435705969798,0.5996
target_a_sensible,target,Dx Preoperatorio Code_NO ENCONTRADO,0.0,0.006573735038650116,0.0019721205115950345,0.5996
target_a_sensible,target,Sistema cardiovascular_soplo,0.0006436887138157044,0.005019749037692982,0.0019565068109788876,0.5996
target_a_sensible,target,Antecedente renales_falla renal,0.002380421919505382,0.0007393898881079698,0.0018881123100861585,0.5996
target_a_sensible,target,Procedimiento propuesto Code_NO ENCONTRADO,0.0,0.006205018276562692,0.0018615054829688074,0.5996
target_a_sensible,target,Alérgeno_med_cardio_renal_hemostasia,0.0,0.0061833687079242096,0.0018550106123772629,0.5996
target_a_sensible,target,Antecedentes quirúrgicos Code_A,0.001226158298937463,0.0032597182331624967,0.0018362262792049732,0.5996
target_a_sensible,target,Procedimiento propuesto Code_J,9.374319958399546e-05,0.005854314687713439,0.0018219146460228285,0.5996
target_a_sensible,target,Anestesia previa_regional,0.0023956084252354515,0.00032277265114593327,0.0017737576930085958,0.5996
target_a_sensible,target,Antecedente endocrinológicos_tiroides,0.0,0.0058194720741007065,0.001745841622230212,0.5996
target_a_sensible,target,Antecedente neurológicos_neoplasia,0.0,0.005730184277853473,0.001719055283356042,0.5996
target_a_sensible,target,Antecedentes quirúrgicos Code_B,0.0,0.005653897601869742,0.0016961692805609226,0.5996
target_a_sensible,target,Antecedentes cardiovasculares_angina,0.0,0.005623272947079531,0.0016869818841238591,0.5996
target_a_sensible,target,Anestesia previa_neuroaxial,0.0018614658377140714,0.0012469097132221266,0.0016770990003664877,0.5996
target_a_sensible,target,Alérgeno_contacto_hospitalario,0.002092110094944699,0.00048751532217249435,0.0016107316631130376,0.5996
target_a_sensible,target,Examen_P de O,0.0,0.005344055216915668,0.0016032165650747003,0.5996
target_a_sensible,target,Alérgeno_ambiental_animales,0.0011953349893332188,0.0023739020192540205,0.0015489050983094593,0.5996
target_a_sensible,target,Alérgeno_med_gastrointestinal,0.0006497332119017596,0.0035081549179457393,0.0015072597237149536,0.5996
target_a_sensible,target,Antecedentes cardiovasculares_valvulopatia,0.0,0.005019749037692936,0.0015059247113078807,0.5996
target_a_sensible,target,Antecedente respiratorios_asma,0.001585259023183072,0.0013025864969217595,0.0015004572653046781,0.5996
target_a_sensible,target,Dx Preoperatorio Code_J,0.0002350239587027847,0.004213975694287598,0.0014287094793782287,0.5996
target_a_sensible,target,Alérgeno_med_analgesia_no_opioide,0.000691138982114925,0.0031271932985319053,0.0014219552770400189,0.5996
target_a_sensible,target,Dx Preoperatorio Code_nan,0.0,0.004670907938018196,0.001401272381405459,0.5996
target_a_sensible,target,Arritmia_encoded,0.0,0.004519630527471565,0.0013558891582414695,0.5996
target_a_sensible,target,Color de Piel_palidez,0.0,0.004511547596593407,0.001353464278978022,0.5996
target_a_sensible,target,Alérgeno_med_alergias_respiratorio,0.0,0.004405145880852533,0.00132154376425576,0.5996
target_a_sensible,target,Anestesia previa_raquidea,0.0,0.0043213228512931755,0.0012963968553879525,0.5996
target_a_sensible,target,Sistema Respiratorio_disnea,0.0,0.004239467079746706,0.0012718401239240117,0.5996
target_a_sensible,target,Disnea_encoded,0.0,0.004239467079746706,0.0012718401239240117,0.5996
target_a_sensible,target,Apertura Oral_encoded,0.0,0.004190495527373861,0.0012571486582121584,0.5996
target_a_sensible,target,Cuello Móvil_encoded,0.0,0.004188594703658626,0.0012565784110975876,0.5996
target_a_sensible,target,Antecedente gastrointestinales_rge,0.0,0.004188048509652621,0.0012564145528957862,0.5996
target_a_sensible,target,Antecedentes quirúrgicos Code_L,0.0,0.004064463013387172,0.0012193389040161516,0.5996
target_a_sensible,target,Anestesia previa_peribulbar,0.0,0.004051245550215627,0.001215373665064688,0.5996
target_a_sensible,target,Antecedente hematológicos _anticoagulantes,0.0,0.0040197609800598656,0.0012059282940179597,0.5996
target_a_sensible,target,Color de Piel_cianosis,0.0,0.004015574659492804,0.0012046723978478412,0.5996
target_a_sensible,target,Dx Preoperatorio Code_V,0.0,0.004015574659492782,0.0012046723978478345,0.5996
target_a_sensible,target,Antecedentes cardiovasculares_arritmias,0.0016016536603427056,0.0002641499993944718,0.0012004025620582354,0.5996
target_a_sensible,target,Antecedentes quirúrgicos Code_H,0.0,0.0037871671438949213,0.0011361501431684763,0.5996
target_a_sensible,target,Antecedente neurológicos_tce,0.0,0.0036136358157214444,0.0010840907447164333,0.5996
target_a_sensible,target,Alérgeno_med_anestesia_y_relajantes,0.0,0.0035599833072433302,0.001067994992172999,0.5996
target_a_sensible,target,Antecedentes quirúrgicos Code_V,0.0,0.0034583668168748686,0.0010375100450624604,0.5996
target_a_sensible,target,Antecedentes quirúrgicos Code_T,0.0006650037747766291,0.001879159659495329,0.001029250540192239,0.5996
target_a_sensible,target,Antecedentes quirúrgicos Code_K,0.0,0.0031512524714465994,0.0009453757414339798,0.5996
target_a_sensible,target,Antecedente neurológicos_convulsiones,0.0,0.0031087399359906263,0.0009326219807971878,0.5996
target_a_sensible,target,Frecuencia Respiratoria,0.0,0.0028966650398885743,0.0008689995119665723,0.5996
target_a_sensible,target,Anestesia previa_local,0.0,0.002896504530862064,0.0008689513592586192,0.5996
target_a_sensible,target,Dx Preoperatorio Code_B,0.0,0.002495611950895896,0.0007486835852687688,0.5996
target_a_sensible,target,Anestesia previa_general,0.0,0.0019434248654839515,0.0005830274596451854,0.5996
target_a_sensible,target,Anestesia previa_desconocido,0.00022177152822422386,0.0013914964775830776,0.00057268901303188,0.5996
target_a_sensible,target,Antecedentes quirúrgicos Code_G,0.0,0.0018793106788125664,0.0005637932036437699,0.5996
target_a_sensible,target,Angina_encoded,0.0,0.0018791596594952972,0.0005637478978485892,0.5996
target_a_sensible,target,Antecedente gastrointestinales_falla hepatica,0.0,0.0017214106382416646,0.0005164231914724993,0.5996
target_a_sensible,target,Anestesia previa_bloqueo,0.0,0.0017188001775060417,0.0005156400532518125,0.5996
target_a_sensible,target,Antecedentes quirúrgicos Code_Q,0.0,0.0016291912277621578,0.0004887573683286473,0.5996
target_a_sensible,target,Sistema Nervioso_sedado,0.0,0.0015511634159438123,0.0004653490247831437,0.5996
target_a_sensible,target,Alérgeno_otro,0.0001431691014519565,0.0010348148042922615,0.000410662812304048,0.5996
target_a_sensible,target,Antecedentes quirúrgicos Code_S,0.0,0.0012499295978620963,0.00037497887935862887,0.5996
target_a_sensible,target,Condición_alcohol,0.0,0.0012311848062153778,0.00036935544186461334,0.5996
target_a_sensible,target,Antecedentes quirúrgicos Code_E,0.0,0.0012251890377434384,0.0003675567113230315,0.5996
target_a_sensible,target,Antecedentes cardiovasculares_icc,0.0,0.0011337200652800695,0.00034011601958402083,0.5996
target_a_sensible,target,Sistema Nervioso_par craneal anormal,0.0,0.0009602821885430767,0.000288084656562923,0.5996
target_a_sensible,target,Antecedente respiratorios_neumonia,0.0,0.00046923957909647356,0.00014077187372894207,0.5996
target_a_sensible,target,Anestesia previa_epidural,0.0,0.0003285258810646403,9.855776431939208e-05,0.5996
target_a_sensible,target,Condición_fumador,0.0,0.0002890084171816599,8.670252515449797e-05,0.5996
target_a_sensible,target,Antecedentes quirúrgicos Code_nan,0.0,0.0001635626029805526,4.906878089416578e-05,0.5996
target_a_sensible,target,Examen_Leucocitos (ml),0.0,2.9017783245550984e-05,8.705334973665295e-06,0.5996
target_a_sensible,target,Sistema cardiovascular_pulso anormal,0.0,2.6040829740796024e-05,7.812248922238806e-06,0.5996
target_b_clinicamente_relevante,target,Tipo de anestesia propuesta_sedacion,0.03563487556437517,0.24255206810117746,0.09771003332541586,0.4355
target_b_clinicamente_relevante,target,score_proc_critical,0.08263804721609325,0.07244610555019113,0.0795804647163226,0.4355
target_b_clinicamente_relevante,target,score_proc_high_severity,0.08164342002616531,0.049689858973111324,0.07205735171024912,0.4355
target_b_clinicamente_relevante,target,score_proc_moderate_severity,0.08418808599581284,0.009975737913064432,0.06192438157098832,0.4355
target_b_clinicamente_relevante,target,score_proc_low_severity,0.08484085959201826,0.004176910928551412,0.0606416749929782,0.4355
target_b_clinicamente_relevante,target,score_proc_medium_severity,0.07905878447618941,0.014482667058071545,0.05968594925075405,0.4355
target_b_clinicamente_relevante,target,Tipo de anestesia propuesta_local,0.01732365483917908,0.15123680285055188,0.05749759924259092,0.4355
target_b_clinicamente_relevante,target,Tipo de anestesia propuesta_raquidea,0.013703138235101386,0.15931748377617505,0.05738744189742348,0.4355
target_b_clinicamente_relevante,target,score_dx_high_severity,0.07033290663861558,0.021762640648217483,0.05576182684149615,0.4355
target_b_clinicamente_relevante,target,score_dx_moderate_severity,0.0620121831476772,0.027054505600994424,0.05152487988367237,0.4355
target_b_clinicamente_relevante,target,Tipo de anestesia propuesta_peridural,0.010924604460934795,0.14537176474510372,0.05125875254618547,0.4355
target_b_clinicamente_relevante,target,score_dx_low_severity,0.059543009585170115,0.014648967391173847,0.04607479692697124,0.4355
target_b_clinicamente_relevante,target,score_dx_critical,0.06523948844939143,2.779412019302675e-05,0.0456759801506319,0.4355
target_b_clinicamente_relevante,target,score_dx_medium_severity,0.05991346943604903,0.006818134355537617,0.0439848689118956,0.4355
target_b_clinicamente_relevante,target,Dx Preoperatorio Code_O,0.008003591237101038,0.11984017185558439,0.041554565422646045,0.4355
target_b_clinicamente_relevante,target,Procedimiento propuesto Code_L,0.00553878719956824,0.07876963454653117,0.02750804140365712,0.4355
target_b_clinicamente_relevante,target,Dx Preoperatorio Code_H,0.00806218827177796,0.0719844183637637,0.02723885729937368,0.4355
target_b_clinicamente_relevante,target,Examen_Hemoglobina(g/dl),0.003440418976753179,0.07625123809437512,0.025283664712039758,0.4355
target_b_clinicamente_relevante,target,Dx Preoperatorio Code_G,0.00017837226264894035,0.05991767814638802,0.018100164027770663,0.4355
target_b_clinicamente_relevante,target,Tipo de anestesia propuesta_bloqueo n,0.0,0.05965931342083059,0.017897794026249178,0.4355
target_b_clinicamente_relevante,target,IMC,0.0,0.05756941849361898,0.017270825548085695,0.4355
target_b_clinicamente_relevante,target,Tipo de anestesia propuesta_general,0.0044816900957069805,0.04545717751079396,0.016774336320233073,0.4355
target_b_clinicamente_relevante,target,RH_Sin Dato,0.004026019814459492,0.043493855792786695,0.01586637060795765,0.4355
target_b_clinicamente_relevante,target,Dx Preoperatorio Code_Z,0.0,0.049874050677838136,0.01496221520335144,0.4355
target_b_clinicamente_relevante,target,Dx Preoperatorio Code_E,0.005057702020686783,0.03787232302790882,0.014902088322853394,0.4355
target_b_clinicamente_relevante,target,RH_Positivo,0.0038116971953177092,0.04066264735413238,0.01486698224296211,0.4355
target_b_clinicamente_relevante,target,Antecedente renales_negativo,0.009040217798861772,0.027797419485420364,0.01466737830482935,0.4355
target_b_clinicamente_relevante,target,Grupo Sanguíneo_O,0.005309531386436639,0.036245424888921234,0.014590299437182017,0.4355
target_b_clinicamente_relevante,target,Estado Nutricional_encoded,0.003046641888588386,0.041239402511766006,0.014504470075541672,0.4355
target_b_clinicamente_relevante,target,Procedimiento propuesto Code_G,0.003256194230970566,0.04024186431235611,0.014351895255386228,0.4355
target_b_clinicamente_relevante,target,Grupo Sanguíneo_Sin Dato,0.0009539215819989177,0.045286579306543805,0.014253718899362383,0.4355
target_b_clinicamente_relevante,target,Dx Preoperatorio Code_A,0.0,0.044222898501435584,0.013266869550430676,0.4355
target_b_clinicamente_relevante,target,anio,0.0,0.043144932033406753,0.012943479610022025,0.4355
target_b_clinicamente_relevante,target,Dx Preoperatorio Code_S,0.0007005270598587909,0.04121002548496324,0.012853376587390126,0.4355
target_b_clinicamente_relevante,target,Tensión Arterial Media (mm/Hg),0.004667303452244864,0.029821855503413326,0.012213669067595403,0.4355
target_b_clinicamente_relevante,target,Antecedente hematológicos _negativo,0.003423371447408785,0.0323018534253599,0.012086916040794118,0.4355
target_b_clinicamente_relevante,target,Edad,0.0,0.040259022686654405,0.01207770680599632,0.4355
target_b_clinicamente_relevante,target,Examen_PT (INR),0.0,0.03819044272084082,0.011457132816252246,0.4355
target_b_clinicamente_relevante,target,Abdomen_masas,0.006331916702597473,0.023383790826177378,0.011447478939671444,0.4355
target_b_clinicamente_relevante,target,predicted_label_proc_encoded,0.002944568999275976,0.03020097829198219,0.01112149178708784,0.4355
target_b_clinicamente_relevante,target,Dx Preoperatorio Code_Q,0.0,0.034929054282925656,0.010478716284877697,0.4355
target_b_clinicamente_relevante,target,Puntaje Mallampati,0.0,0.034323108468868484,0.010296932540660544,0.4355
target_b_clinicamente_relevante,target,Abdomen_normal,0.0023071240479373145,0.028527409902890363,0.010173209804423228,0.4355
target_b_clinicamente_relevante,target,Anestesia previa_sedacion,0.0029740552221673155,0.02677509070325559,0.010114365866493797,0.4355
target_b_clinicamente_relevante,target,Grupo Sanguíneo_A,0.003304644119674016,0.02556394976441448,0.009982435813096154,0.4355
target_b_clinicamente_relevante,target,Condición_embarazo actual,0.004635773983780123,0.02226861919877472,0.009925627548278502,0.4355
target_b_clinicamente_relevante,target,Procedimiento propuesto Code_S,0.0013951283284554528,0.029236291295593676,0.00974747721859692,0.4355
target_b_clinicamente_relevante,target,Antecedente renales_litiasis,0.001208199033154278,0.029418705208674064,0.009671350885810214,0.4355
target_b_clinicamente_relevante,target,Dx Preoperatorio Code_C,0.0,0.032149851858632006,0.009644955557589601,0.4355
target_b_clinicamente_relevante,target,Abdomen_otro,0.004864347280350678,0.018605060436545147,0.008986561227209018,0.4355
target_b_clinicamente_relevante,target,Tensión Arterial Diastólica (mm/Hg),0.002288558070246305,0.02447255845205887,0.008943758184790075,0.4355
target_b_clinicamente_relevante,target,Procedimiento propuesto Code_M,0.0037719110209293305,0.02059166090058325,0.008817835984825505,0.4355
target_b_clinicamente_relevante,target,Prótesis Dental_movil,0.0015444529597452572,0.025728447305011407,0.008799651263325102,0.4355
target_b_clinicamente_relevante,target,Dx Preoperatorio Code_K,0.0,0.028671844067880117,0.008601553220364034,0.4355
target_b_clinicamente_relevante,target,Procedimiento propuesto Code_P,0.0022782672008696547,0.022694141888904708,0.00840302960728017,0.4355
target_b_clinicamente_relevante,target,Procedimiento propuesto Code_C,0.002616945053655728,0.021672781039420743,0.008333695849385233,0.4355
target_b_clinicamente_relevante,target,Antecedente neurológicos_negativo,0.008445565995252702,0.007904697629735573,0.008283305485597563,0.4355
target_b_clinicamente_relevante,target,Examen_PTT,0.00451259291226358,0.01604909539931545,0.007973543658379142,0.4355
target_b_clinicamente_relevante,target,Tensión Arterial Sistólica (mm/Hg),0.0,0.026287477243771815,0.007886243173131545,0.4355
target_b_clinicamente_relevante,target,Antecedente hematológicos _transfusiones,0.0,0.026266235361419064,0.007879870608425718,0.4355
target_b_clinicamente_relevante,target,Procedimiento propuesto Code_E,0.0,0.026157898000321405,0.007847369400096421,0.4355
target_b_clinicamente_relevante,target,Tipo de anestesia propuesta_sin dato,0.0,0.02574600305257361,0.007723800915772083,0.4355
target_b_clinicamente_relevante,target,Procedimiento propuesto Code_Q,0.002014410929984445,0.020815470259066018,0.0076547287287089165,0.4355
target_b_clinicamente_relevante,target,Dx Preoperatorio Code_F,0.0,0.024959771348633763,0.0074879314045901285,0.4355
target_b_clinicamente_relevante,target,Prótesis Dental_no,0.009445209021398115,0.002727691943324999,0.007429953897976181,0.4355
target_b_clinicamente_relevante,target,Antecedentes quirúrgicos Code_C,0.006151310164519641,0.01036312725434454,0.007414855291467111,0.4355
target_b_clinicamente_relevante,target,Antecedente gastrointestinales_gastritis,0.004615045285080166,0.013785604837880721,0.007366213150920333,0.4355
target_b_clinicamente_relevante,target,Dx Preoperatorio Code_D,0.0,0.02451059372805861,0.007353178118417583,0.4355
target_b_clinicamente_relevante,target,Peso (Kg),0.0,0.024377851796353732,0.007313355538906119,0.4355
target_b_clinicamente_relevante,target,Dx Preoperatorio Code_L,0.0052614939975943464,0.012088077207115563,0.0073094689604507115,0.4355
target_b_clinicamente_relevante,target,Antecedente neurológicos_neuropatia,0.004250201401775344,0.014327904485177219,0.0072735123267959065,0.4355
target_b_clinicamente_relevante,target,Sexo_encoded,0.0,0.02412580826800354,0.007237742480401062,0.4355
target_b_clinicamente_relevante,target,Sistema cardiovascular_ingurgitacion yugular,0.008560845027266062,0.003991842350207114,0.007190144224148377,0.4355
target_b_clinicamente_relevante,target,Sistema Nervioso_Sin dato,0.0,0.023757153749640623,0.007127146124892187,0.4355
target_b_clinicamente_relevante,target,Sistema Nervioso_normal,0.0,0.02372095023756208,0.007116285071268623,0.4355
target_b_clinicamente_relevante,target,Prótesis Dental_fija,0.0,0.022447224584173437,0.006734167375252031,0.4355
target_b_clinicamente_relevante,target,Antecedente neurológicos_trastorno psiquiatrico,0.0,0.022398647462077235,0.0067195942386231704,0.4355
target_b_clinicamente_relevante,target,Examen_Na (meq/L),0.005673456535052024,0.008189972977171866,0.006428411467687975,0.4355
target_b_clinicamente_relevante,target,Examen_Plaquetas (ml),0.0030890553481057736,0.013827759633565216,0.006310666633743606,0.4355
target_b_clinicamente_relevante,target,Color de Piel_normal,0.005376488429797099,0.008487182929679026,0.006309696779761677,0.4355
target_b_clinicamente_relevante,target,Anestesia previa_peribulbar,0.004653036699052482,0.00972912944004341,0.00617586452134976,0.4355
target_b_clinicamente_relevante,target,Procedimiento propuesto Code_B,0.002263146305527153,0.014762105967803443,0.006012834204210039,0.4355
target_b_clinicamente_relevante,target,Antecedente hematológicos _anemia,0.0,0.019760122399249125,0.0059280367197747375,0.4355
target_b_clinicamente_relevante,target,Apertura Visual_encoded,0.0021207133720329008,0.0146775541511982,0.00588776560578249,0.4355
target_b_clinicamente_relevante,target,Abdomen_distension,0.0,0.019376128404198653,0.005812838521259596,0.4355
target_b_clinicamente_relevante,target,Antecedente neurológicos_neoplasia,0.003443579898394944,0.01023536586230253,0.005481115687567219,0.4355
target_b_clinicamente_relevante,target,Anestesia previa_conductiva,0.0001495135005675774,0.017901800123174137,0.005475199487349545,0.4355
target_b_clinicamente_relevante,target,score_proc_ant_critical,0.001142827432999649,0.01513428178644886,0.005340263739034412,0.4355
target_b_clinicamente_relevante,target,Antecedente hematológicos _aspirina,0.0,0.01741835431962249,0.005225506295886746,0.4355
target_b_clinicamente_relevante,target,Condición_testigo jehova,0.0009297607136165009,0.015037603039568638,0.005162113411402142,0.4355
target_b_clinicamente_relevante,target,Anestesia previa_espinal,0.0004079240930356942,0.01625334507227221,0.005161550386806649,0.4355
target_b_clinicamente_relevante,target,Color de Piel_ictericia,0.0010598111484239059,0.014714562179182235,0.005156236457651404,0.4355
target_b_clinicamente_relevante,target,score_proc_ant_medium_severity,0.0031338817588881795,0.009571724150318376,0.0050652344763172374,0.4355
target_b_clinicamente_relevante,target,score_proc_ant_moderate_severity,0.0011050828878276242,0.01389277548425405,0.004941390666755552,0.4355
target_b_clinicamente_relevante,target,Antecedentes quirúrgicos Code_G,0.003841073232915715,0.0073488728275672415,0.004893413111311173,0.4355
target_b_clinicamente_relevante,target,Antecedente renales_infeccion urinaria,0.0,0.01604543041831254,0.004813629125493762,0.4355
target_b_clinicamente_relevante,target,RH_Negativo,0.001352762461162671,0.01275573209812408,0.004773653352251094,0.4355
target_b_clinicamente_relevante,target,Antecedentes quirúrgicos Code_M,0.005010256624257803,0.0041945381968418755,0.004765541096033024,0.4355
target_b_clinicamente_relevante,target,mes,0.0012732258204946056,0.012690336267151384,0.004698358954491639,0.4355
target_b_clinicamente_relevante,target,Antecedentes quirúrgicos Code_B,0.0011690913619273324,0.0127653440177463,0.004647967158673022,0.4355
target_b_clinicamente_relevante,target,Anestesia previa_regional,0.006146671693433303,0.0011152394133118523,0.004637242009396868,0.4355
target_b_clinicamente_relevante,target,Procedimiento propuesto Code_V,0.000912206713859387,0.012547663547270074,0.004402843763882593,0.4355
target_b_clinicamente_relevante,target,Antecedente gastrointestinales_rge,0.0,0.014365364275411812,0.004309609282623543,0.4355
target_b_clinicamente_relevante,target,Respuesta Verbal_encoded,0.0,0.014345119488046105,0.004303535846413831,0.4355
target_b_clinicamente_relevante,target,Dx Preoperatorio Code_Y,0.005582353634364434,0.0011787764797067761,0.004261280487967137,0.4355
target_b_clinicamente_relevante,target,Antecedentes quirúrgicos Code_V,0.0031968092172380835,0.006373611211726043,0.004149849815584471,0.4355
target_b_clinicamente_relevante,target,Examen_Hematocrito (%),0.0,0.013822593828174688,0.004146778148452406,0.4355
target_b_clinicamente_relevante,target,Talla (cm),0.002290772598741553,0.00822841920691734,0.004072066581194289,0.4355
target_b_clinicamente_relevante,target,predicted_label_proc_ant_encoded,0.0,0.013423786249506358,0.004027135874851907,0.4355
target_b_clinicamente_relevante,target,Antecedentes cardiovasculares_infarto,0.0,0.01342377899987945,0.004027133699963835,0.4355
target_b_clinicamente_relevante,target,Procedimiento propuesto Code_H,0.0012225282173969898,0.010528964423636744,0.004014459079268916,0.4355
target_b_clinicamente_relevante,target,Respuesta Motora_encoded,2.5292668215826097e-05,0.013298100542239675,0.00400713503042298,0.4355
target_b_clinicamente_relevante,target,Antecedente renales_falla renal,0.004897339566113157,0.0018870804636150816,0.003994261835363734,0.4355
target_b_clinicamente_relevante,target,Alérgeno_alimentos,0.0008662269321355609,0.011173214217175572,0.003958323117647564,0.4355
target_b_clinicamente_relevante,target,Procedimiento propuesto Code_nan,0.0011816850830486114,0.010425770019540719,0.003954910563996244,0.4355
target_b_clinicamente_relevante,target,Dx Preoperatorio Code_V,0.001985748084681216,0.008296156549518086,0.0038788706241322767,0.4355
target_b_clinicamente_relevante,target,Antecedentes quirúrgicos Code_L,0.0,0.012861227608935155,0.0038583682826805465,0.4355
target_b_clinicamente_relevante,target,recalculado_flag,0.002457042495126238,0.006700734615428704,0.003730150131216978,0.4355
target_b_clinicamente_relevante,target,Temperatura,0.000888301276421366,0.010350194101407301,0.0037268691239171464,0.4355
target_b_clinicamente_relevante,target,Dx Preoperatorio Code_P,0.0,0.012217507632389716,0.0036652522897169144,0.4355
target_b_clinicamente_relevante,target,Alérgeno_contacto_hospitalario,0.0008720927924823485,0.010152234244192121,0.00365613522799528,0.4355
target_b_clinicamente_relevante,target,Condición_hepatitis b,0.00408141154384456,0.0024202026761021653,0.003583048883521841,0.4355
target_b_clinicamente_relevante,target,Antecedentes quirúrgicos Code_K,0.0,0.011707114037819188,0.0035121342113457565,0.4355
target_b_clinicamente_relevante,target,Sistema Respiratorio_otro,0.0013574047130509026,0.00847674283450064,0.0034932061494858235,0.4355
target_b_clinicamente_relevante,target,Atención_encoded,0.0,0.011612384712428672,0.0034837154137286014,0.4355
target_b_clinicamente_relevante,target,Dx Preoperatorio Code_J,0.0,0.011398134752600214,0.003419440425780064,0.4355
target_b_clinicamente_relevante,target,Dx Preoperatorio Code_N,0.0018068880477317695,0.006938779174666068,0.003346455385812059,0.4355
target_b_clinicamente_relevante,target,Hora_decimal,0.0012620139045322887,0.008149567786810568,0.0033282800692157723,0.4355
target_b_clinicamente_relevante,target,Procedimiento propuesto Code_NO ENCONTRADO,0.002987434774213149,0.004083691374144116,0.003316311754192439,0.4355
target_b_clinicamente_relevante,target,Dx Preoperatorio Code_I,0.0012032526837957302,0.008069873586562835,0.0032632389546258613,0.4355
target_b_clinicamente_relevante,target,Sistema cardiovascular_pulso anormal,0.0012012740979814307,0.007995058985101788,0.003239409564117538,0.4355
target_b_clinicamente_relevante,target,score_proc_ant_low_severity,0.0,0.010586427130286423,0.003175928139085927,0.4355
target_b_clinicamente_relevante,target,Antecedente hematológicos _discrasias,0.003997814811844469,0.0010469514006355473,0.0031125557884817924,0.4355
target_b_clinicamente_relevante,target,Examen_Glicemia (mg/dl),0.00010869021069215279,0.009887741840425075,0.0030424056996120295,0.4355
target_b_clinicamente_relevante,target,Procedimiento propuesto Code_A,0.0027396996058191014,0.003640913645974858,0.0030100638178658283,0.4355
target_b_clinicamente_relevante,target,Antecedentes cardiovasculares_cardiopatias,0.0026278583912706655,0.003787190148662599,0.002975657918488245,0.4355
target_b_clinicamente_relevante,target,Antecedentes cardiovasculares_hta,0.0018644926339619339,0.005355716623291536,0.0029118598307608145,0.4355
target_b_clinicamente_relevante,target,Antecedentes cardiovasculares_angina,0.0,0.009544765261944166,0.0028634295785832497,0.4355
target_b_clinicamente_relevante,target,dia_semana,0.0,0.009373418260873376,0.002812025478262013,0.4355
target_b_clinicamente_relevante,target,Examen_Leucocitos (ml),0.0,0.008946732980007465,0.002684019894002239,0.4355
target_b_clinicamente_relevante,target,Anestesia previa_bag,0.0,0.008801261998385667,0.0026403785995157,0.4355
target_b_clinicamente_relevante,target,Grupo Sanguíneo_B,0.0018294497619384398,0.0044886278986597744,0.0026272032029548403,0.4355
target_b_clinicamente_relevante,target,Grupo Sanguíneo_AB,0.0,0.00870295188115128,0.002610885564345384,0.4355
target_b_clinicamente_relevante,target,Condición_alcohol,0.0003626659145841149,0.007722484676344483,0.002570611543112225,0.4355
target_b_clinicamente_relevante,target,Color de Piel_cianosis,0.0,0.008296156549518064,0.002488846964855419,0.4355
target_b_clinicamente_relevante,target,Examen_P de O,0.00036305363267352675,0.007444942962509629,0.0024876204316243576,0.4355
target_b_clinicamente_relevante,target,Condición_farmacodependencia,0.0,0.008208582580492564,0.0024625747741477693,0.4355
target_b_clinicamente_relevante,target,predicted_label_dx_encoded,0.001617249765666573,0.004358908814538459,0.0024397474803281383,0.4355
target_b_clinicamente_relevante,target,Angina_encoded,0.0,0.008122822500737795,0.0024368467502213385,0.4355
target_b_clinicamente_relevante,target,Dx Preoperatorio Code_T,0.0,0.008107081243620019,0.0024321243730860056,0.4355
target_b_clinicamente_relevante,target,Antecedente neurológicos_convulsiones,0.0002839349386367651,0.0071015076190642555,0.002329206742765012,0.4355
target_b_clinicamente_relevante,target,score_proc_ant_high_severity,0.0,0.007763478634422605,0.002329043590326781,0.4355
target_b_clinicamente_relevante,target,Anestesia previa_neuroaxial,0.0,0.007638052306247818,0.0022914156918743453,0.4355
target_b_clinicamente_relevante,target,Dx Preoperatorio Code_R,0.00014298554429892363,0.007275800879541064,0.0022828301448715657,0.4355
target_b_clinicamente_relevante,target,Antecedente respiratorios_negativoneumonia,0.0009650542263193174,0.005280847965159147,0.0022597923479712664,0.4355
target_b_clinicamente_relevante,target,Sistema Respiratorio_normal,0.0024219169760677506,0.0018264456310237592,0.002243275572554553,0.4355
target_b_clinicamente_relevante,target,Anestesia previa_topica,0.0,0.00744494296250964,0.0022334828887528918,0.4355
target_b_clinicamente_relevante,target,Anestesia previa_raquidea,0.0,0.0074040693225009965,0.002221220796750299,0.4355
target_b_clinicamente_relevante,target,Alérgeno_med_antiinfecciosos,0.0008787284745366275,0.00507075246501462,0.0021363356716800255,0.4355
target_b_clinicamente_relevante,target,Anestesia previa_general,0.0,0.0068890518164570974,0.002066715544937129,0.4355
target_b_clinicamente_relevante,target,Sistema Respiratorio_disnea,0.0,0.0068619886403424625,0.0020585965921027386,0.4355
target_b_clinicamente_relevante,target,Disnea_encoded,0.0,0.0068619886403424625,0.0020585965921027386,0.4355
target_b_clinicamente_relevante,target,Anestesia previa_epidural,0.0018202609074962073,0.002479217797855535,0.0020179479746040055,0.4355
target_b_clinicamente_relevante,target,Antecedente respiratorios_asma,0.0,0.00669710961071496,0.002009132883214488,0.4355
target_b_clinicamente_relevante,target,Antecedente respiratorios_negativo,0.0,0.006376034459415005,0.0019128103378245015,0.4355
target_b_clinicamente_relevante,target,Alérgeno_med_opioides,0.0,0.006327731487910478,0.0018983194463731434,0.4355
target_b_clinicamente_relevante,target,Condición_fumador,0.0,0.006321454052679275,0.0018964362158037824,0.4355
target_b_clinicamente_relevante,target,Sistema Nervioso_sedado,0.0003680035473745402,0.00528084796515916,0.0018418568727099262,0.4355
target_b_clinicamente_relevante,target,Alérgeno_otro,0.0,0.006111910030727981,0.001833573009218394,0.4355
target_b_clinicamente_relevante,target,Condición_vih,0.0,0.006078979662915367,0.0018236938988746099,0.4355
target_b_clinicamente_relevante,target,Dx Preoperatorio Code_X,0.0,0.005743580069168331,0.0017230740207504992,0.4355
target_b_clinicamente_relevante,target,Antecedentes quirúrgicos Code_J,0.0,0.005547875285391282,0.0016643625856173844,0.4355
target_b_clinicamente_relevante,target,Alérgeno_med_urologico,0.0,0.005280847965159162,0.0015842543895477484,0.4355
target_b_clinicamente_relevante,target,Alérgeno_med_gastrointestinal,0.0016295382100637301,0.001465157462502782,0.0015802239857954457,0.4355
target_b_clinicamente_relevante,target,Antecedente respiratorios_neumonia,0.0,0.005248105892767496,0.0015744317678302487,0.4355
target_b_clinicamente_relevante,target,Sistema Nervioso_agitado,0.0,0.005227168777373108,0.0015681506332119322,0.4355
target_b_clinicamente_relevante,target,Condición_hipertermia maligna,0.0,0.0048932124878076355,0.0014679637463422906,0.4355
target_b_clinicamente_relevante,target,Antecedentes anestésicos,0.001310959324644534,0.0018068714243125986,0.001459732954544953,0.4355
target_b_clinicamente_relevante,target,Antecedentes quirúrgicos Code_Q,0.0,0.004810664475959333,0.0014431993427877997,0.4355
target_b_clinicamente_relevante,target,Dx Preoperatorio Code_W,0.0,0.004750944194857514,0.0014252832584572541,0.4355
target_b_clinicamente_relevante,target,Apertura Oral_encoded,0.0,0.004626339672912696,0.001387901901873809,0.4355
target_b_clinicamente_relevante,target,Arritmia_encoded,0.0,0.00457678751594654,0.0013730362547839622,0.4355
target_b_clinicamente_relevante,target,Anestesia previa_local,0.0,0.004448893985826384,0.001334668195747915,0.4355
target_b_clinicamente_relevante,target,Antecedentes quirúrgicos Code_P,0.0,0.004447355261293857,0.0013342065783881571,0.4355
target_b_clinicamente_relevante,target,Antecedente endocrinológicos_diabetes,0.0,0.0043159412884478795,0.0012947823865343637,0.4355
target_b_clinicamente_relevante,target,Dx Preoperatorio Code_NO ENCONTRADO,0.0,0.004231443925494154,0.001269433177648246,0.4355
target_b_clinicamente_relevante,target,Antecedente gastrointestinales_negativo,0.0,0.004201805400614933,0.00126054162018448,0.4355
target_b_clinicamente_relevante,target,Examen_K (meq/L),0.0,0.004185265853527639,0.0012555797560582917,0.4355
target_b_clinicamente_relevante,target,Antecedente respiratorios_epoc,0.0,0.003955036966380914,0.001186511089914274,0.4355
target_b_clinicamente_relevante,target,Color de Piel_palidez,0.0014592031699072194,0.00048368935102525214,0.0011665490242426292,0.4355
target_b_clinicamente_relevante,target,Antecedente neurológicos_tce,0.0,0.0038216906658011434,0.001146507199740343,0.4355
target_b_clinicamente_relevante,target,Antecedentes quirúrgicos Code_NO ENCONTRADO,0.0006331888011712472,0.0022549757359603237,0.0011197248816079701,0.4355
target_b_clinicamente_relevante,target,Antecedentes quirúrgicos Code_A,0.0,0.0034507710313636335,0.00103523130940909,0.4355
target_b_clinicamente_relevante,target,Anestesia previa_desconocido,0.0,0.0033863661488866925,0.0010159098446660077,0.4355
target_b_clinicamente_relevante,target,Antecedentes quirúrgicos Code_S,0.0,0.0033856771635907353,0.0010157031490772206,0.4355
target_b_clinicamente_relevante,target,Alérgeno_med_analgesia_no_opioide,0.0008665749716065818,0.0012451987341291046,0.0009801621003633387,0.4355
target_b_clinicamente_relevante,target,Procedimiento propuesto Code_J,0.00015112713589071625,0.0028412661747935653,0.000958168847561571,0.4355
target_b_clinicamente_relevante,target,Antecedentes quirúrgicos Code_E,0.0,0.0030389582414911227,0.0009116874724473368,0.4355
target_b_clinicamente_relevante,target,Sistema cardiovascular_normal,0.0,0.0029137486693696897,0.0008741246008109069,0.4355
target_b_clinicamente_relevante,target,Antecedente hematológicos _anticoagulantes,0.0006105177406243723,0.0013948018386252291,0.0008458029700246293,0.4355
target_b_clinicamente_relevante,target,Frecuencia Respiratoria,0.0,0.0028173184039639097,0.0008451955211891728,0.4355
target_b_clinicamente_relevante,target,Alérgeno_med_neuro_psiquiatria,0.0003682804339606438,0.0019261316535612734,0.0008356357998408326,0.4355
target_b_clinicamente_relevante,target,Antecedentes cardiovasculares_icc,0.0,0.0027255370805319735,0.000817661124159592,0.4355
target_b_clinicamente_relevante,target,Procedimiento propuesto Code_K,0.0010602116023696873,0.00024173603823427297,0.0008146689331290629,0.4355
target_b_clinicamente_relevante,target,Sistema Nervioso_par craneal anormal,0.0,0.0024064506599146963,0.0007219351979744088,0.4355
target_b_clinicamente_relevante,target,Dx Preoperatorio Code_B,0.0006788148296144048,0.0005919372644092979,0.0006527515600528726,0.4355
target_b_clinicamente_relevante,target,Alérgeno_ambiental_animales,0.0005270932051713029,0.0009062588299734072,0.0006408428926119341,0.4355
target_b_clinicamente_relevante,target,Procedimiento propuesto Code_T,0.0,0.0020839582683049207,0.0006251874804914762,0.4355
target_b_clinicamente_relevante,target,Antecedentes cardiovasculares_negativo,0.0,0.0020623702244698195,0.0006187110673409458,0.4355
target_b_clinicamente_relevante,target,Antecedentes quirúrgicos Code_T,0.00034375422092747243,0.0012030709614494638,0.0006015492430840699,0.4355
target_b_clinicamente_relevante,target,Anestesia previa_bloqueo,0.0,0.0018807932222813287,0.0005642379666843986,0.4355
target_b_clinicamente_relevante,target,Antecedentes quirúrgicos Code_nan,0.0,0.0017109935705380446,0.0005132980711614134,0.4355
target_b_clinicamente_relevante,target,Anestesia previa_peridural,4.143010342394504e-05,0.001606728461522666,0.0005110196108535613,0.4355
target_b_clinicamente_relevante,target,Alérgeno_med_anestesia_y_relajantes,0.0,0.0016956667561212936,0.0005087000268363881,0.4355
target_b_clinicamente_relevante,target,Alérgeno_suplementos,0.0,0.001690027381907876,0.0005070082145723628,0.4355
target_b_clinicamente_relevante,target,Condición_ninguna,0.00021426611802399798,0.001104267115037104,0.00048126641712792974,0.4355
target_b_clinicamente_relevante,target,Sistema Respiratorio_auscultacion anormal,0.0,0.0015925208254651945,0.00047775624763955835,0.4355
target_b_clinicamente_relevante,target,Antecedentes quirúrgicos Code_H,0.0,0.0014761010123766202,0.00044283030371298604,0.4355
target_b_clinicamente_relevante,target,Sistema cardiovascular_otro,0.0,0.0014761010123765638,0.0004428303037129691,0.4355
target_b_clinicamente_relevante,target,Alérgeno_med_alergias_respiratorio,0.0,0.001286963283172361,0.0003860889849517083,0.4355
target_b_clinicamente_relevante,target,Antecedente endocrinológicos_obesidad,0.0,0.001210586015882162,0.00036317580476464856,0.4355
target_b_clinicamente_relevante,target,Antecedente endocrinológicos_negativo,0.0,0.0011517410941481645,0.0003455223282444493,0.4355
target_b_clinicamente_relevante,target,Sistema cardiovascular_soplo,0.0,0.0011345442521610216,0.0003403632756483065,0.4355
target_b_clinicamente_relevante,target,Antecedentes cardiovasculares_valvulopatia,0.0,0.0011345442521609073,0.00034036327564827216,0.4355
target_b_clinicamente_relevante,target,Tipo de anestesia propuesta_bloqueo iv,0.0,0.001046951400635552,0.0003140854201906656,0.4355
target_b_clinicamente_relevante,target,Antecedente hematológicos _plavix,0.0,0.0008357698788758367,0.000250730963662751,0.4355
target_b_clinicamente_relevante,target,Antecedente endocrinológicos_tiroides,0.0,0.0006644842687534197,0.0001993452806260259,0.4355
target_b_clinicamente_relevante,target,Dx Preoperatorio Code_M,0.0,0.0005808721070477503,0.0001742616321143251,0.4355
target_b_clinicamente_relevante,target,Dx Preoperatorio Code_nan,0.0,0.000428497084917749,0.0001285491254753247,0.4355
target_b_clinicamente_relevante,target,Antecedente gastrointestinales_falla hepatica,0.0,0.0004188245155813342,0.00012564735467440025,0.4355
target_b_clinicamente_relevante,target,Alérgeno_onco_inmuno_vacunas,0.0,0.00034191757288256714,0.00010257527186477014,0.4355
target_b_clinicamente_relevante,target,Antecedentes cardiovasculares_arritmias,0.0,0.00030193340176503704,9.05800205295111e-05,0.4355
target_b_clinicamente_relevante,target,Alérgeno_med_cardio_renal_hemostasia,0.0,0.00024614587642422136,7.384376292726641e-05,0.4355
target_b_clinicamente_relevante,target,Cuello Móvil_encoded,0.0,0.00014115072957893024,4.234521887367907e-05,0.4355
target_c_alta_severidad,target,Tipo de anestesia propuesta_peridural,0.01745888637482884,0.22922569178867314,0.08098892799898214,0.1759
target_c_alta_severidad,target,Tipo de anestesia propuesta_sedacion,0.0215750892307347,0.18064541566530756,0.06929618716110655,0.1759
target_c_alta_severidad,target,score_proc_critical,0.06064446001075563,0.02826177340404936,0.05092965402874375,0.1759
target_c_alta_severidad,target,score_proc_high_severity,0.05866729879618604,0.02221106388861453,0.04773042832391458,0.1759
target_c_alta_severidad,target,score_dx_high_severity,0.05481084964008365,0.030490144872179572,0.047514638209712426,0.1759
target_c_alta_severidad,target,score_dx_moderate_severity,0.05419276955397612,0.03069826043210781,0.047144416817415616,0.1759
target_c_alta_severidad,target,score_proc_medium_severity,0.057621864332008554,0.01958254055754639,0.0462100671996699,0.1759
target_c_alta_severidad,target,score_dx_low_severity,0.05256845625742512,0.027097860136824792,0.04492727742124502,0.1759
target_c_alta_severidad,target,score_proc_moderate_severity,0.06374798098871648,0.00030562347897660543,0.044715273735794515,0.1759
target_c_alta_severidad,target,Tipo de anestesia propuesta_local,0.010892221815633985,0.12241157373778186,0.04434802739227834,0.1759
target_c_alta_severidad,target,score_proc_low_severity,0.06135487338950063,0.0039161923467385595,0.044123269076672,0.1759
target_c_alta_severidad,target,score_dx_medium_severity,0.05339292810036622,0.01377869850483536,0.04150865922170696,0.1759
target_c_alta_severidad,target,score_dx_critical,0.051531703727565104,0.013979356383702004,0.04026599952440617,0.1759
target_c_alta_severidad,target,Tipo de anestesia propuesta_raquidea,0.007440865618526082,0.11613426802303842,0.04004888633987978,0.1759
target_c_alta_severidad,target,Dx Preoperatorio Code_Z,0.0,0.0866994409758433,0.02600983229275299,0.1759
target_c_alta_severidad,target,Examen_Hemoglobina(g/dl),0.0011839979915064802,0.07748229730270183,0.024073487784865084,0.1759
target_c_alta_severidad,target,Dx Preoperatorio Code_O,0.0032181244813935805,0.06569218905136065,0.021960343852383702,0.1759
target_c_alta_severidad,target,Dx Preoperatorio Code_S,0.0026828178460511776,0.062457778674317094,0.020615306094530952,0.1759
target_c_alta_severidad,target,Grupo Sanguíneo_Sin Dato,0.006626461698054031,0.04952350115688829,0.01949557353570431,0.1759
target_c_alta_severidad,target,Dx Preoperatorio Code_A,0.004064970597007944,0.05483552842810223,0.01929613794633623,0.1759
target_c_alta_severidad,target,Antecedente hematológicos _negativo,0.005869893867025855,0.05040823512770224,0.01923139624522877,0.1759
target_c_alta_severidad,target,Dx Preoperatorio Code_H,0.0034404791773534615,0.05420029807550577,0.018668424846799155,0.1759
target_c_alta_severidad,target,RH_Sin Dato,0.003657008906881476,0.04947049531306521,0.017401054828736592,0.1759
target_c_alta_severidad,target,Abdomen_normal,0.0013477262518741817,0.05083979361332485,0.01619534646030938,0.1759
target_c_alta_severidad,target,Tipo de anestesia propuesta_bloqueo n,0.0,0.05371022503162778,0.016113067509488332,0.1759
target_c_alta_severidad,target,Dx Preoperatorio Code_C,0.0019937616518890255,0.04829531626986629,0.015884228037282202,0.1759
target_c_alta_severidad,target,Examen_PT (INR),0.0005098503915963448,0.04915048583964169,0.015102041026009948,0.1759
target_c_alta_severidad,target,RH_Positivo,0.0006355207961059595,0.046655631549029505,0.014441554021983022,0.1759
target_c_alta_severidad,target,Antecedente renales_negativo,0.00782108624986777,0.02956817470524825,0.014345212786481914,0.1759
target_c_alta_severidad,target,Grupo Sanguíneo_O,0.0035250103246216025,0.03923255000189356,0.01423727222780319,0.1759
target_c_alta_severidad,target,Prótesis Dental_movil,0.002514333302081395,0.03747643360313255,0.01300296339239674,0.1759
target_c_alta_severidad,target,IMC,0.00019608933819181829,0.0422117999712341,0.012800802528104503,0.1759
target_c_alta_severidad,target,Tipo de anestesia propuesta_general,0.005426995629230769,0.029433192346550216,0.012628854644426602,0.1759
target_c_alta_severidad,target,Estado Nutricional_encoded,0.0011932552491034087,0.03924483968150866,0.012608730578824983,0.1759
target_c_alta_severidad,target,Abdomen_masas,0.0,0.04201640604278778,0.012604921812836333,0.1759
target_c_alta_severidad,target,Tipo de anestesia propuesta_sin dato,0.0034017536631880674,0.034063299675857195,0.012600217466988806,0.1759
target_c_alta_severidad,target,Tensión Arterial Media (mm/Hg),0.00396041106624323,0.03224813540106336,0.012446728366689268,0.1759
target_c_alta_severidad,target,Puntaje Mallampati,0.0024720215754721053,0.03570094885579789,0.01244069975956984,0.1759
target_c_alta_severidad,target,Sexo_encoded,0.00556616324420145,0.025986186214892626,0.011692170135408802,0.1759
target_c_alta_severidad,target,Antecedente hematológicos _transfusiones,0.0,0.03856558444238696,0.011569675332716087,0.1759
target_c_alta_severidad,target,Dx Preoperatorio Code_E,0.0009526893749614018,0.036112787352828635,0.011500718768321571,0.1759
target_c_alta_severidad,target,Dx Preoperatorio Code_Q,0.0021231626819517846,0.03218013293078382,0.011140253756601394,0.1759
target_c_alta_severidad,target,Antecedentes cardiovasculares_negativo,0.004110250706731433,0.026478382801795396,0.010820690335250622,0.1759
target_c_alta_severidad,target,Abdomen_otro,0.0,0.035557238789633315,0.010667171636889993,0.1759
target_c_alta_severidad,target,Dx Preoperatorio Code_G,0.0,0.035449466287167684,0.010634839886150304,0.1759
target_c_alta_severidad,target,Dx Preoperatorio Code_K,0.0,0.0347985226242465,0.01043955678727395,0.1759
target_c_alta_severidad,target,Antecedente hematológicos _anemia,0.002835980936783944,0.027851984340833504,0.01034078195799881,0.1759
target_c_alta_severidad,target,anio,0.0036938829760517766,0.024984425573874165,0.010081045755398492,0.1759
target_c_alta_severidad,target,Condición_embarazo actual,0.0006274949116460427,0.03172914656819813,0.009957990408611669,0.1759
target_c_alta_severidad,target,Dx Preoperatorio Code_NO ENCONTRADO,0.000881542752722897,0.028820284242430202,0.009263165199635088,0.1759
target_c_alta_severidad,target,Antecedente neurológicos_neoplasia,0.00214778878870181,0.02542905301223313,0.009132168055761206,0.1759
target_c_alta_severidad,target,Procedimiento propuesto Code_S,0.00042409486912986516,0.029421254535705665,0.009123242769102605,0.1759
target_c_alta_severidad,target,Abdomen_distension,0.0007671807636644434,0.028474519457187087,0.009079382371721236,0.1759
target_c_alta_severidad,target,Antecedentes cardiovasculares_hta,0.002528737237261325,0.024348856356371636,0.009074772972994418,0.1759
target_c_alta_severidad,target,Tensión Arterial Sistólica (mm/Hg),0.0009471507357035058,0.02789607036092463,0.009031826623269843,0.1759
target_c_alta_severidad,target,Anestesia previa_sedacion,0.001541084482080235,0.025916592555822324,0.008853736904202861,0.1759
target_c_alta_severidad,target,Condición_ninguna,0.002175686258938825,0.023868159054938574,0.00868342809773875,0.1759
target_c_alta_severidad,target,Tensión Arterial Diastólica (mm/Hg),0.0,0.02763429865377825,0.008290289596133473,0.1759
target_c_alta_severidad,target,Antecedente renales_litiasis,0.0,0.02711596133942046,0.008134788401826139,0.1759
target_c_alta_severidad,target,Procedimiento propuesto Code_G,0.0,0.026833570626369707,0.008050071187910911,0.1759
target_c_alta_severidad,target,Grupo Sanguíneo_B,0.0038799527421378155,0.01771499466164649,0.008030465317990416,0.1759
target_c_alta_severidad,target,score_proc_ant_moderate_severity,0.004341097232027025,0.016542304515876138,0.008001459417181759,0.1759
target_c_alta_severidad,target,Grupo Sanguíneo_A,0.001431130983468254,0.021663663578398752,0.007500890761947403,0.1759
target_c_alta_severidad,target,Edad,0.005667014735649678,0.010150135331876189,0.007011950914517631,0.1759
target_c_alta_severidad,target,Antecedente endocrinológicos_obesidad,0.0013957063074185871,0.020046487532323964,0.0069909406748902,0.1759
target_c_alta_severidad,target,Dx Preoperatorio Code_P,0.003045424085087234,0.015730155455004932,0.006850843496062542,0.1759
target_c_alta_severidad,target,Dx Preoperatorio Code_M,0.002156055394471279,0.017802605789429403,0.0068500205129587155,0.1759
target_c_alta_severidad,target,predicted_label_proc_encoded,0.004377932479368241,0.012524640959730975,0.006821945023477061,0.1759
target_c_alta_severidad,target,Dx Preoperatorio Code_D,0.0,0.02219250544425202,0.0066577516332756055,0.1759
target_c_alta_severidad,target,Antecedente neurológicos_trastorno psiquiatrico,0.004472976790567129,0.01152077087013334,0.006587315014436992,0.1759
target_c_alta_severidad,target,Antecedente gastrointestinales_gastritis,0.0,0.02185987137441835,0.006557961412325505,0.1759
target_c_alta_severidad,target,Antecedente hematológicos _aspirina,0.0,0.021834967565243175,0.0065504902695729525,0.1759
target_c_alta_severidad,target,score_proc_ant_medium_severity,0.0073831613409183205,0.004476731630234055,0.006511232427713041,0.1759
target_c_alta_severidad,target,Examen_Hematocrito (%),0.002402312674008922,0.016056277873657935,0.006498502233903625,0.1759
target_c_alta_severidad,target,Sistema cardiovascular_normal,0.0016791628094046107,0.017660017200125777,0.0064734191266209605,0.1759
target_c_alta_severidad,target,Condición_farmacodependencia,0.0,0.021338205585493215,0.0064014616756479644,0.1759
target_c_alta_severidad,target,Antecedente endocrinológicos_negativo,0.001191037796753669,0.0184301333821919,0.0063627664723851386,0.1759
target_c_alta_severidad,target,Antecedente renales_falla renal,0.0011821581978557205,0.018198491705839513,0.006287058250250858,0.1759
target_c_alta_severidad,target,Prótesis Dental_no,0.00019449406559157723,0.020148676583423102,0.006180748820941035,0.1759
target_c_alta_severidad,target,Procedimiento propuesto Code_L,0.0007239493053730062,0.018913122872113067,0.006180701375395024,0.1759
target_c_alta_severidad,target,Anestesia previa_peribulbar,0.003756664579211755,0.011485475120560949,0.006075307741616512,0.1759
target_c_alta_severidad,target,Peso (Kg),0.0,0.020030594169228026,0.006009178250768407,0.1759
target_c_alta_severidad,target,Dx Preoperatorio Code_F,0.0,0.02001786285446276,0.006005358856338828,0.1759
target_c_alta_severidad,target,Sistema Respiratorio_normal,0.004696271150729681,0.00890390993286466,0.005958562785370174,0.1759
target_c_alta_severidad,target,Procedimiento propuesto Code_E,0.0032072128221336538,0.012113435066406854,0.005879079495415614,0.1759
target_c_alta_severidad,target,Examen_Plaquetas (ml),0.0,0.019558553255980264,0.005867565976794079,0.1759
target_c_alta_severidad,target,score_proc_ant_high_severity,0.003365105898133436,0.011276981994783827,0.005738668727128552,0.1759
target_c_alta_severidad,target,Antecedentes cardiovasculares_valvulopatia,0.0,0.01828024556473371,0.005484073669420113,0.1759
target_c_alta_severidad,target,Respuesta Verbal_encoded,0.00645723680366439,0.0029353256209857844,0.005400663448860808,0.1759
target_c_alta_severidad,target,Antecedente gastrointestinales_negativo,0.0005467186424858994,0.01664100799132839,0.005375005447138646,0.1759
target_c_alta_severidad,target,Alérgeno_alimentos,0.002886965015971743,0.011089404663421383,0.005347696910206635,0.1759
target_c_alta_severidad,target,Procedimiento propuesto Code_A,0.0011534591226551871,0.014780541421555701,0.005241583812325341,0.1759
target_c_alta_severidad,target,Condición_testigo jehova,0.0,0.017470502959170714,0.005241150887751214,0.1759
target_c_alta_severidad,target,Examen_Glicemia (mg/dl),0.0,0.017370960413538163,0.005211288124061449,0.1759
target_c_alta_severidad,target,Antecedentes quirúrgicos Code_G,0.0030586249810247157,0.010199332281447693,0.005200837171151608,0.1759
target_c_alta_severidad,target,Procedimiento propuesto Code_V,0.003426138585913563,0.009182824925741557,0.005153144487861961,0.1759
target_c_alta_severidad,target,Antecedentes quirúrgicos Code_M,0.0013416811830204711,0.013598807588082362,0.005018819104539038,0.1759
target_c_alta_severidad,target,Antecedentes quirúrgicos Code_L,0.00328316877672874,0.008884703781774712,0.004963629278242531,0.1759
target_c_alta_severidad,target,Sistema cardiovascular_soplo,0.0,0.01614685848909592,0.004844057546728776,0.1759
target_c_alta_severidad,target,Sistema Respiratorio_auscultacion anormal,0.004242020442041028,0.006042149839807978,0.004782059261371112,0.1759
target_c_alta_severidad,target,score_proc_ant_critical,0.0033266443880632934,0.008014396243386783,0.00473296994466034,0.1759
target_c_alta_severidad,target,Sistema Nervioso_Sin dato,0.0018846634655245165,0.011263529072396384,0.004698323147586076,0.1759
target_c_alta_severidad,target,predicted_label_proc_ant_encoded,0.0017544269368756638,0.011489899212981235,0.004675068619707335,0.1759
target_c_alta_severidad,target,Antecedente endocrinológicos_diabetes,0.0,0.015485329468882215,0.0046455988406646645,0.1759
target_c_alta_severidad,target,Antecedentes quirúrgicos Code_S,0.002925469788953805,0.008635376627343084,0.004638441840470589,0.1759
target_c_alta_severidad,target,Procedimiento propuesto Code_Q,0.0014882373665543458,0.011674492358487441,0.004544113864134274,0.1759
target_c_alta_severidad,target,Procedimiento propuesto Code_M,0.0,0.015075522897793759,0.004522656869338127,0.1759
target_c_alta_severidad,target,Prótesis Dental_fija,0.001809313494034459,0.010524825177339851,0.004423966999026077,0.1759
target_c_alta_severidad,target,Apertura Visual_encoded,0.004696549134936445,0.0037781612578424036,0.004421032771808232,0.1759
target_c_alta_severidad,target,Antecedente neurológicos_neuropatia,2.3107815101841567e-05,0.014671401685961987,0.004417595976359885,0.1759
target_c_alta_severidad,target,Antecedente hematológicos _anticoagulantes,0.0,0.014535173245481758,0.004360551973644528,0.1759
target_c_alta_severidad,target,predicted_label_dx_encoded,0.0008757599765609747,0.012255106630836732,0.004289563972843702,0.1759
target_c_alta_severidad,target,Condición_fumador,0.0,0.014238958883956928,0.004271687665187078,0.1759
target_c_alta_severidad,target,Anestesia previa_conductiva,0.0,0.013884126880872578,0.004165238064261773,0.1759
target_c_alta_severidad,target,Dx Preoperatorio Code_W,0.0,0.013841923796190717,0.004152577138857215,0.1759
target_c_alta_severidad,target,Cuello Móvil_encoded,0.00245591007072421,0.007619536170072249,0.004004997900528622,0.1759
target_c_alta_severidad,target,RH_Negativo,0.0,0.013198966432499362,0.003959689929749808,0.1759
target_c_alta_severidad,target,Apertura Oral_encoded,0.0,0.012792143701834669,0.0038376431105504004,0.1759
target_c_alta_severidad,target,score_proc_ant_low_severity,0.00038018325429689526,0.011789920865554967,0.0038031045376743164,0.1759
target_c_alta_severidad,target,Sistema Respiratorio_disnea,0.00017669061995673196,0.01217645241768029,0.0037766191592737996,0.1759
target_c_alta_severidad,target,Anestesia previa_raquidea,0.0,0.012495109306891862,0.0037485327920675584,0.1759
target_c_alta_severidad,target,Examen_Na (meq/L),0.0005136848341611433,0.011165041311440548,0.0037090917773449647,0.1759
target_c_alta_severidad,target,Disnea_encoded,0.0,0.01217645241768029,0.003652935725304087,0.1759
target_c_alta_severidad,target,Anestesia previa_espinal,0.0,0.012075765880843331,0.0036227297642529993,0.1759
target_c_alta_severidad,target,Procedimiento propuesto Code_NO ENCONTRADO,0.0030924804726606414,0.004789216006969909,0.0036015011329534217,0.1759
target_c_alta_severidad,target,Antecedente hematológicos _discrasias,0.002240523387708526,0.0067551905099879055,0.00359492352439234,0.1759
target_c_alta_severidad,target,Procedimiento propuesto Code_P,0.0,0.011961045204742764,0.0035883135614228293,0.1759
target_c_alta_severidad,target,recalculado_flag,0.0,0.011904089491082818,0.003571226847324845,0.1759
target_c_alta_severidad,target,Dx Preoperatorio Code_J,0.0,0.011863976858052884,0.003559193057415865,0.1759
target_c_alta_severidad,target,Dx Preoperatorio Code_R,0.0,0.011770944357335125,0.0035312833072005372,0.1759
target_c_alta_severidad,target,Sistema Nervioso_normal,0.0,0.011692796582853264,0.003507838974855979,0.1759
target_c_alta_severidad,target,Procedimiento propuesto Code_nan,0.0021770403588723397,0.006310646226368792,0.003417122119121275,0.1759
target_c_alta_severidad,target,Procedimiento propuesto Code_C,0.0,0.011149320087388847,0.003344796026216654,0.1759
target_c_alta_severidad,target,Antecedente hematológicos _plavix,0.002668712216744362,0.00481105920011434,0.0033114163117553557,0.1759
target_c_alta_severidad,target,Sistema cardiovascular_otro,0.0004970299465161254,0.009748955867641438,0.003272607722853719,0.1759
target_c_alta_severidad,target,Arritmia_encoded,0.0007934789261219155,0.009012766053449273,0.003259265064320123,0.1759
target_c_alta_severidad,target,Examen_Leucocitos (ml),0.001114573386811868,0.007977364729175158,0.0031734107895208547,0.1759
target_c_alta_severidad,target,mes,0.0,0.010465121021774338,0.0031395363065323013,0.1759
target_c_alta_severidad,target,Grupo Sanguíneo_AB,0.0,0.01041611692719442,0.003124835078158326,0.1759
target_c_alta_severidad,target,Condición_hipertermia maligna,0.0018524659499814522,0.00604189687415402,0.0031092952272332225,0.1759
target_c_alta_severidad,target,Condición_alcohol,5.656053573122044e-05,0.01015884935780398,0.003087247182353048,0.1759
target_c_alta_severidad,target,Examen_K (meq/L),0.0,0.01027257427344523,0.003081772282033569,0.1759
target_c_alta_severidad,target,Alérgeno_med_opioides,0.0,0.010108847350756105,0.0030326542052268317,0.1759
target_c_alta_severidad,target,Sistema Nervioso_par craneal anormal,0.00012228106527767402,0.009675750047318929,0.0029883217598900506,0.1759
target_c_alta_severidad,target,Antecedente respiratorios_neumonia,0.00024961424985736613,0.009249881299622608,0.0029496943647869386,0.1759
target_c_alta_severidad,target,Color de Piel_normal,0.0030727867066262515,0.002364010537988836,0.0028601538560350265,0.1759
target_c_alta_severidad,target,Antecedentes cardiovasculares_cardiopatias,0.0009846069291192805,0.007231636773878615,0.002858715882547081,0.1759
target_c_alta_severidad,target,Alérgeno_suplementos,0.0,0.009167685507676557,0.002750305652302967,0.1759
target_c_alta_severidad,target,Procedimiento propuesto Code_H,0.000550858685850919,0.00787370031229763,0.002747711173784932,0.1759
target_c_alta_severidad,target,Dx Preoperatorio Code_L,0.0,0.009133631258814777,0.002740089377644433,0.1759
target_c_alta_severidad,target,Anestesia previa_bag,0.002409330516194741,0.0034895519668623107,0.0027333969513950117,0.1759
target_c_alta_severidad,target,Tipo de anestesia propuesta_bloqueo iv,0.0009996903465714357,0.006755190509987905,0.0027263403955963762,0.1759
target_c_alta_severidad,target,Dx Preoperatorio Code_B,0.0,0.008673808816976101,0.0026021426450928303,0.1759
target_c_alta_severidad,target,Antecedentes quirúrgicos Code_V,0.0,0.00864661718457947,0.002593985155373841,0.1759
target_c_alta_severidad,target,Anestesia previa_neuroaxial,7.234486532592399e-05,0.008454135323943046,0.0025868820029110607,0.1759
target_c_alta_severidad,target,Dx Preoperatorio Code_I,0.0,0.008442037257776558,0.0025326111773329675,0.1759
target_c_alta_severidad,target,Antecedentes cardiovasculares_angina,0.0031852836084163005,0.0008321259785552127,0.002479336319457974,0.1759
target_c_alta_severidad,target,Antecedente neurológicos_convulsiones,0.002420211786934745,0.002416541605628276,0.002419110732542804,0.1759
target_c_alta_severidad,target,Sistema Nervioso_agitado,0.0,0.007993191061060487,0.0023979573183181458,0.1759
target_c_alta_severidad,target,Antecedentes quirúrgicos Code_T,0.0,0.007873700312297637,0.002362110093689291,0.1759
target_c_alta_severidad,target,Antecedentes cardiovasculares_infarto,0.00034290010452830977,0.007030351752388095,0.0023491355988862453,0.1759
target_c_alta_severidad,target,Anestesia previa_bloqueo,0.0021272410014885335,0.00270021857949339,0.00229913427488999,0.1759
target_c_alta_severidad,target,Anestesia previa_desconocido,0.0011334582974029672,0.005010881786498804,0.002296685344131718,0.1759
target_c_alta_severidad,target,Anestesia previa_local,0.0,0.007453777368925106,0.002236133210677532,0.1759
target_c_alta_severidad,target,Alérgeno_med_antiinfecciosos,7.190048566219076e-05,0.007216262212550697,0.0022152090037287422,0.1759
target_c_alta_severidad,target,Alérgeno_ambiental_animales,0.0,0.007363258480103051,0.0022089775440309154,0.1759
target_c_alta_severidad,target,Antecedentes quirúrgicos Code_E,0.001398781067628363,0.0038961613222265744,0.0021479951440078263,0.1759
target_c_alta_severidad,target,Respuesta Motora_encoded,0.000763594255372757,0.0052956408152622795,0.002123208223339614,0.1759
target_c_alta_severidad,target,Antecedentes quirúrgicos Code_Q,0.0008849524591443281,0.004840875997823207,0.002071729520747992,0.1759
target_c_alta_severidad,target,Antecedente neurológicos_negativo,0.0020580133032395143,0.0020451708384672737,0.0020541605638078417,0.1759
target_c_alta_severidad,target,Dx Preoperatorio Code_Y,0.0015499652886945547,0.0031839851907689847,0.0020401712593168834,0.1759
target_c_alta_severidad,target,Antecedente gastrointestinales_falla hepatica,0.002392264397655497,0.0011504156729313152,0.0020197097802382422,0.1759
target_c_alta_severidad,target,Examen_PTT,0.0001859524605665186,0.0062218617153502916,0.0019967252370016505,0.1759
target_c_alta_severidad,target,Alérgeno_med_anestesia_y_relajantes,0.0008817105240457312,0.0038785119481617434,0.0017807509512805346,0.1759
target_c_alta_severidad,target,Alérgeno_otro,3.373298022046889e-05,0.005811283777727948,0.0017669982194727124,0.1759
target_c_alta_severidad,target,Antecedentes cardiovasculares_icc,0.0,0.005842696610988946,0.0017528089832966837,0.1759
target_c_alta_severidad,target,Talla (cm),0.00029390591581957004,0.005066241420457835,0.0017256065672110496,0.1759
target_c_alta_severidad,target,Antecedentes quirúrgicos Code_J,0.0007730627165574155,0.00374423295659746,0.001664413788569429,0.1759
target_c_alta_severidad,target,Antecedentes quirúrgicos Code_B,0.0,0.005519077054985496,0.0016557231164956489,0.1759
target_c_alta_severidad,target,Antecedente respiratorios_negativoneumonia,0.0,0.005232324298175609,0.0015696972894526826,0.1759
target_c_alta_severidad,target,Color de Piel_ictericia,0.0015933912140952966,0.0015003023338532831,0.0015654645500226927,0.1759
target_c_alta_severidad,target,Anestesia previa_regional,0.0014124799266101995,0.00188999964082052,0.0015557358408732956,0.1759
target_c_alta_severidad,target,Dx Preoperatorio Code_nan,0.0014854067647456226,0.0015133275809669224,0.0014937830096120124,0.1759
target_c_alta_severidad,target,Antecedente renales_infeccion urinaria,0.0,0.004968479838984875,0.0014905439516954624,0.1759
target_c_alta_severidad,target,Anestesia previa_general,0.0,0.004962363679741944,0.0014887091039225832,0.1759
target_c_alta_severidad,target,Antecedentes quirúrgicos Code_K,0.0,0.004780870960882201,0.0014342612882646602,0.1759
target_c_alta_severidad,target,Antecedente respiratorios_negativo,0.0015238465830085257,0.0012039120798917505,0.001427866232073493,0.1759
target_c_alta_severidad,target,Alérgeno_med_urologico,0.0,0.004684878745947521,0.0014054636237842563,0.1759
target_c_alta_severidad,target,Sistema Nervioso_sedado,0.0,0.00468487874594749,0.0014054636237842472,0.1759
target_c_alta_severidad,target,Alérgeno_med_analgesia_no_opioide,0.0,0.004674473054501911,0.0014023419163505732,0.1759
target_c_alta_severidad,target,Sistema Respiratorio_otro,0.0,0.004412005094603868,0.0013236015283811604,0.1759
target_c_alta_severidad,target,Angina_encoded,0.0,0.0042720835544464,0.00128162506633392,0.1759
target_c_alta_severidad,target,Alérgeno_med_alergias_respiratorio,0.00039145165618492683,0.003265976812413916,0.0012538092030536234,0.1759
target_c_alta_severidad,target,Alérgeno_med_neuro_psiquiatria,0.0,0.004139558041857452,0.0012418674125572356,0.1759
target_c_alta_severidad,target,Antecedente neurológicos_tce,0.0,0.004086236622931944,0.001225870986879583,0.1759
target_c_alta_severidad,target,Procedimiento propuesto Code_B,0.000629879574928216,0.0023640105379888502,0.0011501188638464062,0.1759
target_c_alta_severidad,target,Dx Preoperatorio Code_X,0.0003132079038197233,0.0030207546643929648,0.0011254719319916957,0.1759
target_c_alta_severidad,target,Sistema cardiovascular_ingurgitacion yugular,0.001344662793692164,0.0004796734393177523,0.0010851659873798403,0.1759
target_c_alta_severidad,target,Condición_vih,0.0,0.0034009864210936425,0.0010202959263280926,0.1759
target_c_alta_severidad,target,Hora_decimal,0.0,0.003323849214435635,0.0009971547643306904,0.1759
target_c_alta_severidad,target,Antecedentes quirúrgicos Code_P,0.0,0.0031839851907689617,0.0009551955572306885,0.1759
target_c_alta_severidad,target,Examen_P de O,0.0,0.0030207546643929604,0.0009062263993178881,0.1759
target_c_alta_severidad,target,Anestesia previa_topica,0.0,0.0030207546643929548,0.0009062263993178864,0.1759
target_c_alta_severidad,target,Color de Piel_palidez,0.0,0.003001953153131937,0.0009005859459395811,0.1759
target_c_alta_severidad,target,Antecedente endocrinológicos_tiroides,0.0,0.00290791420797512,0.000872374262392536,0.1759
target_c_alta_severidad,target,Anestesia previa_peridural,0.0,0.0028138696513774065,0.0008441608954132219,0.1759
target_c_alta_severidad,target,Anestesia previa_epidural,0.0,0.0027304845039479615,0.0008191453511843884,0.1759
target_c_alta_severidad,target,Sistema cardiovascular_pulso anormal,0.0003489920197319307,0.0018545358861747853,0.0008006551796647871,0.1759
target_c_alta_severidad,target,Color de Piel_cianosis,0.0,0.0025468365440226067,0.000764050963206782,0.1759
target_c_alta_severidad,target,Dx Preoperatorio Code_V,0.0,0.0025468365440225508,0.0007640509632067652,0.1759
target_c_alta_severidad,target,Alérgeno_contacto_hospitalario,0.0003867153818295499,0.0016087390084962854,0.0007533224698295705,0.1759
target_c_alta_severidad,target,Dx Preoperatorio Code_N,0.0,0.0023642226621549156,0.0007092667986464746,0.1759
target_c_alta_severidad,target,Antecedentes quirúrgicos Code_A,0.0,0.0023045252613930704,0.0006913575784179211,0.1759
target_c_alta_severidad,target,Temperatura,0.0,0.002215488443256132,0.0006646465329768396,0.1759
target_c_alta_severidad,target,dia_semana,0.0,0.0022023616241115037,0.000660708487233451,0.1759
target_c_alta_severidad,target,Atención_encoded,0.0,0.0021581371659236954,0.0006474411497771086,0.1759
target_c_alta_severidad,target,Alérgeno_onco_inmuno_vacunas,0.0,0.0021220656064689443,0.0006366196819406832,0.1759
target_c_alta_severidad,target,Frecuencia Respiratoria,0.000148821749685224,0.001476415742425327,0.0005470999475072548,0.1759
target_c_alta_severidad,target,Procedimiento propuesto Code_J,1.9750145557440035e-05,0.0017706276403156695,0.0005450133939849088,0.1759
target_c_alta_severidad,target,Antecedentes quirúrgicos Code_NO ENCONTRADO,0.0,0.0015466007909892814,0.0004639802372967844,0.1759
target_c_alta_severidad,target,Antecedentes quirúrgicos Code_nan,0.0,0.0015120948908798673,0.0004536284672639602,0.1759
target_c_alta_severidad,target,Procedimiento propuesto Code_K,0.0,0.001500302333853315,0.0004500907001559945,0.1759
target_c_alta_severidad,target,Antecedentes quirúrgicos Code_C,0.0,0.0014875887145627347,0.00044627661436882037,0.1759
target_c_alta_severidad,target,Alérgeno_med_cardio_renal_hemostasia,0.0,0.0014329745672119426,0.00042989237016358275,0.1759
target_c_alta_severidad,target,Antecedentes anestésicos,0.0,0.0013927375638384605,0.00041782126915153816,0.1759
target_c_alta_severidad,target,Condición_hepatitis b,0.0,0.0013641028090835804,0.0004092308427250741,0.1759
target_c_alta_severidad,target,Antecedente respiratorios_asma,0.0,0.0011671260901437554,0.0003501378270431266,0.1759
target_c_alta_severidad,target,Antecedente respiratorios_epoc,0.0,0.0010999927590718847,0.0003299978277215654,0.1759
target_c_alta_severidad,target,Antecedentes quirúrgicos Code_H,0.0,0.0007745527962906315,0.00023236583888718943,0.1759
target_c_alta_severidad,target,Antecedente gastrointestinales_rge,0.0,0.0005896564739672613,0.0001768969421901784,0.1759
target_c_alta_severidad,target,Procedimiento propuesto Code_T,0.0,0.0003871272959396037,0.0001161381887818811,0.1759
target_c_alta_severidad,target,Antecedentes cardiovasculares_arritmias,0.0,0.0001607753261688352,4.823259785065056e-05,0.1759
target_c_alta_severidad,target,Alérgeno_med_gastrointestinal,0.0,6.382472288090308e-05,1.914741686427092e-05,0.1759
target_c_alta_severidad,target,Dx Preoperatorio Code_T,0.0,9.946713880130287e-06,2.9840141640390858e-06,0.1759
target_d_eventos_adversos,target,Tipo de anestesia propuesta_sedacion,0.025881348290257344,0.21326707704071085,0.0820970669153934,0.4377
target_d_eventos_adversos,target,score_proc_critical,0.07273780995938539,0.08183377187846504,0.07546659853510929,0.4377
target_d_eventos_adversos,target,score_proc_high_severity,0.07086189164506629,0.05717749166999043,0.06675657165254353,0.4377
target_d_eventos_adversos,target,Tipo de anestesia propuesta_local,0.017891765860727826,0.1450973507695632,0.05605344133337843,0.4377
target_d_eventos_adversos,target,score_proc_medium_severity,0.06675672547912193,0.030430568053316353,0.05585887825138025,0.4377
target_d_eventos_adversos,target,score_proc_moderate_severity,0.07068343916536768,0.011034634430733709,0.05278879774497749,0.4377
target_d_eventos_adversos,target,Tipo de anestesia propuesta_raquidea,0.012117307118754583,0.1467863099723161,0.05251800797482303,0.4377
target_d_eventos_adversos,target,score_dx_high_severity,0.05920534282764445,0.031415832012022894,0.050868489582957976,0.4377
target_d_eventos_adversos,target,Tipo de anestesia propuesta_peridural,0.013256970173086025,0.13758021887249405,0.050553944782908436,0.4377
target_d_eventos_adversos,target,score_proc_low_severity,0.06668953511651665,0.0052112988473518715,0.048246064235767216,0.4377
target_d_eventos_adversos,target,score_dx_critical,0.0571240764991674,0.02322692028810501,0.04695492963584868,0.4377
target_d_eventos_adversos,target,score_dx_moderate_severity,0.056622223061175925,0.021662822503396056,0.046134402893841964,0.4377
target_d_eventos_adversos,target,score_dx_low_severity,0.05269378936514468,0.012002195074899179,0.04048631107807103,0.4377
target_d_eventos_adversos,target,Dx Preoperatorio Code_O,0.003891147121472649,0.12140838163954273,0.03914631747689367,0.4377
target_d_eventos_adversos,target,score_dx_medium_severity,0.0537279066107379,0.001841954661902773,0.038162121026087355,0.4377
target_d_eventos_adversos,target,Dx Preoperatorio Code_H,0.00012600561241971064,0.08792394724775501,0.0264653881030203,0.4377
target_d_eventos_adversos,target,Procedimiento propuesto Code_L,0.002215793322771775,0.07975617402527867,0.02547790753352384,0.4377
target_d_eventos_adversos,target,Examen_Hemoglobina(g/dl),0.004636554485388578,0.0640687557251018,0.022466214857302543,0.4377
target_d_eventos_adversos,target,RH_Sin Dato,0.006186890779908305,0.05644493449358566,0.02126430389401151,0.4377
target_d_eventos_adversos,target,Grupo Sanguíneo_Sin Dato,0.0027434365652652115,0.056171153279941106,0.018771751579667977,0.4377
target_d_eventos_adversos,target,RH_Positivo,0.0034649130716244425,0.05289180276553882,0.018292979979798753,0.4377
target_d_eventos_adversos,target,Grupo Sanguíneo_O,0.006205272708867726,0.04512676180377695,0.017881719437340494,0.4377
target_d_eventos_adversos,target,IMC,0.0014055424016550244,0.05571253884811713,0.017697641335593657,0.4377
target_d_eventos_adversos,target,anio,0.0013837901604760727,0.05557194993868607,0.01764023809393907,0.4377
target_d_eventos_adversos,target,predicted_label_proc_encoded,0.006875852275387118,0.04189396295629042,0.017381285479658108,0.4377
target_d_eventos_adversos,target,Dx Preoperatorio Code_A,0.001798605836138556,0.051790077735074,0.01679604740581919,0.4377
target_d_eventos_adversos,target,Antecedente renales_negativo,0.006819956813310046,0.039660486594945546,0.016672115747800694,0.4377
target_d_eventos_adversos,target,Dx Preoperatorio Code_Z,0.0,0.05297754901670203,0.015893264705010606,0.4377
target_d_eventos_adversos,target,Tensión Arterial Media (mm/Hg),0.006756326625845022,0.03719750868173865,0.01588868124261311,0.4377
target_d_eventos_adversos,target,Dx Preoperatorio Code_S,0.0,0.05260670190295008,0.015782010570885022,0.4377
target_d_eventos_adversos,target,Dx Preoperatorio Code_G,0.0016804166786426045,0.04772353557525178,0.015493352347625356,0.4377
target_d_eventos_adversos,target,Tensión Arterial Diastólica (mm/Hg),0.004043940503666965,0.03341649626854995,0.01285570723313186,0.4377
target_d_eventos_adversos,target,Antecedente renales_litiasis,0.0017873082193264889,0.03804945036021847,0.012665950861594083,0.4377
target_d_eventos_adversos,target,Estado Nutricional_encoded,0.0010926227815126754,0.03960506521593244,0.012646355511838604,0.4377
target_d_eventos_adversos,target,Abdomen_normal,0.0037217748100200065,0.03326611479534327,0.012585076805616985,0.4377
target_d_eventos_adversos,target,Antecedente hematológicos _negativo,0.0008432078485858252,0.03974802744902573,0.012514653728717797,0.4377
target_d_eventos_adversos,target,Abdomen_masas,0.008028102393763614,0.020217513168621797,0.011684925626221069,0.4377
target_d_eventos_adversos,target,Procedimiento propuesto Code_NO ENCONTRADO,0.0025301035171558794,0.03291533401114226,0.011645672665351792,0.4377
target_d_eventos_adversos,target,Procedimiento propuesto Code_S,0.0,0.036504501854004806,0.010951350556201441,0.4377
target_d_eventos_adversos,target,Puntaje Mallampati,0.0,0.03583076276334068,0.010749228829002203,0.4377
target_d_eventos_adversos,target,Tipo de anestesia propuesta_general,0.0053718338325403625,0.02325062271892358,0.010735470498455326,0.4377
target_d_eventos_adversos,target,Tipo de anestesia propuesta_sin dato,0.001288687905781627,0.03061711147372756,0.010087214976165406,0.4377
target_d_eventos_adversos,target,Antecedente hematológicos _aspirina,0.003236235565720058,0.025828289249302302,0.010013851670794731,0.4377
target_d_eventos_adversos,target,Antecedente hematológicos _transfusiones,0.0011725171964853676,0.030422033657985896,0.009947372134935526,0.4377
target_d_eventos_adversos,target,Examen_PT (INR),0.0,0.03227634032378351,0.009682902097135052,0.4377
target_d_eventos_adversos,target,Dx Preoperatorio Code_C,0.004279509513876567,0.022276861086814665,0.009678714985757996,0.4377
target_d_eventos_adversos,target,Peso (Kg),0.0,0.03198971792885988,0.009596915378657964,0.4377
target_d_eventos_adversos,target,Dx Preoperatorio Code_Q,0.0,0.031924537134176666,0.009577361140253,0.4377
target_d_eventos_adversos,target,Dx Preoperatorio Code_E,0.0,0.030404136985995103,0.009121241095798531,0.4377
target_d_eventos_adversos,target,Abdomen_distension,0.004700370321979674,0.019272333491911472,0.009071959272959213,0.4377
target_d_eventos_adversos,target,Dx Preoperatorio Code_D,0.0,0.02936307621790826,0.008808922865372477,0.4377
target_d_eventos_adversos,target,Tensión Arterial Sistólica (mm/Hg),0.0,0.029302113754403822,0.008790634126321147,0.4377
target_d_eventos_adversos,target,Procedimiento propuesto Code_E,0.0,0.02896336652470112,0.008689009957410336,0.4377
target_d_eventos_adversos,target,Grupo Sanguíneo_A,5.510729376356771e-05,0.028483231187432078,0.00858354446186412,0.4377
target_d_eventos_adversos,target,Anestesia previa_sedacion,0.001357669320924737,0.025085841963289654,0.008476121113634211,0.4377
target_d_eventos_adversos,target,Sistema Nervioso_normal,0.0,0.027834099058791827,0.008350229717637547,0.4377
target_d_eventos_adversos,target,Sistema Nervioso_Sin dato,0.0,0.027700666315906224,0.008310199894771867,0.4377
target_d_eventos_adversos,target,Procedimiento propuesto Code_G,0.0007745194355881502,0.025721307659223612,0.008258555902678788,0.4377
target_d_eventos_adversos,target,Procedimiento propuesto Code_P,0.0008951597266650957,0.024500674534816632,0.007976814169110556,0.4377
target_d_eventos_adversos,target,Dx Preoperatorio Code_P,0.002563421943073685,0.019696265798554772,0.007703275099718011,0.4377
target_d_eventos_adversos,target,Abdomen_otro,0.0,0.025484972715283407,0.007645491814585022,0.4377
target_d_eventos_adversos,target,Dx Preoperatorio Code_N,0.004587876511113809,0.014478508801675418,0.007555066198282291,0.4377
target_d_eventos_adversos,target,Dx Preoperatorio Code_L,0.004194213149112835,0.015293752971492176,0.007524075095826637,0.4377
target_d_eventos_adversos,target,Dx Preoperatorio Code_F,0.0,0.024181149855584397,0.007254344956675319,0.4377
target_d_eventos_adversos,target,Dx Preoperatorio Code_Y,0.0044654539711059815,0.013016696386679984,0.007030826695778182,0.4377
target_d_eventos_adversos,target,Antecedente renales_infeccion urinaria,0.0,0.023432463387353688,0.007029739016206106,0.4377
target_d_eventos_adversos,target,Grupo Sanguíneo_B,0.005454082463106857,0.009430764296029294,0.006647087012983588,0.4377
target_d_eventos_adversos,target,Prótesis Dental_movil,0.0,0.02213670626718844,0.006641011880156532,0.4377
target_d_eventos_adversos,target,Condición_embarazo actual,0.0,0.022131477460480786,0.006639443238144235,0.4377
target_d_eventos_adversos,target,Sexo_encoded,0.004637427279231776,0.011184487388186117,0.0066015453119180785,0.4377
target_d_eventos_adversos,target,Procedimiento propuesto Code_Q,0.0004091895716151761,0.020950158443777032,0.006571480233263733,0.4377
target_d_eventos_adversos,target,Edad,0.0,0.02182016083475537,0.006546048250426611,0.4377
target_d_eventos_adversos,target,Antecedente endocrinológicos_negativo,0.0018576172440303296,0.017180897883586586,0.006454601435897206,0.4377
target_d_eventos_adversos,target,Sistema cardiovascular_normal,0.008019470824331743,0.00259840426858772,0.006393150857608535,0.4377
target_d_eventos_adversos,target,Antecedente neurológicos_neoplasia,0.003225329734052096,0.013643555801815579,0.00635079755438114,0.4377
target_d_eventos_adversos,target,Antecedente neurológicos_trastorno psiquiatrico,0.0,0.020625034333480542,0.0061875103000441625,0.4377
target_d_eventos_adversos,target,Anestesia previa_peridural,0.0016811993259264746,0.016340965961655945,0.006079129316645315,0.4377
target_d_eventos_adversos,target,Antecedente hematológicos _anemia,0.0004298894450731616,0.019240502945111673,0.0060730734950847146,0.4377
target_d_eventos_adversos,target,Sistema Respiratorio_normal,0.0064466434553769325,0.0047899323501255165,0.005949630123801507,0.4377
target_d_eventos_adversos,target,Respuesta Motora_encoded,0.0018984292353056986,0.014739215794511137,0.00575066520306733,0.4377
target_d_eventos_adversos,target,score_proc_ant_critical,0.001937696096856678,0.014618506691970581,0.005741939275390849,0.4377
target_d_eventos_adversos,target,recalculado_flag,0.0,0.018932265826922194,0.005679679748076658,0.4377
target_d_eventos_adversos,target,Tipo de anestesia propuesta_bloqueo n,0.0,0.01837816556666454,0.005513449669999362,0.4377
target_d_eventos_adversos,target,score_proc_ant_moderate_severity,0.004307246220957683,0.008286688353747676,0.005501078860794681,0.4377
target_d_eventos_adversos,target,Alérgeno_med_antiinfecciosos,0.005193219351334877,0.006218833872889101,0.005500903707801144,0.4377
target_d_eventos_adversos,target,Antecedente gastrointestinales_rge,0.0,0.01832242450162205,0.005496727350486614,0.4377
target_d_eventos_adversos,target,Anestesia previa_neuroaxial,0.004430551012621908,0.007439095262268766,0.005333114287515966,0.4377
target_d_eventos_adversos,target,Antecedente neurológicos_negativo,0.005277157202905336,0.005214990863544518,0.00525850730109709,0.4377
target_d_eventos_adversos,target,Alérgeno_med_gastrointestinal,0.0028419324733079954,0.010893126565389271,0.005257290700932378,0.4377
target_d_eventos_adversos,target,Condición_alcohol,0.006788239940400231,0.0016450416897748582,0.005245280465212619,0.4377
target_d_eventos_adversos,target,Examen_Leucocitos (ml),0.004876551873621571,0.006030866598879733,0.0052228462911990195,0.4377
target_d_eventos_adversos,target,predicted_label_dx_encoded,0.001573270971597207,0.013714826694012746,0.005215737688321868,0.4377
target_d_eventos_adversos,target,Procedimiento propuesto Code_V,0.002972625874346546,0.010263055400672433,0.005159754732244312,0.4377
target_d_eventos_adversos,target,Procedimiento propuesto Code_nan,0.0,0.017077585050657124,0.005123275515197137,0.4377
target_d_eventos_adversos,target,score_proc_ant_low_severity,0.0025351630788301716,0.010336300484385462,0.004875504300496759,0.4377
target_d_eventos_adversos,target,Procedimiento propuesto Code_J,0.003998148346076924,0.006865705786845072,0.004858415578307369,0.4377
target_d_eventos_adversos,target,RH_Negativo,0.0,0.016162714866413352,0.004848814459924006,0.4377
target_d_eventos_adversos,target,Condición_testigo jehova,0.0,0.0161612660661863,0.00484837981985589,0.4377
target_d_eventos_adversos,target,Procedimiento propuesto Code_M,0.0034249140134134937,0.008036771437051265,0.004808471240504824,0.4377
target_d_eventos_adversos,target,Apertura Visual_encoded,0.0,0.015790032029068382,0.0047370096087205145,0.4377
target_d_eventos_adversos,target,Respuesta Verbal_encoded,0.0,0.015622569250600736,0.00468677077518022,0.4377
target_d_eventos_adversos,target,Arritmia_encoded,0.004064795647132691,0.005677619216671325,0.004548642717994281,0.4377
target_d_eventos_adversos,target,Antecedentes cardiovasculares_arritmias,0.0027457493465692373,0.0087402574141844,0.004544101766853786,0.4377
target_d_eventos_adversos,target,predicted_label_proc_ant_encoded,0.0,0.014760425337486402,0.004428127601245921,0.4377
target_d_eventos_adversos,target,Antecedente endocrinológicos_diabetes,0.0,0.01475707486381987,0.004427122459145961,0.4377
target_d_eventos_adversos,target,Color de Piel_ictericia,0.0,0.0146285834349496,0.00438857503048488,0.4377
target_d_eventos_adversos,target,Grupo Sanguíneo_AB,0.002861292230573742,0.007746368119393119,0.004326814997219555,0.4377
target_d_eventos_adversos,target,Atención_encoded,0.0,0.014172431389380926,0.004251729416814278,0.4377
target_d_eventos_adversos,target,Antecedente neurológicos_neuropatia,0.0,0.014102096771577234,0.00423062903147317,0.4377
target_d_eventos_adversos,target,Antecedentes quirúrgicos Code_M,0.0046151881164144815,0.002978539504262594,0.004124193532768915,0.4377
target_d_eventos_adversos,target,Dx Preoperatorio Code_NO ENCONTRADO,0.0,0.013741076443866088,0.004122322933159826,0.4377
target_d_eventos_adversos,target,Anestesia previa_espinal,0.0022971143296866003,0.008347354368885809,0.004112186341446363,0.4377
target_d_eventos_adversos,target,Sistema Nervioso_agitado,0.0035287669910895048,0.005301724346135656,0.00406065419760335,0.4377
target_d_eventos_adversos,target,Sistema cardiovascular_soplo,0.004760764896776015,0.002376992016172111,0.004045633032594843,0.4377
target_d_eventos_adversos,target,Anestesia previa_local,0.002800687069931529,0.006892119828879025,0.004028116897615778,0.4377
target_d_eventos_adversos,target,score_proc_ant_high_severity,0.0013096518084667608,0.01027270305709832,0.003998567183056229,0.4377
target_d_eventos_adversos,target,Procedimiento propuesto Code_C,0.0030906662002414542,0.006043757451378811,0.003976593575582661,0.4377
target_d_eventos_adversos,target,Tipo de anestesia propuesta_bloqueo iv,0.002614817397820657,0.0070071028528303015,0.00393250303432355,0.4377
target_d_eventos_adversos,target,Antecedentes quirúrgicos Code_A,0.0,0.013025310776945184,0.003907593233083555,0.4377
target_d_eventos_adversos,target,Temperatura,0.0,0.012842359420624845,0.0038527078261874534,0.4377
target_d_eventos_adversos,target,Alérgeno_med_urologico,0.0,0.012837420022740563,0.003851226006822169,0.4377
target_d_eventos_adversos,target,Antecedente respiratorios_negativoneumonia,0.0,0.01283742002274046,0.0038512260068221376,0.4377
target_d_eventos_adversos,target,Antecedente endocrinológicos_obesidad,0.00125944932114197,0.009725621345209372,0.0037993009283621903,0.4377
target_d_eventos_adversos,target,Antecedentes quirúrgicos Code_B,0.0,0.012660809494483893,0.003798242848345168,0.4377
target_d_eventos_adversos,target,Antecedentes cardiovasculares_negativo,0.002142722522772811,0.0071923423573195455,0.003657608473136831,0.4377
target_d_eventos_adversos,target,Examen_Hematocrito (%),0.0,0.012119437758094598,0.003635831327428379,0.4377
target_d_eventos_adversos,target,Color de Piel_normal,0.004289011179554381,0.0019620651697097803,0.0035909273766010002,0.4377
target_d_eventos_adversos,target,Antecedentes quirúrgicos Code_V,0.004110065472405333,0.002262656841430549,0.003555842883112898,0.4377
target_d_eventos_adversos,target,Antecedente respiratorios_neumonia,0.001991061923910298,0.007204222990091911,0.0035550102437647817,0.4377
target_d_eventos_adversos,target,Condición_hipertermia maligna,0.0,0.011539934825984054,0.003461980447795216,0.4377
target_d_eventos_adversos,target,Antecedentes quirúrgicos Code_K,0.0,0.011524432210205332,0.0034573296630615994,0.4377
target_d_eventos_adversos,target,Antecedente gastrointestinales_negativo,0.0018949583562828387,0.007079929817396598,0.0034504497946169664,0.4377
target_d_eventos_adversos,target,Antecedentes quirúrgicos Code_Q,0.0,0.011189559149006354,0.003356867744701906,0.4377
target_d_eventos_adversos,target,Alérgeno_med_opioides,0.0,0.0111515263132382,0.00334545789397146,0.4377
target_d_eventos_adversos,target,Anestesia previa_regional,0.0040636861741327746,0.0014126881885577502,0.0032683867784602675,0.4377
target_d_eventos_adversos,target,Dx Preoperatorio Code_I,0.0012286099831606556,0.007920277996099638,0.0032361103870423504,0.4377
target_d_eventos_adversos,target,Procedimiento propuesto Code_B,0.0008682665962795877,0.008599739858140942,0.003187708574837994,0.4377
target_d_eventos_adversos,target,Procedimiento propuesto Code_H,0.0038923091169111856,0.001160934110014875,0.003072896614842292,0.4377
target_d_eventos_adversos,target,Anestesia previa_conductiva,0.0,0.010187811287909078,0.0030563433863727233,0.4377
target_d_eventos_adversos,target,Apertura Oral_encoded,0.0,0.010130786191817323,0.003039235857545197,0.4377
target_d_eventos_adversos,target,Antecedentes cardiovasculares_icc,0.0,0.010122538616702809,0.0030367615850108425,0.4377
target_d_eventos_adversos,target,Dx Preoperatorio Code_J,0.0,0.010109657316004758,0.0030328971948014273,0.4377
target_d_eventos_adversos,target,Disnea_encoded,0.0014209258021213866,0.006765362173698082,0.0030242567135943953,0.4377
target_d_eventos_adversos,target,Prótesis Dental_no,0.0,0.00999663904110128,0.002998991712330384,0.4377
target_d_eventos_adversos,target,Antecedente neurológicos_tce,0.0,0.00998036753786673,0.002994110261360019,0.4377
target_d_eventos_adversos,target,Antecedentes quirúrgicos Code_P,0.0011043643328285668,0.007393787449669429,0.0029911912678808254,0.4377
target_d_eventos_adversos,target,Examen_Plaquetas (ml),0.0,0.009954194192693652,0.0029862582578080955,0.4377
target_d_eventos_adversos,target,Antecedentes quirúrgicos Code_J,0.0006361034639441598,0.008435032005186315,0.002975782026316806,0.4377
target_d_eventos_adversos,target,Dx Preoperatorio Code_W,0.00019754816118155993,0.009054693501205174,0.002854691763188644,0.4377
target_d_eventos_adversos,target,Sistema cardiovascular_ingurgitacion yugular,0.0,0.00947493936136208,0.0028424818084086243,0.4377
target_d_eventos_adversos,target,Anestesia previa_topica,0.0015546652506472913,0.005769597309994338,0.0028191448684514054,0.4377
target_d_eventos_adversos,target,Anestesia previa_bag,0.0,0.009383832452701343,0.002815149735810403,0.4377
target_d_eventos_adversos,target,Dx Preoperatorio Code_X,0.0014987429585964218,0.0057695973099943145,0.0027799992640157893,0.4377
target_d_eventos_adversos,target,Prótesis Dental_fija,0.00010392527230251858,0.008827863225361198,0.002721106658220122,0.4377
target_d_eventos_adversos,target,Alérgeno_med_neuro_psiquiatria,0.0018400621534102601,0.004615488165664252,0.0026726899570864576,0.4377
target_d_eventos_adversos,target,Antecedentes cardiovasculares_hta,0.0,0.008808266442743459,0.0026424799328230377,0.4377
target_d_eventos_adversos,target,Antecedente endocrinológicos_tiroides,0.0,0.008748894213814248,0.0026246682641442743,0.4377
target_d_eventos_adversos,target,mes,0.002291056671477776,0.0033986627946102537,0.0026233385084175193,0.4377
target_d_eventos_adversos,target,Antecedente respiratorios_epoc,0.001268662917226715,0.005676743119580106,0.002591086977932732,0.4377
target_d_eventos_adversos,target,score_proc_ant_medium_severity,0.001272869347417771,0.005632426960056438,0.002580736631209371,0.4377
target_d_eventos_adversos,target,Antecedente hematológicos _anticoagulantes,0.0019692609640582504,0.003912559871979882,0.00255225063643474,0.4377
target_d_eventos_adversos,target,Sistema Respiratorio_auscultacion anormal,0.0,0.008286728878073715,0.002486018663422114,0.4377
target_d_eventos_adversos,target,Sistema Respiratorio_disnea,0.0006075702322607679,0.006765362173698082,0.002454907814691962,0.4377
target_d_eventos_adversos,target,Angina_encoded,0.0,0.008159617222260487,0.002447885166678146,0.4377
target_d_eventos_adversos,target,Dx Preoperatorio Code_T,0.0029309514853035346,0.0013090607574645842,0.002444384266951849,0.4377
target_d_eventos_adversos,target,Examen_Na (meq/L),0.0,0.008126668584786573,0.002438000575435972,0.4377
target_d_eventos_adversos,target,Condición_farmacodependencia,0.0,0.008063261338068357,0.002418978401420507,0.4377
target_d_eventos_adversos,target,Anestesia previa_desconocido,0.0013775662578321413,0.004681042368428674,0.002368609091011101,0.4377
target_d_eventos_adversos,target,Antecedentes quirúrgicos Code_nan,0.001237518363726542,0.004783309557139238,0.0023012557217503508,0.4377
target_d_eventos_adversos,target,Condición_fumador,0.0006093471271457762,0.006237995608514698,0.0022979416715564528,0.4377
target_d_eventos_adversos,target,Examen_P de O,0.0,0.007411370970638429,0.0022234112911915286,0.4377
target_d_eventos_adversos,target,Talla (cm),0.00016868276007975247,0.006810629627923152,0.0021612668204327723,0.4377
target_d_eventos_adversos,target,Examen_Glicemia (mg/dl),0.0,0.007125698421580468,0.0021377095264741405,0.4377
target_d_eventos_adversos,target,Antecedente renales_falla renal,0.0020993889212037598,0.0021683835486748394,0.002120087309445084,0.4377
target_d_eventos_adversos,target,Dx Preoperatorio Code_K,0.0008390837649117078,0.005048571506399598,0.002101930087358075,0.4377
target_d_eventos_adversos,target,Sistema Nervioso_par craneal anormal,0.0,0.006983039779400882,0.0020949119338202647,0.4377
target_d_eventos_adversos,target,Antecedente neurológicos_convulsiones,0.0,0.00678793912495029,0.002036381737485087,0.4377
target_d_eventos_adversos,target,Antecedentes quirúrgicos Code_NO ENCONTRADO,0.002015316385818533,0.0018926054338186532,0.001978503100218569,0.4377
target_d_eventos_adversos,target,Cuello Móvil_encoded,0.0,0.00643198682728524,0.0019295960481855719,0.4377
target_d_eventos_adversos,target,Anestesia previa_peribulbar,0.000698323033386794,0.004663429544407002,0.0018878549866928566,0.4377
target_d_eventos_adversos,target,Antecedentes quirúrgicos Code_E,0.0,0.006273459528976844,0.0018820378586930533,0.4377
target_d_eventos_adversos,target,Examen_PTT,0.0008191274136470916,0.004328910574453152,0.0018720623618889095,0.4377
target_d_eventos_adversos,target,Condición_vih,0.0,0.00618119363029812,0.0018543580890894359,0.4377
target_d_eventos_adversos,target,dia_semana,0.0021425726173123216,0.0010852342536676876,0.0018253711082189313,0.4377
target_d_eventos_adversos,target,Antecedentes quirúrgicos Code_L,0.00047996118118343034,0.004943550897985094,0.0018190380962239295,0.4377
target_d_eventos_adversos,target,Alérgeno_suplementos,0.0,0.00597477194803987,0.0017924315844119608,0.4377
target_d_eventos_adversos,target,Anestesia previa_epidural,0.0,0.005925964290423543,0.001777789287127063,0.4377
target_d_eventos_adversos,target,Sistema Nervioso_sedado,0.00014632365885347554,0.005227059006978112,0.0016705442632908663,0.4377
target_d_eventos_adversos,target,Procedimiento propuesto Code_A,7.900533397298126e-05,0.0050322885815612456,0.0015649903082494605,0.4377
target_d_eventos_adversos,target,Hora_decimal,0.0,0.0051917929866262995,0.00155753789598789,0.4377
target_d_eventos_adversos,target,Sistema cardiovascular_pulso anormal,0.0,0.005173046669343499,0.0015519140008030496,0.4377
target_d_eventos_adversos,target,Antecedente gastrointestinales_gastritis,0.0006849188264119732,0.0035422059288426288,0.0015421049571411698,0.4377
target_d_eventos_adversos,target,Color de Piel_cianosis,0.0,0.004949027925151573,0.001484708377545472,0.4377
target_d_eventos_adversos,target,Sistema Respiratorio_otro,0.0,0.004767521564255622,0.0014302564692766865,0.4377
target_d_eventos_adversos,target,Antecedentes anestésicos,0.0,0.004680485200558168,0.0014041455601674503,0.4377
target_d_eventos_adversos,target,Procedimiento propuesto Code_K,0.0,0.00466342954440688,0.0013990288633220639,0.4377
target_d_eventos_adversos,target,Antecedente respiratorios_negativo,0.0,0.004561329653688295,0.0013683988961064883,0.4377
target_d_eventos_adversos,target,Antecedente hematológicos _plavix,0.0014695087234095627,0.0009848096761229778,0.0013240990092235872,0.4377
target_d_eventos_adversos,target,Antecedente respiratorios_asma,0.0,0.00425270854985452,0.001275812564956356,0.4377
target_d_eventos_adversos,target,Dx Preoperatorio Code_nan,0.0009897698533714028,0.0018584027936199116,0.0012503597354459554,0.4377
target_d_eventos_adversos,target,Examen_K (meq/L),0.0,0.004085914735603339,0.0012257744206810018,0.4377
target_d_eventos_adversos,target,Alérgeno_contacto_hospitalario,0.0,0.004084491632412093,0.0012253474897236279,0.4377
target_d_eventos_adversos,target,Antecedentes quirúrgicos Code_C,0.0,0.003818020534615752,0.0011454061603847255,0.4377
target_d_eventos_adversos,target,Anestesia previa_general,0.0,0.0037376092241989713,0.0011212827672596912,0.4377
target_d_eventos_adversos,target,Dx Preoperatorio Code_M,0.0012774361812015744,0.0007148978054802388,0.0011086746684851737,0.4377
target_d_eventos_adversos,target,Alérgeno_med_anestesia_y_relajantes,0.0,0.0036916726686070157,0.0011075018005821046,0.4377
target_d_eventos_adversos,target,Dx Preoperatorio Code_R,0.0007503828195836171,0.0019069492266653649,0.0010973527417081413,0.4377
target_d_eventos_adversos,target,Procedimiento propuesto Code_T,0.0,0.0033707142502579575,0.0010112142750773872,0.4377
target_d_eventos_adversos,target,Color de Piel_palidez,0.0,0.003130989723364264,0.0009392969170092792,0.4377
target_d_eventos_adversos,target,Alérgeno_med_alergias_respiratorio,0.0,0.0031261057412621525,0.0009378317223786457,0.4377
target_d_eventos_adversos,target,Antecedentes quirúrgicos Code_S,0.0,0.003122626387314466,0.0009367879161943397,0.4377
target_d_eventos_adversos,target,Alérgeno_onco_inmuno_vacunas,0.0,0.00307233132735685,0.000921699398207055,0.4377
target_d_eventos_adversos,target,Condición_ninguna,0.0,0.003022346309348928,0.0009067038928046783,0.4377
target_d_eventos_adversos,target,Dx Preoperatorio Code_V,0.0005029744475133491,0.0016418789756809332,0.0008446458059636242,0.4377
target_d_eventos_adversos,target,Alérgeno_med_analgesia_no_opioide,0.0,0.0027470473958386495,0.0008241142187515948,0.4377
target_d_eventos_adversos,target,Antecedentes cardiovasculares_cardiopatias,0.0,0.002724739983303232,0.0008174219949909696,0.4377
target_d_eventos_adversos,target,Condición_hepatitis b,0.0,0.0025245124922165033,0.000757353747664951,0.4377
target_d_eventos_adversos,target,Antecedentes cardiovasculares_valvulopatia,0.0,0.0023769920161722576,0.0007130976048516773,0.4377
target_d_eventos_adversos,target,Frecuencia Respiratoria,0.0002365213478907613,0.0016921251017594375,0.000673202474051364,0.4377
target_d_eventos_adversos,target,Anestesia previa_raquidea,0.0,0.0021031913350117682,0.0006309574005035304,0.4377
target_d_eventos_adversos,target,Alérgeno_otro,0.0003680486032784369,0.0009470920606828671,0.0005417616404997659,0.4377
target_d_eventos_adversos,target,Alérgeno_med_cardio_renal_hemostasia,0.0,0.0017441959069483069,0.000523258772084492,0.4377
target_d_eventos_adversos,target,Sistema cardiovascular_otro,0.0,0.0013602690985747865,0.00040808072957243595,0.4377
target_d_eventos_adversos,target,Antecedentes quirúrgicos Code_H,0.0,0.0013602690985747847,0.0004080807295724354,0.4377
target_d_eventos_adversos,target,Antecedentes quirúrgicos Code_T,0.0,0.001160934110014868,0.0003482802330044604,0.4377
target_d_eventos_adversos,target,Antecedente hematológicos _discrasias,0.0,0.0011118904483716338,0.0003335671345114901,0.4377
target_d_eventos_adversos,target,Antecedente gastrointestinales_falla hepatica,0.0,0.0005529450906135769,0.00016588352718407306,0.4377
target_d_eventos_adversos,target,Antecedentes cardiovasculares_angina,0.0,0.00046069146378357713,0.00013820743913507314,0.4377
target_d_eventos_adversos,target,Antecedentes cardiovasculares_infarto,0.00014359082413295532,0.00010517424913695388,0.00013206585163415488,0.4377
target_d_eventos_adversos,target,Antecedentes quirúrgicos Code_G,0.0,0.00031472732323277903,9.44181969698337e-05,0.4377
target_d_eventos_adversos,target,Dx Preoperatorio Code_B,0.0,0.0002539356259760622,7.618068779281866e-05,0.4377
target_d_eventos_adversos,target,Anestesia previa_bloqueo,0.0,0.00015574414401676035,4.6723243205028104e-05,0.4377
target_d_eventos_adversos,target,Alérgeno_ambiental_animales,0.0,0.0001377778643922254,4.133335931766762e-05,0.4377
target_d_eventos_adversos,target,Alérgeno_alimentos,0.0,3.710840715278881e-05,1.1132522145836643e-05,0.4377
target_e_alta_senal,target,score_proc_critical,0.07620871395695694,0.049954528613859475,0.0683324583540277,0.4023
target_e_alta_senal,target,Tipo de anestesia propuesta_raquidea,0.015476451943013947,0.1887393291541335,0.0674553151063498,0.4023
target_e_alta_senal,target,score_proc_high_severity,0.07899715351497516,0.0320656525958297,0.06491770323923152,0.4023
target_e_alta_senal,target,Tipo de anestesia propuesta_sedacion,0.016077818442202796,0.16929146908052214,0.0620419136336986,0.4023
target_e_alta_senal,target,score_proc_low_severity,0.08037914821135206,0.013097489336926216,0.0601946505490243,0.4023
target_e_alta_senal,target,Tipo de anestesia propuesta_peridural,0.011892256688464498,0.15243441909039554,0.054054905409043806,0.4023
target_e_alta_senal,target,score_proc_medium_severity,0.07223497774990717,0.008745148937574587,0.053188029106207395,0.4023
target_e_alta_senal,target,score_proc_moderate_severity,0.07345694903728961,0.004571832823871036,0.05279141417326404,0.4023
target_e_alta_senal,target,score_dx_low_severity,0.05364990883833953,0.038604107027230675,0.04913616829500687,0.4023
target_e_alta_senal,target,score_dx_critical,0.057988326884284236,0.02507202286088024,0.04811343567726303,0.4023
target_e_alta_senal,target,score_dx_medium_severity,0.050415438288723635,0.037680685692039216,0.04659501250971831,0.4023
target_e_alta_senal,target,score_dx_moderate_severity,0.053740820347710105,0.020140837703169972,0.04366082555434806,0.4023
target_e_alta_senal,target,score_dx_high_severity,0.0609580549022497,0.001576743464106072,0.04314366147080661,0.4023
target_e_alta_senal,target,Dx Preoperatorio Code_O,0.0077761041258099795,0.12209969836093691,0.04207318239634806,0.4023
target_e_alta_senal,target,Dx Preoperatorio Code_K,0.0062172903552946135,0.07546321985676781,0.02699106920573657,0.4023
target_e_alta_senal,target,Edad,0.007355774547986194,0.07206095066554426,0.02676732738325361,0.4023
target_e_alta_senal,target,Tipo de anestesia propuesta_local,0.006303088891016495,0.07274054944726935,0.02623432705789235,0.4023
target_e_alta_senal,target,Tipo de anestesia propuesta_bloqueo n,0.007500949530379941,0.06596444318109493,0.025039997625594435,0.4023
target_e_alta_senal,target,Examen_Hemoglobina(g/dl),0.0,0.08095917354468372,0.024287752063405117,0.4023
target_e_alta_senal,target,Tensión Arterial Sistólica (mm/Hg),0.006869849250990656,0.0638238631499776,0.023956053420686737,0.4023
target_e_alta_senal,target,Procedimiento propuesto Code_L,0.0,0.07599430553758107,0.022798291661274322,0.4023
target_e_alta_senal,target,IMC,0.001842753739146774,0.07095174286578576,0.02257545047713847,0.4023
target_e_alta_senal,target,Antecedentes cardiovasculares_hta,0.0037736268295831543,0.06612576298474161,0.02247926767613069,0.4023
target_e_alta_senal,target,Antecedente endocrinológicos_diabetes,0.0006259549857177138,0.07314711305592349,0.022382302406779443,0.4023
target_e_alta_senal,target,Prótesis Dental_movil,0.0,0.07385660857745655,0.022156982573236964,0.4023
target_e_alta_senal,target,Prótesis Dental_no,0.009049751607787204,0.05161963579151477,0.021820716862905473,0.4023
target_e_alta_senal,target,Tensión Arterial Media (mm/Hg),0.004906470461300216,0.059552010172188426,0.02130013237456668,0.4023
target_e_alta_senal,target,Grupo Sanguíneo_Sin Dato,0.005711802016462819,0.05498235021761723,0.020492966476809142,0.4023
target_e_alta_senal,target,Antecedentes cardiovasculares_negativo,2.9421757584024988e-05,0.06393233405699181,0.01920029544740636,0.4023
target_e_alta_senal,target,Estado Nutricional_encoded,0.004119671823469728,0.05217943376317641,0.01853760040538173,0.4023
target_e_alta_senal,target,Dx Preoperatorio Code_Z,0.0035289426100539867,0.05020671835160927,0.01753227533252057,0.4023
target_e_alta_senal,target,RH_Sin Dato,0.0006020965038409098,0.05308117151650373,0.016345819007639754,0.4023
target_e_alta_senal,target,Antecedente hematológicos _negativo,0.004703579582456818,0.04270203335175702,0.01610311571324688,0.4023
target_e_alta_senal,target,Dx Preoperatorio Code_G,0.005180336559686305,0.04144805896757483,0.01606065328205286,0.4023
target_e_alta_senal,target,RH_Positivo,0.0012191238160899065,0.04978573224248918,0.01578910634400969,0.4023
target_e_alta_senal,target,Tensión Arterial Diastólica (mm/Hg),0.003795435221439991,0.04142138174770664,0.015083219179319984,0.4023
target_e_alta_senal,target,Antecedente renales_negativo,0.006001826367807217,0.03564780553624042,0.014895620118337177,0.4023
target_e_alta_senal,target,Dx Preoperatorio Code_A,0.0,0.04886164752994617,0.014658494258983851,0.4023
target_e_alta_senal,target,Tipo de anestesia propuesta_sin dato,0.0,0.04870755655742927,0.01461226696722878,0.4023
target_e_alta_senal,target,Dx Preoperatorio Code_C,0.0,0.04656082951460495,0.013968248854381483,0.4023
target_e_alta_senal,target,Antecedente endocrinológicos_negativo,0.0,0.04633274193648679,0.013899822580946035,0.4023
target_e_alta_senal,target,Grupo Sanguíneo_O,0.0008398195877681314,0.0422770686849387,0.013270994316919301,0.4023
target_e_alta_senal,target,Antecedente hematológicos _aspirina,0.0009340268854574063,0.041545992745490125,0.01311761664346722,0.4023
target_e_alta_senal,target,Tipo de anestesia propuesta_general,0.006945993262684302,0.026953992345185005,0.012948392987434512,0.4023
target_e_alta_senal,target,Sistema Nervioso_normal,0.0007020944363702597,0.03840294415420321,0.012012349351720145,0.4023
target_e_alta_senal,target,Examen_PT (INR),0.0,0.03903918370168837,0.011711755110506511,0.4023
target_e_alta_senal,target,Sistema Nervioso_Sin dato,0.0,0.03819186022526516,0.011457558067579547,0.4023
target_e_alta_senal,target,Dx Preoperatorio Code_H,0.004186356375444511,0.027741749392955494,0.011252974280697806,0.4023
target_e_alta_senal,target,Procedimiento propuesto Code_C,0.0011222093353338014,0.03432866067310226,0.01108414473666434,0.4023
target_e_alta_senal,target,Peso (Kg),0.0004466258953697011,0.03425959493848152,0.010590516608303248,0.4023
target_e_alta_senal,target,Condición_ninguna,0.00910653088421376,0.013997598237216712,0.010573851090114644,0.4023
target_e_alta_senal,target,anio,0.0010585802612819162,0.03255604653463171,0.010507820143286856,0.4023
target_e_alta_senal,target,Antecedente renales_litiasis,0.002513846025309574,0.02779678977163498,0.010098729149207196,0.4023
target_e_alta_senal,target,Procedimiento propuesto Code_G,0.0,0.0332604569277624,0.00997813707832872,0.4023
target_e_alta_senal,target,Dx Preoperatorio Code_F,0.0017395222273732802,0.027846181082375375,0.009571519883873909,0.4023
target_e_alta_senal,target,Dx Preoperatorio Code_S,0.0011493415059289358,0.028998055956010182,0.00950395584095331,0.4023
target_e_alta_senal,target,Grupo Sanguíneo_A,0.0,0.031111693345458796,0.009333508003637638,0.4023
target_e_alta_senal,target,Puntaje Mallampati,0.0,0.030775550720629284,0.009232665216188785,0.4023
target_e_alta_senal,target,Dx Preoperatorio Code_E,0.002968558533696708,0.023344197990830224,0.009081250370836763,0.4023
target_e_alta_senal,target,Anestesia previa_espinal,0.004822620717516601,0.018987022788157566,0.00907194133870889,0.4023
target_e_alta_senal,target,recalculado_flag,0.0026755962021332014,0.023355356819913346,0.008879524387467246,0.4023
target_e_alta_senal,target,Antecedente gastrointestinales_gastritis,0.00447114348711275,0.018775707556495654,0.008762512707927621,0.4023
target_e_alta_senal,target,Examen_PTT,0.0025371566561323,0.023058044148060265,0.008693422903710689,0.4023
target_e_alta_senal,target,predicted_label_dx_encoded,0.004420613904571047,0.01844296231017927,0.008627318426253514,0.4023
target_e_alta_senal,target,Procedimiento propuesto Code_B,0.003437692537381132,0.020706032282385295,0.00861819446088238,0.4023
target_e_alta_senal,target,Examen_Hematocrito (%),0.0024511964020177412,0.022765760648472192,0.008545565675954075,0.4023
target_e_alta_senal,target,score_proc_ant_moderate_severity,0.0031902651477022648,0.02096484320318077,0.008522638564345816,0.4023
target_e_alta_senal,target,Condición_embarazo actual,0.0,0.027541570699372735,0.00826247120981182,0.4023
target_e_alta_senal,target,Talla (cm),0.005144852322888749,0.014927586609389344,0.008079672608838927,0.4023
target_e_alta_senal,target,score_proc_ant_medium_severity,0.003532920899373515,0.01865606702973993,0.008069864738483439,0.4023
target_e_alta_senal,target,Antecedente neurológicos_neuropatia,0.005393130106965183,0.014176690322107464,0.008028198171507867,0.4023
target_e_alta_senal,target,Temperatura,0.00764510104983529,0.008754926313561376,0.007978048628953115,0.4023
target_e_alta_senal,target,Abdomen_masas,0.0,0.025576385822866105,0.0076729157468598316,0.4023
target_e_alta_senal,target,Color de Piel_normal,0.005134628662896601,0.013488025848204094,0.007640647818488848,0.4023
target_e_alta_senal,target,Alérgeno_alimentos,0.004255776276486545,0.015195168901895685,0.007537594064109286,0.4023
target_e_alta_senal,target,Dx Preoperatorio Code_M,0.0,0.024935904274978434,0.00748077128249353,0.4023
target_e_alta_senal,target,predicted_label_proc_encoded,0.00022057685615117784,0.024289092595233056,0.007441131577875741,0.4023
target_e_alta_senal,target,Antecedente neurológicos_negativo,0.004811003420321702,0.013524095951577417,0.007424931179698417,0.4023
target_e_alta_senal,target,Antecedente renales_infeccion urinaria,0.0010300377697063379,0.022109698748923302,0.007353936063471427,0.4023
target_e_alta_senal,target,Dx Preoperatorio Code_D,0.00025084025404642496,0.023368181653846676,0.0071860426739865,0.4023
target_e_alta_senal,target,Procedimiento propuesto Code_P,0.0009087571385164583,0.02178403854335621,0.007171341559968384,0.4023
target_e_alta_senal,target,Sistema cardiovascular_normal,0.00017554002709996297,0.02271238157021453,0.006936592490034333,0.4023
target_e_alta_senal,target,Antecedente endocrinológicos_obesidad,0.0032998624799460696,0.014965631010960113,0.0067995930392502815,0.4023
target_e_alta_senal,target,Procedimiento propuesto Code_M,0.0,0.022467472970224944,0.006740241891067483,0.4023
target_e_alta_senal,target,Procedimiento propuesto Code_A,0.009034206989552374,0.0012619284093876727,0.006702523415502963,0.4023
target_e_alta_senal,target,Condición_hepatitis b,0.00514023686767251,0.010249353758328743,0.00667297193486938,0.4023
target_e_alta_senal,target,Antecedente neurológicos_convulsiones,0.0053577859228679525,0.009709021012358331,0.0066631564497150655,0.4023
target_e_alta_senal,target,Abdomen_normal,0.0,0.021959263455431647,0.006587779036629494,0.4023
target_e_alta_senal,target,Dx Preoperatorio Code_Q,0.0034360192516644794,0.013801783590624566,0.006545748553352505,0.4023
target_e_alta_senal,target,Anestesia previa_sedacion,0.0,0.021461264939063456,0.006438379481719036,0.4023
target_e_alta_senal,target,Dx Preoperatorio Code_J,0.0011063690277048899,0.01886152576919358,0.006432916050151497,0.4023
target_e_alta_senal,target,Arritmia_encoded,0.0032355139091635454,0.013642135335686954,0.006357500337120568,0.4023
target_e_alta_senal,target,Color de Piel_ictericia,0.0017910141632047072,0.016050924272574423,0.006068987196015622,0.4023
target_e_alta_senal,target,Examen_Glicemia (mg/dl),0.0005501662985272215,0.01881653972480239,0.006030078326409772,0.4023
target_e_alta_senal,target,Antecedente hematológicos _transfusiones,0.0,0.019967471389851787,0.0059902414169555355,0.4023
target_e_alta_senal,target,Antecedente hematológicos _anticoagulantes,0.002328815953517971,0.014350663178972854,0.005935370121154436,0.4023
target_e_alta_senal,target,Procedimiento propuesto Code_nan,0.002799291550835914,0.012984749288477503,0.00585492887212839,0.4023
target_e_alta_senal,target,Anestesia previa_raquidea,0.0,0.019290532848373357,0.005787159854512007,0.4023
target_e_alta_senal,target,Grupo Sanguíneo_B,0.004347512430249001,0.009128006692216632,0.00578166070883929,0.4023
target_e_alta_senal,target,Sistema cardiovascular_otro,0.0006629170981304888,0.017281334191331,0.005648442226090642,0.4023
target_e_alta_senal,target,Anestesia previa_peribulbar,0.0033355359832176745,0.011009926153128045,0.005637853034190786,0.4023
target_e_alta_senal,target,Anestesia previa_conductiva,0.0,0.01814125570163821,0.005442376710491463,0.4023
target_e_alta_senal,target,Examen_Na (meq/L),0.0009256162780097998,0.015941487992800936,0.005430377792447141,0.4023
target_e_alta_senal,target,Examen_K (meq/L),0.0,0.01798481499744866,0.005395444499234598,0.4023
target_e_alta_senal,target,Antecedente respiratorios_epoc,0.0,0.017722490892264745,0.005316747267679423,0.4023
target_e_alta_senal,target,Anestesia previa_regional,0.004432664689423937,0.0073292596625498104,0.005301643181361699,0.4023
target_e_alta_senal,target,Antecedente neurológicos_trastorno psiquiatrico,0.0,0.017653093001502564,0.005295927900450769,0.4023
target_e_alta_senal,target,Sistema cardiovascular_pulso anormal,0.0050371592166402746,0.005830530041459736,0.0052751704640861125,0.4023
target_e_alta_senal,target,Examen_Plaquetas (ml),0.0,0.017441754992742777,0.005232526497822833,0.4023
target_e_alta_senal,target,Sistema Respiratorio_auscultacion anormal,0.0015972812525018032,0.013659463536111055,0.005215935937584579,0.4023
target_e_alta_senal,target,Dx Preoperatorio Code_R,0.0,0.0173135175119123,0.00519405525357369,0.4023
target_e_alta_senal,target,Sistema cardiovascular_ingurgitacion yugular,0.0035370278594237803,0.008959792243838595,0.005163857174748225,0.4023
target_e_alta_senal,target,Procedimiento propuesto Code_S,0.0009765299213417844,0.014828926035660746,0.005132248755637473,0.4023
target_e_alta_senal,target,Abdomen_distension,0.0,0.01677554213774227,0.005032662641322681,0.4023
target_e_alta_senal,target,Alérgeno_med_opioides,0.003643570138372576,0.008231605681745609,0.005019980801384486,0.4023
target_e_alta_senal,target,Antecedentes cardiovasculares_infarto,0.003662600370940572,0.007703809117237955,0.004874962994829786,0.4023
target_e_alta_senal,target,Antecedente neurológicos_neoplasia,0.00021194342681285505,0.015572718306256356,0.0048201758906459054,0.4023
target_e_alta_senal,target,Sistema Respiratorio_normal,0.00359242829361639,0.007604359456269415,0.004796007642412297,0.4023
target_e_alta_senal,target,Dx Preoperatorio Code_I,0.0035861949563193996,0.007547580362998175,0.004774610578323032,0.4023
target_e_alta_senal,target,Antecedente gastrointestinales_rge,0.0,0.015354752146071605,0.004606425643821481,0.4023
target_e_alta_senal,target,Anestesia previa_desconocido,0.003913525327901235,0.006211635009476715,0.004602958232373879,0.4023
target_e_alta_senal,target,mes,0.003120432331021883,0.007884837562907449,0.004549753900587553,0.4023
target_e_alta_senal,target,RH_Negativo,0.0,0.015051087785994448,0.0045153263357983345,0.4023
target_e_alta_senal,target,Antecedentes quirúrgicos Code_E,0.004146768272150325,0.005091376142133913,0.0044301506331454014,0.4023
target_e_alta_senal,target,Sistema cardiovascular_soplo,0.0,0.014662111325908472,0.004398633397772541,0.4023
target_e_alta_senal,target,Antecedente renales_falla renal,0.00039335809430807167,0.013457218068116485,0.0043125160864505956,0.4023
target_e_alta_senal,target,Alérgeno_med_neuro_psiquiatria,0.005171493266131977,0.002211993372960941,0.004283643298180666,0.4023
target_e_alta_senal,target,Procedimiento propuesto Code_T,0.002383964700400698,0.008637340421152785,0.004259977416626324,0.4023
target_e_alta_senal,target,Antecedentes quirúrgicos Code_T,0.0050963885227433,0.0018430657538128455,0.004120391692064164,0.4023
target_e_alta_senal,target,predicted_label_proc_ant_encoded,0.005749148655479042,0.00021035777040971965,0.004087511389958245,0.4023
target_e_alta_senal,target,Procedimiento propuesto Code_Q,0.0,0.013494118361573808,0.004048235508472143,0.4023
target_e_alta_senal,target,Alérgeno_med_gastrointestinal,0.005744399244344445,6.553000110386848e-05,0.004040738471372271,0.4023
target_e_alta_senal,target,Condición_farmacodependencia,0.0,0.013207838866201867,0.00396235165986056,0.4023
target_e_alta_senal,target,Antecedentes quirúrgicos Code_L,0.0,0.013148031575361643,0.0039444094726084926,0.4023
target_e_alta_senal,target,Antecedentes cardiovasculares_valvulopatia,0.0,0.013005776112388257,0.0039017328337164767,0.4023
target_e_alta_senal,target,Dx Preoperatorio Code_NO ENCONTRADO,0.0,0.012967262291015918,0.0038901786873047754,0.4023
target_e_alta_senal,target,Condición_vih,0.0017909810199465692,0.00824842654989107,0.003728214678929919,0.4023
target_e_alta_senal,target,Alérgeno_med_cardio_renal_hemostasia,0.0042207476325797355,0.0024481776700897347,0.003688976643832735,0.4023
target_e_alta_senal,target,score_proc_ant_critical,0.00433118666584531,0.0020568080546331156,0.0036488730824816517,0.4023
target_e_alta_senal,target,Apertura Visual_encoded,0.0034495837906221016,0.004041239702804168,0.0036270805642767212,0.4023
target_e_alta_senal,target,Dx Preoperatorio Code_P,0.0,0.011688494561217361,0.0035065483683652085,0.4023
target_e_alta_senal,target,Antecedente gastrointestinales_negativo,0.001195112926191344,0.008653870219718241,0.003432740114249413,0.4023
target_e_alta_senal,target,Abdomen_otro,0.0,0.011312176221521029,0.0033936528664563087,0.4023
target_e_alta_senal,target,Procedimiento propuesto Code_H,0.0,0.011272901409998076,0.0033818704229994227,0.4023
target_e_alta_senal,target,Dx Preoperatorio Code_B,0.0002306440751738137,0.01059246211893343,0.0033391894883016983,0.4023
target_e_alta_senal,target,Antecedentes quirúrgicos Code_G,0.0034374084552100115,0.003007177847322381,0.003308339272843722,0.4023
target_e_alta_senal,target,Procedimiento propuesto Code_NO ENCONTRADO,0.003917427836346077,0.0016624838717034848,0.003240944646953299,0.4023
target_e_alta_senal,target,Antecedentes quirúrgicos Code_A,0.0037148772122801432,0.0017586733839628612,0.003128016063784958,0.4023
target_e_alta_senal,target,Sistema Respiratorio_disnea,0.0008265683555139791,0.008339797664202774,0.0030805371481206177,0.4023
target_e_alta_senal,target,dia_semana,0.0,0.010182795055046703,0.0030548385165140106,0.4023
target_e_alta_senal,target,Antecedente endocrinológicos_tiroides,0.0,0.010159051947785235,0.0030477155843355703,0.4023
target_e_alta_senal,target,Prótesis Dental_fija,0.0024601570891176205,0.004414157106801892,0.003046357094422902,0.4023
target_e_alta_senal,target,Sistema Respiratorio_otro,0.0029860668754786435,0.003185539092929587,0.0030459085407139263,0.4023
target_e_alta_senal,target,Procedimiento propuesto Code_V,0.0002999354742083682,0.009441752956916455,0.003042480719020794,0.4023
target_e_alta_senal,target,Anestesia previa_neuroaxial,0.001123669812238992,0.007445526251406039,0.0030202267439891064,0.4023
target_e_alta_senal,target,score_proc_ant_high_severity,0.0020826470911865513,0.004886080907321297,0.002923677236026975,0.4023
target_e_alta_senal,target,Anestesia previa_bloqueo,0.002867017813588335,0.00297030660568224,0.002898004451216506,0.4023
target_e_alta_senal,target,Cuello Móvil_encoded,0.0,0.009634926980983803,0.002890478094295141,0.4023
target_e_alta_senal,target,Apertura Oral_encoded,0.0,0.009472382971445632,0.0028417148914336894,0.4023
target_e_alta_senal,target,score_proc_ant_low_severity,0.0,0.009424856660463766,0.00282745699813913,0.4023
target_e_alta_senal,target,Condición_testigo jehova,0.0,0.00939961250242195,0.0028198837507265847,0.4023
target_e_alta_senal,target,Dx Preoperatorio Code_V,0.0,0.009274785944443722,0.0027824357833331165,0.4023
target_e_alta_senal,target,Color de Piel_cianosis,0.0,0.0092747859444437,0.0027824357833331095,0.4023
target_e_alta_senal,target,Grupo Sanguíneo_AB,0.0,0.009240158406494794,0.002772047521948438,0.4023
target_e_alta_senal,target,Antecedentes quirúrgicos Code_M,0.0,0.009232670240313334,0.002769801072094,0.4023
target_e_alta_senal,target,Antecedentes cardiovasculares_arritmias,0.0,0.00891295121884449,0.002673885365653347,0.4023
target_e_alta_senal,target,Dx Preoperatorio Code_L,0.0,0.008725619233634454,0.0026176857700903364,0.4023
target_e_alta_senal,target,Alérgeno_ambiental_animales,0.0,0.008670264663111655,0.002601079398933496,0.4023
target_e_alta_senal,target,Antecedentes quirúrgicos Code_nan,0.0,0.008468940029921414,0.002540682008976424,0.4023
target_e_alta_senal,target,Sistema Nervioso_par craneal anormal,0.0,0.008402127291626373,0.002520638187487912,0.4023
target_e_alta_senal,target,Antecedente respiratorios_neumonia,0.0029377528958853816,0.0015448689461304468,0.002519887710958901,0.4023
target_e_alta_senal,target,Disnea_encoded,0.0,0.008339797664202774,0.002501939299260832,0.4023
target_e_alta_senal,target,Antecedentes anestésicos,0.0,0.00821366232028861,0.002464098696086583,0.4023
target_e_alta_senal,target,Anestesia previa_topica,0.0,0.007970974603259412,0.0023912923809778232,0.4023
target_e_alta_senal,target,Examen_P de O,0.0,0.007970974603259403,0.0023912923809778206,0.4023
target_e_alta_senal,target,Antecedentes quirúrgicos Code_NO ENCONTRADO,0.002996449483633201,0.0009575387947696866,0.0023847762769741467,0.4023
target_e_alta_senal,target,Antecedentes quirúrgicos Code_K,0.0,0.007825156414586566,0.0023475469243759697,0.4023
target_e_alta_senal,target,Atención_encoded,0.0009910996077502343,0.005475634953401518,0.0023364602114456195,0.4023
target_e_alta_senal,target,Antecedentes cardiovasculares_icc,0.0,0.0077707223461498266,0.0023312167038449477,0.4023
target_e_alta_senal,target,Dx Preoperatorio Code_T,0.0010799989762035889,0.005174078381516279,0.002308222797797396,0.4023
target_e_alta_senal,target,Anestesia previa_local,0.0,0.007654316825135459,0.0022962950475406375,0.4023
target_e_alta_senal,target,Condición_fumador,0.0001266971250717397,0.007231231422248025,0.0022580574142246255,0.4023
target_e_alta_senal,target,Alérgeno_otro,0.0,0.00741330437355253,0.002223991312065759,0.4023
target_e_alta_senal,target,Antecedentes cardiovasculares_angina,0.0,0.0073476916766879894,0.002204307503006397,0.4023
target_e_alta_senal,target,Frecuencia Respiratoria,0.000423282470023878,0.006343038913930904,0.0021992094031959854,0.4023
target_e_alta_senal,target,Color de Piel_palidez,0.0012485535169786122,0.004378325643841611,0.0021874851550375118,0.4023
target_e_alta_senal,target,Procedimiento propuesto Code_E,0.0,0.007077621822213799,0.0021232865466641396,0.4023
target_e_alta_senal,target,Antecedentes quirúrgicos Code_V,0.0,0.007076639948718516,0.0021229919846155547,0.4023
target_e_alta_senal,target,Dx Preoperatorio Code_Y,0.0015471128363349074,0.003270954180998386,0.0020642652397339506,0.4023
target_e_alta_senal,target,Alérgeno_suplementos,0.0019753155174229153,0.0020761579473782023,0.0020055682464095014,0.4023
target_e_alta_senal,target,Alérgeno_contacto_hospitalario,0.0,0.006633848692488688,0.0019901546077466066,0.4023
target_e_alta_senal,target,Procedimiento propuesto Code_K,0.0010665337286299703,0.004113068205211383,0.001980494071604394,0.4023
target_e_alta_senal,target,Hora_decimal,0.0,0.006455442413114249,0.0019366327239342747,0.4023
target_e_alta_senal,target,Condición_alcohol,0.0,0.0063527950923916955,0.0019058385277175086,0.4023
target_e_alta_senal,target,Antecedentes quirúrgicos Code_Q,0.0,0.006334039029101272,0.0019002117087303816,0.4023
target_e_alta_senal,target,Antecedentes quirúrgicos Code_J,0.0,0.006265854713665995,0.0018797564140997983,0.4023
target_e_alta_senal,target,Dx Preoperatorio Code_W,0.0,0.006133284486155001,0.0018399853458465002,0.4023
target_e_alta_senal,target,Antecedente respiratorios_negativoneumonia,0.0,0.006107130194947334,0.0018321390584842001,0.4023
target_e_alta_senal,target,Sistema Nervioso_sedado,0.0,0.006107130194947292,0.0018321390584841875,0.4023
target_e_alta_senal,target,Alérgeno_med_urologico,0.0,0.0061071301949472915,0.0018321390584841873,0.4023
target_e_alta_senal,target,Respuesta Verbal_encoded,0.0,0.006028813870650049,0.0018086441611950145,0.4023
target_e_alta_senal,target,Angina_encoded,0.0016856771492812506,0.001843065753812878,0.0017328937306407388,0.4023
target_e_alta_senal,target,Dx Preoperatorio Code_X,0.0,0.00536454174600934,0.001609362523802802,0.4023
target_e_alta_senal,target,Condición_hipertermia maligna,0.0005451076899813945,0.004061585839669429,0.0016000511348878048,0.4023
target_e_alta_senal,target,Antecedente respiratorios_asma,0.0,0.0052338073891030675,0.0015701422167309202,0.4023
target_e_alta_senal,target,Alérgeno_med_analgesia_no_opioide,0.0,0.004752697325717443,0.0014258091977152327,0.4023
target_e_alta_senal,target,Examen_Leucocitos (ml),4.6838428109818864e-05,0.004594382250857667,0.0014111015749341735,0.4023
target_e_alta_senal,target,Antecedente hematológicos _discrasias,0.0018140635379031433,6.783738518848877e-05,0.0012901956920887468,0.4023
target_e_alta_senal,target,Alérgeno_med_alergias_respiratorio,0.0,0.004192035415492282,0.0012576106246476846,0.4023
target_e_alta_senal,target,Dx Preoperatorio Code_nan,0.0,0.004184831128741189,0.0012554493386223566,0.4023
target_e_alta_senal,target,Sistema Nervioso_agitado,0.0,0.004113068205211423,0.0012339204615634267,0.4023
target_e_alta_senal,target,Antecedentes quirúrgicos Code_S,0.0,0.003994868247306017,0.0011984604741918051,0.4023
target_e_alta_senal,target,Alérgeno_med_anestesia_y_relajantes,0.0,0.0038257127057000073,0.0011477138117100022,0.4023
target_e_alta_senal,target,Antecedente neurológicos_tce,0.0,0.0038133886165468045,0.0011440165849640413,0.4023
target_e_alta_senal,target,Anestesia previa_epidural,0.0,0.003551370888624553,0.001065411266587366,0.4023
target_e_alta_senal,target,Antecedente hematológicos _anemia,0.0,0.003523368159585331,0.0010570104478755992,0.4023
target_e_alta_senal,target,Anestesia previa_peridural,0.0,0.003171691713309587,0.0009515075139928761,0.4023
target_e_alta_senal,target,Respuesta Motora_encoded,0.0,0.003139516160188212,0.0009418548480564635,0.4023
target_e_alta_senal,target,Sexo_encoded,0.0,0.003127571539867228,0.0009382714619601684,0.4023
target_e_alta_senal,target,Antecedente respiratorios_negativo,0.00045721499290496403,0.0020372186065769093,0.0009312160770065476,0.4023
target_e_alta_senal,target,Antecedentes quirúrgicos Code_H,0.0006707110718950915,0.0009406914932450178,0.0007517051983000694,0.4023
target_e_alta_senal,target,Alérgeno_onco_inmuno_vacunas,6.612130122607418e-05,0.0022525701209061342,0.0007220559471300922,0.4023
target_e_alta_senal,target,Antecedentes quirúrgicos Code_B,0.0,0.0023123696265495795,0.0006937108879648738,0.4023
target_e_alta_senal,target,Dx Preoperatorio Code_N,0.0,0.002284791212917773,0.0006854373638753318,0.4023
target_e_alta_senal,target,Antecedentes cardiovasculares_cardiopatias,0.0,0.002207181353741836,0.0006621544061225508,0.4023
target_e_alta_senal,target,Anestesia previa_bag,0.0,0.0019482234968770428,0.0005844670490631128,0.4023
target_e_alta_senal,target,Antecedente hematológicos _plavix,0.0,0.0014152628183407639,0.00042457884550222916,0.4023
target_e_alta_senal,target,Antecedente gastrointestinales_falla hepatica,0.0,0.0013035902188465595,0.0003910770656539678,0.4023
target_e_alta_senal,target,Procedimiento propuesto Code_J,0.0,0.0011688641560080512,0.0003506592468024154,0.4023
target_e_alta_senal,target,Alérgeno_med_antiinfecciosos,0.0,0.0007570274934530725,0.00022710824803592175,0.4023
target_e_alta_senal,target,Anestesia previa_general,0.0,0.000646891625552071,0.0001940674876656213,0.4023
target_e_alta_senal,target,Antecedentes quirúrgicos Code_P,0.0,0.0004265351495783568,0.00012796054487350703,0.4023
target_e_alta_senal,target,Antecedentes quirúrgicos Code_C,0.0,0.0004175776983393822,0.00012527330950181466,0.4023
target_e_alta_senal,target,Tipo de anestesia propuesta_bloqueo iv,0.0,6.783738518849249e-05,2.035121555654775e-05,0.4023
